# https://github.com/mikedh/trimesh
mtllib material.mtl

o eSeries_UR10e_042-mesh
usemtl material_0
v -0.01927919 0.10849639 0.01512801
v -0.02029745 0.10849639 0.01776610
v -0.01797591 0.10849639 0.01973360
v -0.01550118 0.10849639 0.01570594
v -0.01739259 0.10849639 0.01461287
v -0.01542225 0.10849639 0.01852993
v 0.01737898 0.10849640 0.01973360
v 0.01607569 0.10849640 0.01512801
v 0.01505743 0.10849640 0.01776610
v 0.01796229 0.10849640 0.01461287
v 0.01985370 0.10849640 0.01570593
v 0.01993263 0.10849640 0.01852993
v -0.01992622 0.10849639 -0.01673028
v -0.01729789 0.10849639 -0.01566631
v -0.01521572 0.10849639 -0.01723744
v -0.01952724 0.10849639 -0.02016927
v -0.01607133 0.10849639 -0.02037358
v 0.01542866 0.10849640 -0.01673028
v 0.01805699 0.10849640 -0.01566631
v 0.02013916 0.10849640 -0.01723744
v 0.01582764 0.10849640 -0.02016927
v 0.01928355 0.10849640 -0.02037358
v -0.01797591 0.10849639 0.01973360
v -0.01765156 0.11595509 0.01978543
v -0.01542225 0.10849639 0.01852993
v -0.01542225 0.10849639 0.01852993
v -0.01765156 0.11595509 0.01978543
v -0.01507783 0.11594509 0.01781128
v -0.01542225 0.10849639 0.01852993
v -0.01507783 0.11594509 0.01781128
v -0.01550118 0.10849639 0.01570594
v -0.01550118 0.10849639 0.01570594
v -0.01507783 0.11594509 0.01781128
v -0.01589291 0.11596809 0.01532749
v -0.01550118 0.10849639 0.01570594
v -0.01589291 0.11596809 0.01532749
v -0.01739259 0.10849639 0.01461287
v -0.01739259 0.10849639 0.01461287
v -0.01589291 0.11596809 0.01532749
v -0.01816188 0.11595508 0.01454483
v -0.01739259 0.10849639 0.01461287
v -0.01816188 0.11595508 0.01454483
v -0.01927919 0.10849639 0.01512801
v -0.01927919 0.10849639 0.01512801
v -0.01816188 0.11595508 0.01454483
v -0.01999384 0.11596808 0.01608684
v -0.01927919 0.10849639 0.01512801
v -0.01999384 0.11596808 0.01608684
v -0.02029745 0.10849639 0.01776610
v -0.02029745 0.10849639 0.01776610
v -0.01999384 0.11596808 0.01608684
v -0.02002824 0.11596158 0.01826622
v -0.02029745 0.10849639 0.01776610
v -0.02002824 0.11596158 0.01826622
v -0.01797591 0.10849639 0.01973360
v -0.01797591 0.10849639 0.01973360
v -0.02002824 0.11596158 0.01826622
v -0.01765156 0.11595509 0.01978543
v 0.01737898 0.10849640 0.01973360
v 0.01770332 0.11595510 0.01978543
v 0.01993263 0.10849640 0.01852993
v 0.01993263 0.10849640 0.01852993
v 0.01770332 0.11595510 0.01978543
v 0.02027705 0.11594510 0.01781128
v 0.01993263 0.10849640 0.01852993
v 0.02027705 0.11594510 0.01781128
v 0.01985370 0.10849640 0.01570593
v 0.01985370 0.10849640 0.01570593
v 0.02027705 0.11594510 0.01781128
v 0.01946197 0.11596810 0.01532749
v 0.01985370 0.10849640 0.01570593
v 0.01946197 0.11596810 0.01532749
v 0.01796229 0.10849640 0.01461287
v 0.01796229 0.10849640 0.01461287
v 0.01946197 0.11596810 0.01532749
v 0.01719300 0.11595510 0.01454483
v 0.01796229 0.10849640 0.01461287
v 0.01719300 0.11595510 0.01454483
v 0.01607569 0.10849640 0.01512801
v 0.01607569 0.10849640 0.01512801
v 0.01719300 0.11595510 0.01454483
v 0.01536105 0.11596810 0.01608684
v 0.01607569 0.10849640 0.01512801
v 0.01536105 0.11596810 0.01608684
v 0.01505743 0.10849640 0.01776610
v 0.01505743 0.10849640 0.01776610
v 0.01536105 0.11596810 0.01608684
v 0.01532665 0.11596160 0.01826622
v 0.01505743 0.10849640 0.01776610
v 0.01532665 0.11596160 0.01826622
v 0.01737898 0.10849640 0.01973360
v 0.01737898 0.10849640 0.01973360
v 0.01532665 0.11596160 0.01826622
v 0.01770332 0.11595510 0.01978543
v -0.01729789 0.10849639 -0.01566631
v -0.01810116 0.11596569 -0.01567436
v -0.01563650 0.11595508 -0.01653330
v -0.01729789 0.10849639 -0.01566631
v -0.01563650 0.11595508 -0.01653330
v -0.01521572 0.10849639 -0.01723744
v -0.01521572 0.10849639 -0.01723744
v -0.01563650 0.11595508 -0.01653330
v -0.01532683 0.11596158 -0.01933541
v -0.01521572 0.10849639 -0.01723744
v -0.01532683 0.11596158 -0.01933541
v -0.01607133 0.10849639 -0.02037358
v -0.01607133 0.10849639 -0.02037358
v -0.01532683 0.11596158 -0.01933541
v -0.01770350 0.11595508 -0.02085468
v -0.01607133 0.10849639 -0.02037358
v -0.01770350 0.11595508 -0.02085468
v -0.01952724 0.10849639 -0.02016927
v -0.01952724 0.10849639 -0.02016927
v -0.01770350 0.11595508 -0.02085468
v -0.01977525 0.11596808 -0.01965423
v -0.01952724 0.10849639 -0.02016927
v -0.01977525 0.11596808 -0.01965423
v -0.02015187 0.11595508 -0.01728379
v -0.01952724 0.10849639 -0.02016927
v -0.02015187 0.11595508 -0.01728379
v -0.01992622 0.10849639 -0.01673028
v -0.01992622 0.10849639 -0.01673028
v -0.02015187 0.11595508 -0.01728379
v -0.01810116 0.11596569 -0.01567436
v -0.01992622 0.10849639 -0.01673028
v -0.01810116 0.11596569 -0.01567436
v -0.01729789 0.10849639 -0.01566631
v 0.01805699 0.10849640 -0.01566631
v 0.01814707 0.11596570 -0.01568249
v 0.02013916 0.10849640 -0.01723744
v 0.02013916 0.10849640 -0.01723744
v 0.01814707 0.11596570 -0.01568249
v 0.02016945 0.11595510 -0.01733265
v 0.02013916 0.10849640 -0.01723744
v 0.02016945 0.11595510 -0.01733265
v 0.01928355 0.10849640 -0.02037358
v 0.01928355 0.10849640 -0.02037358
v 0.02016945 0.11595510 -0.01733265
v 0.01935601 0.11595510 -0.02025311
v 0.01928355 0.10849640 -0.02037358
v 0.01935601 0.11595510 -0.02025311
v 0.01699752 0.11596809 -0.02066528
v 0.01928355 0.10849640 -0.02037358
v 0.01699752 0.11596809 -0.02066528
v 0.01582764 0.10849640 -0.02016927
v 0.01582764 0.10849640 -0.02016927
v 0.01699752 0.11596809 -0.02066528
v 0.01530570 0.11596159 -0.01929051
v 0.01582764 0.10849640 -0.02016927
v 0.01530570 0.11596159 -0.01929051
v 0.01542866 0.10849640 -0.01673028
v 0.01542866 0.10849640 -0.01673028
v 0.01530570 0.11596159 -0.01929051
v 0.01566969 0.11595509 -0.01649353
v 0.01542866 0.10849640 -0.01673028
v 0.01566969 0.11595509 -0.01649353
v 0.01805699 0.10849640 -0.01566631
v 0.01805699 0.10849640 -0.01566631
v 0.01566969 0.11595509 -0.01649353
v 0.01814707 0.11596570 -0.01568249
v -0.01507783 0.11594509 0.01781128
v -0.01562776 0.11648078 0.01455370
v -0.01589291 0.11596809 0.01532749
v -0.01589291 0.11596809 0.01532749
v -0.01562776 0.11648078 0.01455370
v -0.01816188 0.11595508 0.01454483
v -0.01816188 0.11595508 0.01454483
v -0.01562776 0.11648078 0.01455370
v -0.01904877 0.11649558 0.01438521
v -0.01816188 0.11595508 0.01454483
v -0.01904877 0.11649558 0.01438521
v -0.01999384 0.11596808 0.01608684
v -0.01999384 0.11596808 0.01608684
v -0.01904877 0.11649558 0.01438521
v -0.02084081 0.11649048 0.01667552
v -0.01999384 0.11596808 0.01608684
v -0.02084081 0.11649048 0.01667552
v -0.02002824 0.11596158 0.01826622
v -0.02002824 0.11596158 0.01826622
v -0.02084081 0.11649048 0.01667552
v -0.01961456 0.11649468 0.01957940
v -0.02002824 0.11596158 0.01826622
v -0.01961456 0.11649468 0.01957940
v -0.01765156 0.11595509 0.01978543
v -0.01765156 0.11595509 0.01978543
v -0.01961456 0.11649468 0.01957940
v -0.01705576 0.11649468 0.02019273
v -0.01765156 0.11595509 0.01978543
v -0.01705576 0.11649468 0.02019273
v -0.01507783 0.11594509 0.01781128
v -0.01507783 0.11594509 0.01781128
v -0.01705576 0.11649468 0.02019273
v -0.01478535 0.11649308 0.01839648
v -0.01507783 0.11594509 0.01781128
v -0.01478535 0.11649308 0.01839648
v -0.01562776 0.11648078 0.01455370
v 0.02027705 0.11594510 0.01781128
v 0.01972713 0.11648079 0.01455370
v 0.01946197 0.11596810 0.01532749
v 0.01946197 0.11596810 0.01532749
v 0.01972713 0.11648079 0.01455370
v 0.01719300 0.11595510 0.01454483
v 0.01719300 0.11595510 0.01454483
v 0.01972713 0.11648079 0.01455370
v 0.01630612 0.11649559 0.01438521
v 0.01719300 0.11595510 0.01454483
v 0.01630612 0.11649559 0.01438521
v 0.01536105 0.11596810 0.01608684
v 0.01536105 0.11596810 0.01608684
v 0.01630612 0.11649559 0.01438521
v 0.01451407 0.11649049 0.01667552
v 0.01536105 0.11596810 0.01608684
v 0.01451407 0.11649049 0.01667552
v 0.01532665 0.11596160 0.01826622
v 0.01532665 0.11596160 0.01826622
v 0.01451407 0.11649049 0.01667552
v 0.01574033 0.11649469 0.01957940
v 0.01532665 0.11596160 0.01826622
v 0.01574033 0.11649469 0.01957940
v 0.01770332 0.11595510 0.01978543
v 0.01770332 0.11595510 0.01978543
v 0.01574033 0.11649469 0.01957940
v 0.01829912 0.11649469 0.02019273
v 0.01770332 0.11595510 0.01978543
v 0.01829912 0.11649469 0.02019273
v 0.02027705 0.11594510 0.01781128
v 0.02027705 0.11594510 0.01781128
v 0.01829912 0.11649469 0.02019273
v 0.02056953 0.11649309 0.01839647
v 0.02027705 0.11594510 0.01781128
v 0.02056953 0.11649309 0.01839647
v 0.01972713 0.11648079 0.01455370
v -0.01532683 0.11596158 -0.01933541
v -0.01461717 0.11649558 -0.01855710
v -0.01615657 0.11649048 -0.02102472
v -0.01532683 0.11596158 -0.01933541
v -0.01615657 0.11649048 -0.02102472
v -0.01770350 0.11595508 -0.02085468
v -0.01770350 0.11595508 -0.02085468
v -0.01615657 0.11649048 -0.02102472
v -0.01955550 0.11649308 -0.02074373
v -0.01770350 0.11595508 -0.02085468
v -0.01955550 0.11649308 -0.02074373
v -0.01977525 0.11596808 -0.01965423
v -0.01977525 0.11596808 -0.01965423
v -0.01955550 0.11649308 -0.02074373
v -0.02080905 0.11649308 -0.01785155
v -0.01977525 0.11596808 -0.01965423
v -0.02080905 0.11649308 -0.01785155
v -0.02015187 0.11595508 -0.01728379
v -0.02015187 0.11595508 -0.01728379
v -0.02080905 0.11649308 -0.01785155
v -0.01916193 0.11649468 -0.01547610
v -0.02015187 0.11595508 -0.01728379
v -0.01916193 0.11649468 -0.01547610
v -0.01810116 0.11596569 -0.01567436
v -0.01810116 0.11596569 -0.01567436
v -0.01916193 0.11649468 -0.01547610
v -0.01574015 0.11648658 -0.01560507
v -0.01810116 0.11596569 -0.01567436
v -0.01574015 0.11648658 -0.01560507
v -0.01563650 0.11595508 -0.01653330
v -0.01563650 0.11595508 -0.01653330
v -0.01574015 0.11648658 -0.01560507
v -0.01461717 0.11649558 -0.01855710
v -0.01563650 0.11595508 -0.01653330
v -0.01461717 0.11649558 -0.01855710
v -0.01532683 0.11596158 -0.01933541
v 0.02016945 0.11595510 -0.01733265
v 0.02083721 0.11648659 -0.01746031
v 0.01935601 0.11595510 -0.02025311
v 0.01935601 0.11595510 -0.02025311
v 0.02083721 0.11648659 -0.01746031
v 0.01919831 0.11649049 -0.02102472
v 0.01935601 0.11595510 -0.02025311
v 0.01919831 0.11649049 -0.02102472
v 0.01699752 0.11596809 -0.02066528
v 0.01699752 0.11596809 -0.02066528
v 0.01919831 0.11649049 -0.02102472
v 0.01579938 0.11649309 -0.02074373
v 0.01699752 0.11596809 -0.02066528
v 0.01579938 0.11649309 -0.02074373
v 0.01530570 0.11596159 -0.01929051
v 0.01530570 0.11596159 -0.01929051
v 0.01579938 0.11649309 -0.02074373
v 0.01454583 0.11649309 -0.01785155
v 0.01530570 0.11596159 -0.01929051
v 0.01454583 0.11649309 -0.01785155
v 0.01566969 0.11595509 -0.01649353
v 0.01566969 0.11595509 -0.01649353
v 0.01454583 0.11649309 -0.01785155
v 0.01719666 0.11648079 -0.01494502
v 0.01566969 0.11595509 -0.01649353
v 0.01719666 0.11648079 -0.01494502
v 0.01814707 0.11596570 -0.01568249
v 0.01814707 0.11596570 -0.01568249
v 0.01719666 0.11648079 -0.01494502
v 0.02016945 0.11595510 -0.01733265
v 0.02016945 0.11595510 -0.01733265
v 0.01719666 0.11648079 -0.01494502
v 0.02083721 0.11648659 -0.01746031
v -0.00220100 0.08285176 0.05091048
v -0.00332440 0.08118909 0.05079492
v -0.00018893 0.07904549 0.05107397
v 0.00000804 0.08305213 0.05101306
v -0.00220100 0.08285176 0.05091048
v -0.00018893 0.07904549 0.05107397
v 0.00262570 0.08306480 0.05079890
v 0.00000804 0.08305213 0.05101306
v -0.00018893 0.07904549 0.05107397
v 0.00203993 0.07922538 0.05094876
v 0.00262570 0.08306480 0.05079890
v -0.00018893 0.07904549 0.05107397
v -0.01478535 0.11649308 0.01839648
v -0.01302488 0.11649629 0.01826583
v -0.01562776 0.11648078 0.01455370
v -0.01562776 0.11648078 0.01455370
v -0.01302488 0.11649629 0.01826583
v -0.01355248 0.11649629 0.01461320
v -0.01562776 0.11648078 0.01455370
v -0.01355248 0.11649629 0.01461320
v -0.01655467 0.11649628 0.01249008
v -0.01562776 0.11648078 0.01455370
v -0.01655467 0.11649628 0.01249008
v -0.01904877 0.11649558 0.01438521
v -0.01904877 0.11649558 0.01438521
v -0.01655467 0.11649628 0.01249008
v -0.02020711 0.11649628 0.01301773
v -0.02084081 0.11649048 0.01667552
v -0.02246348 0.11649628 0.01642889
v -0.02104821 0.11649628 0.02070327
v -0.01961456 0.11649468 0.01957940
v -0.01705576 0.11649468 0.02019273
v -0.01714097 0.11649628 0.02189888
v -0.01454777 0.11649629 0.02070951
v 0.02056953 0.11649309 0.01839647
v 0.02232999 0.11649630 0.01826582
v 0.01972713 0.11648079 0.01455370
v 0.01972713 0.11648079 0.01455370
v 0.02232999 0.11649630 0.01826582
v 0.02180240 0.11649630 0.01461320
v 0.01972713 0.11648079 0.01455370
v 0.02180240 0.11649630 0.01461320
v 0.01880020 0.11649630 0.01249009
v 0.01972713 0.11648079 0.01455370
v 0.01880020 0.11649630 0.01249009
v 0.01630612 0.11649559 0.01438521
v 0.01630612 0.11649559 0.01438521
v 0.01880020 0.11649630 0.01249009
v 0.01514778 0.11649629 0.01301772
v 0.01451407 0.11649049 0.01667552
v 0.01289140 0.11649629 0.01642890
v 0.01430669 0.11649629 0.02070327
v 0.01574033 0.11649469 0.01957940
v 0.01829912 0.11649469 0.02019273
v 0.01821391 0.11649630 0.02189888
v 0.02080710 0.11649630 0.02070952
v -0.01615657 0.11649048 -0.02102472
v -0.01614335 0.11649628 -0.02280140
v -0.01955550 0.11649308 -0.02074373
v -0.01939865 0.11649628 -0.02263421
v -0.02166557 0.11649628 -0.02085851
v -0.02080905 0.11649308 -0.01785155
v -0.02237685 0.11649628 -0.01681404
v -0.01916193 0.11649468 -0.01547610
v -0.01921166 0.11649628 -0.01362276
v -0.01574015 0.11648658 -0.01560507
v -0.01574015 0.11648658 -0.01560507
v -0.01921166 0.11649628 -0.01362276
v -0.01554741 0.11649628 -0.01392590
v -0.01574015 0.11648658 -0.01560507
v -0.01554741 0.11649628 -0.01392590
v -0.01290884 0.11649628 -0.01707300
v -0.01290884 0.11649628 -0.01707300
v -0.01461717 0.11649558 -0.01855710
v -0.01362136 0.11649628 -0.02067462
v 0.02083721 0.11648659 -0.01746031
v 0.02173353 0.11649630 -0.02067462
v 0.01919831 0.11649049 -0.02102472
v 0.01921153 0.11649629 -0.02280140
v 0.01579938 0.11649309 -0.02074373
v 0.01514778 0.11649629 -0.02233722
v 0.01302468 0.11649629 -0.01933500
v 0.01454583 0.11649309 -0.01785155
v 0.01373946 0.11649629 -0.01529132
v 0.01719666 0.11648079 -0.01494502
v 0.01719666 0.11648079 -0.01494502
v 0.01373946 0.11649629 -0.01529132
v 0.01695630 0.11649629 -0.01352199
v 0.01719666 0.11648079 -0.01494502
v 0.01695630 0.11649629 -0.01352199
v 0.01980747 0.11649630 -0.01392590
v 0.01980747 0.11649630 -0.01392590
v 0.02083721 0.11648659 -0.01746031
v 0.01980747 0.11649630 -0.01392590
v 0.02244604 0.11649630 -0.01707299
v 0.02173353 0.11649630 -0.02067462
v -0.00039457 0.08572644 0.04926352
v 0.00080273 0.08595035 0.04800085
v -0.00000008 0.08594669 0.04799656
v -0.00039457 0.08572644 0.04926352
v -0.00000008 0.08594669 0.04799656
v -0.00057968 0.08592667 0.04799721
v -0.00039457 0.08572644 0.04926352
v -0.00057968 0.08592667 0.04799721
v -0.00247492 0.08524059 0.04886106
v 0.00144000 0.07645582 0.04916261
v -0.00036584 0.07604540 0.04800675
v 0.00057915 0.07616681 0.04799721
v 0.00485404 0.07982924 0.04699702
v 0.00476765 0.08227018 0.04878144
v 0.00401915 0.07934014 0.04990980
v 0.00485404 0.07982924 0.04699702
v 0.00401915 0.07934014 0.04990980
v 0.00372079 0.07788560 0.04879378
v -0.00172852 0.07639473 0.04799277
v -0.00036584 0.07604540 0.04800675
v -0.00181220 0.07705392 0.04984698
v -0.00172852 0.07639473 0.04799277
v -0.00181220 0.07705392 0.04984698
v -0.00370042 0.07788123 0.04886106
v -0.00036584 0.07604540 0.04800675
v 0.00144000 0.07645582 0.04916261
v -0.00181220 0.07705392 0.04984698
v 0.00080273 0.08595035 0.04800085
v -0.00039457 0.08572644 0.04926352
v 0.00192156 0.08535253 0.04941151
v 0.00476765 0.08227018 0.04878144
v 0.00369117 0.08146692 0.05049431
v 0.00401915 0.07934014 0.04990980
v 0.00372079 0.07788560 0.04879378
v 0.00401915 0.07934014 0.04990980
v 0.00133600 0.07758318 0.05053878
v 0.00372079 0.07788560 0.04879378
v 0.00133600 0.07758318 0.05053878
v 0.00144000 0.07645582 0.04916261
v -0.00370042 0.07788123 0.04886106
v -0.00181220 0.07705392 0.04984698
v -0.00261096 0.07856115 0.05061667
v -0.00370042 0.07788123 0.04886106
v -0.00261096 0.07856115 0.05061667
v -0.00461028 0.07974204 0.04910155
v -0.00482844 0.08174755 0.04879258
v -0.00461028 0.07974204 0.04910155
v -0.00332440 0.08118909 0.05079492
v -0.00482844 0.08174755 0.04879258
v -0.00332440 0.08118909 0.05079492
v -0.00397061 0.08359965 0.04936647
v -0.00247492 0.08524059 0.04886106
v -0.00397061 0.08359965 0.04936647
v -0.00198807 0.08446170 0.05025526
v -0.00247492 0.08524059 0.04886106
v -0.00198807 0.08446170 0.05025526
v -0.00039457 0.08572644 0.04926352
v 0.00364829 0.08425289 0.04887596
v 0.00192156 0.08535253 0.04941151
v 0.00262570 0.08306480 0.05079890
v 0.00364829 0.08425289 0.04887596
v 0.00262570 0.08306480 0.05079890
v 0.00476765 0.08227018 0.04878144
v 0.00476765 0.08227018 0.04878144
v 0.00262570 0.08306480 0.05079890
v 0.00369117 0.08146692 0.05049431
v 0.00144000 0.07645582 0.04916261
v 0.00133600 0.07758318 0.05053878
v -0.00181220 0.07705392 0.04984698
v -0.00461028 0.07974204 0.04910155
v -0.00261096 0.07856115 0.05061667
v -0.00332440 0.08118909 0.05079492
v -0.00039457 0.08572644 0.04926352
v -0.00198807 0.08446170 0.05025526
v -0.00002466 0.08424634 0.05079781
v -0.00039457 0.08572644 0.04926352
v -0.00002466 0.08424634 0.05079781
v 0.00192156 0.08535253 0.04941151
v -0.00181220 0.07705392 0.04984698
v 0.00133600 0.07758318 0.05053878
v -0.00261096 0.07856115 0.05061667
v -0.00397061 0.08359965 0.04936647
v -0.00332440 0.08118909 0.05079492
v -0.00220100 0.08285176 0.05091048
v -0.00397061 0.08359965 0.04936647
v -0.00220100 0.08285176 0.05091048
v -0.00198807 0.08446170 0.05025526
v 0.00192156 0.08535253 0.04941151
v -0.00002466 0.08424634 0.05079781
v 0.00262570 0.08306480 0.05079890
v 0.00401915 0.07934014 0.04990980
v 0.00369117 0.08146692 0.05049431
v 0.00203993 0.07922538 0.05094876
v 0.00401915 0.07934014 0.04990980
v 0.00203993 0.07922538 0.05094876
v 0.00133600 0.07758318 0.05053878
v -0.00198807 0.08446170 0.05025526
v -0.00220100 0.08285176 0.05091048
v -0.00002466 0.08424634 0.05079781
v 0.00133600 0.07758318 0.05053878
v 0.00203993 0.07922538 0.05094876
v -0.00004599 0.07903473 0.05105052
v 0.00133600 0.07758318 0.05053878
v -0.00004599 0.07903473 0.05105052
v -0.00261096 0.07856115 0.05061667
v -0.00261096 0.07856115 0.05061667
v -0.00004599 0.07903473 0.05105052
v -0.00018893 0.07904549 0.05107397
v -0.00261096 0.07856115 0.05061667
v -0.00018893 0.07904549 0.05107397
v -0.00332440 0.08118909 0.05079492
v -0.00002466 0.08424634 0.05079781
v 0.00004582 0.08305878 0.05105052
v 0.00262570 0.08306480 0.05079890
v 0.00369117 0.08146692 0.05049431
v 0.00262570 0.08306480 0.05079890
v 0.00203993 0.07922538 0.05094876
v 0.00000804 0.08305213 0.05101306
v 0.00262570 0.08306480 0.05079890
v 0.00004582 0.08305878 0.05105052
v -0.00220100 0.08285176 0.05091048
v 0.00004582 0.08305878 0.05105052
v -0.00002466 0.08424634 0.05079781
v -0.02229278 0.10759640 0.01578190
v -0.02246348 0.11649628 0.01642889
v -0.02020711 0.11649628 0.01301773
v -0.02229278 0.10759640 0.01578190
v -0.02020711 0.11649628 0.01301773
v -0.02066287 0.10759640 0.01342192
v -0.02066287 0.10759640 0.01342192
v -0.02020711 0.11649628 0.01301773
v -0.01840232 0.10759640 0.01242772
v -0.01840232 0.10759640 0.01242772
v -0.02020711 0.11649628 0.01301773
v -0.01655467 0.11649628 0.01249008
v -0.01840232 0.10759640 0.01242772
v -0.01655467 0.11649628 0.01249008
v -0.01513449 0.10759640 0.01299577
v -0.01513449 0.10759640 0.01299577
v -0.01655467 0.11649628 0.01249008
v -0.01355248 0.11649629 0.01461320
v -0.01513449 0.10759640 0.01299577
v -0.01355248 0.11649629 0.01461320
v -0.01300011 0.10759640 0.01601396
v -0.01300011 0.10759640 0.01601396
v -0.01355248 0.11649629 0.01461320
v -0.01302488 0.11649629 0.01826583
v -0.01300011 0.10759640 0.01601396
v -0.01302488 0.11649629 0.01826583
v -0.01353049 0.10759640 0.01968583
v -0.01353049 0.10759640 0.01968583
v -0.01302488 0.11649629 0.01826583
v -0.01454777 0.11649629 0.02070951
v -0.01353049 0.10759640 0.01968583
v -0.01454777 0.11649629 0.02070951
v -0.01574129 0.10759640 0.02147060
v -0.01574129 0.10759640 0.02147060
v -0.01454777 0.11649629 0.02070951
v -0.01714097 0.11649628 0.02189888
v -0.01574129 0.10759640 0.02147060
v -0.01714097 0.11649628 0.02189888
v -0.01821672 0.10759640 0.02192420
v -0.01821672 0.10759640 0.02192420
v -0.01714097 0.11649628 0.02189888
v -0.02104821 0.11649628 0.02070327
v -0.01821672 0.10759640 0.02192420
v -0.02104821 0.11649628 0.02070327
v -0.02082389 0.10759640 0.02072853
v -0.02082389 0.10759640 0.02072853
v -0.02104821 0.11649628 0.02070327
v -0.02219516 0.10759640 0.01867519
v -0.02219516 0.10759640 0.01867519
v -0.02104821 0.11649628 0.02070327
v -0.02246348 0.11649628 0.01642889
v -0.02219516 0.10759640 0.01867519
v -0.02246348 0.11649628 0.01642889
v -0.02229278 0.10759640 0.01578190
v 0.01306211 0.10759641 0.01578190
v 0.01289140 0.11649629 0.01642890
v 0.01514778 0.11649629 0.01301772
v 0.01306211 0.10759641 0.01578190
v 0.01514778 0.11649629 0.01301772
v 0.01437742 0.10759641 0.01373851
v 0.01437742 0.10759641 0.01373851
v 0.01514778 0.11649629 0.01301772
v 0.01654841 0.10759641 0.01246538
v 0.01654841 0.10759641 0.01246538
v 0.01514778 0.11649629 0.01301772
v 0.01880020 0.11649630 0.01249009
v 0.01654841 0.10759641 0.01246538
v 0.01880020 0.11649630 0.01249009
v 0.02022038 0.10759641 0.01299577
v 0.02022038 0.10759641 0.01299577
v 0.01880020 0.11649630 0.01249009
v 0.02180240 0.11649630 0.01461320
v 0.02022038 0.10759641 0.01299577
v 0.02180240 0.11649630 0.01461320
v 0.02235478 0.10759641 0.01601396
v 0.02235478 0.10759641 0.01601396
v 0.02180240 0.11649630 0.01461320
v 0.02232999 0.11649630 0.01826582
v 0.02235478 0.10759641 0.01601396
v 0.02232999 0.11649630 0.01826582
v 0.02182439 0.10759641 0.01968583
v 0.02182439 0.10759641 0.01968583
v 0.02232999 0.11649630 0.01826582
v 0.02080710 0.11649630 0.02070952
v 0.02182439 0.10759641 0.01968583
v 0.02080710 0.11649630 0.02070952
v 0.01961359 0.10759641 0.02147060
v 0.01961359 0.10759641 0.02147060
v 0.02080710 0.11649630 0.02070952
v 0.01821391 0.11649630 0.02189888
v 0.01961359 0.10759641 0.02147060
v 0.01821391 0.11649630 0.02189888
v 0.01713816 0.10759641 0.02192420
v 0.01713816 0.10759641 0.02192420
v 0.01821391 0.11649630 0.02189888
v 0.01430669 0.11649629 0.02070327
v 0.01713816 0.10759641 0.02192420
v 0.01430669 0.11649629 0.02070327
v 0.01453099 0.10759641 0.02072853
v 0.01453099 0.10759641 0.02072853
v 0.01430669 0.11649629 0.02070327
v 0.01315972 0.10759641 0.01867519
v 0.01315972 0.10759641 0.01867519
v 0.01430669 0.11649629 0.02070327
v 0.01289140 0.11649629 0.01642890
v 0.01315972 0.10759641 0.01867519
v 0.01289140 0.11649629 0.01642890
v 0.01306211 0.10759641 0.01578190
v -0.02229277 0.10759640 -0.01957300
v -0.02237685 0.11649628 -0.01681404
v -0.02166557 0.11649628 -0.02085851
v -0.02229277 0.10759640 -0.01957300
v -0.02166557 0.11649628 -0.02085851
v -0.02033829 0.10759640 -0.02222123
v -0.02033829 0.10759640 -0.02222123
v -0.02166557 0.11649628 -0.02085851
v -0.01939865 0.11649628 -0.02263421
v -0.02033829 0.10759640 -0.02222123
v -0.01939865 0.11649628 -0.02263421
v -0.01801736 0.10759640 -0.02294105
v -0.01801736 0.10759640 -0.02294105
v -0.01939865 0.11649628 -0.02263421
v -0.01614335 0.11649628 -0.02280140
v -0.01801736 0.10759640 -0.02294105
v -0.01614335 0.11649628 -0.02280140
v -0.01513438 0.10759640 -0.02235905
v -0.01513438 0.10759640 -0.02235905
v -0.01614335 0.11649628 -0.02280140
v -0.01362136 0.11649628 -0.02067462
v -0.01513438 0.10759640 -0.02235905
v -0.01362136 0.11649628 -0.02067462
v -0.01300012 0.10759640 -0.01934094
v -0.01300012 0.10759640 -0.01934094
v -0.01362136 0.11649628 -0.02067462
v -0.01290884 0.11649628 -0.01707300
v -0.01300012 0.10759640 -0.01934094
v -0.01290884 0.11649628 -0.01707300
v -0.01353055 0.10759640 -0.01566895
v -0.01353055 0.10759640 -0.01566895
v -0.01290884 0.11649628 -0.01707300
v -0.01554741 0.11649628 -0.01392590
v -0.01353055 0.10759640 -0.01566895
v -0.01554741 0.11649628 -0.01392590
v -0.01654864 0.10759640 -0.01353466
v -0.01654864 0.10759640 -0.01353466
v -0.01554741 0.11649628 -0.01392590
v -0.01921166 0.11649628 -0.01362276
v -0.01654864 0.10759640 -0.01353466
v -0.01921166 0.11649628 -0.01362276
v -0.01981931 0.10759640 -0.01390330
v -0.01981931 0.10759640 -0.01390330
v -0.01921166 0.11649628 -0.01362276
v -0.02237685 0.11649628 -0.01681404
v -0.01981931 0.10759640 -0.01390330
v -0.02237685 0.11649628 -0.01681404
v -0.02208785 0.10759640 -0.01628807
v -0.02208785 0.10759640 -0.01628807
v -0.02237685 0.11649628 -0.01681404
v -0.02229277 0.10759640 -0.01957300
v 0.01695630 0.11649629 -0.01352199
v 0.01880624 0.10759641 -0.01353466
v 0.01980747 0.11649630 -0.01392590
v 0.01980747 0.11649630 -0.01392590
v 0.01880624 0.10759641 -0.01353466
v 0.02182433 0.10759641 -0.01566895
v 0.01980747 0.11649630 -0.01392590
v 0.02182433 0.10759641 -0.01566895
v 0.02244604 0.11649630 -0.01707299
v 0.02244604 0.11649630 -0.01707299
v 0.02182433 0.10759641 -0.01566895
v 0.02235476 0.10759641 -0.01934094
v 0.02244604 0.11649630 -0.01707299
v 0.02235476 0.10759641 -0.01934094
v 0.02173353 0.11649630 -0.02067462
v 0.02173353 0.11649630 -0.02067462
v 0.02235476 0.10759641 -0.01934094
v 0.02022050 0.10759641 -0.02235905
v 0.02173353 0.11649630 -0.02067462
v 0.02022050 0.10759641 -0.02235905
v 0.01921153 0.11649629 -0.02280140
v 0.01921153 0.11649629 -0.02280140
v 0.02022050 0.10759641 -0.02235905
v 0.01733752 0.10759641 -0.02294105
v 0.01921153 0.11649629 -0.02280140
v 0.01733752 0.10759641 -0.02294105
v 0.01514778 0.11649629 -0.02233722
v 0.01514778 0.11649629 -0.02233722
v 0.01733752 0.10759641 -0.02294105
v 0.01501659 0.10759641 -0.02222123
v 0.01514778 0.11649629 -0.02233722
v 0.01501659 0.10759641 -0.02222123
v 0.01306211 0.10759641 -0.01957299
v 0.01514778 0.11649629 -0.02233722
v 0.01306211 0.10759641 -0.01957299
v 0.01302468 0.11649629 -0.01933500
v 0.01302468 0.11649629 -0.01933500
v 0.01306211 0.10759641 -0.01957299
v 0.01326703 0.10759641 -0.01628808
v 0.01302468 0.11649629 -0.01933500
v 0.01326703 0.10759641 -0.01628808
v 0.01373946 0.11649629 -0.01529132
v 0.01373946 0.11649629 -0.01529132
v 0.01326703 0.10759641 -0.01628808
v 0.01553557 0.10759641 -0.01390330
v 0.01373946 0.11649629 -0.01529132
v 0.01553557 0.10759641 -0.01390330
v 0.01695630 0.11649629 -0.01352199
v 0.01695630 0.11649629 -0.01352199
v 0.01553557 0.10759641 -0.01390330
v 0.01880624 0.10759641 -0.01353466
v -0.00474654 0.07931694 0.04696484
v -0.00482844 0.08174755 0.04879258
v -0.00437617 0.08357085 0.04696484
v -0.00437617 0.08357085 0.04696484
v -0.00482844 0.08174755 0.04879258
v -0.00397061 0.08359965 0.04936647
v -0.00437617 0.08357085 0.04696484
v -0.00397061 0.08359965 0.04936647
v -0.00247492 0.08524059 0.04886106
v -0.00437617 0.08357085 0.04696484
v -0.00247492 0.08524059 0.04886106
v -0.00146727 0.08581348 0.04696484
v -0.00146727 0.08581348 0.04696484
v -0.00247492 0.08524059 0.04886106
v -0.00057968 0.08592667 0.04799721
v -0.00146727 0.08581348 0.04696484
v -0.00057968 0.08592667 0.04799721
v 0.00176685 0.08578455 0.04696484
v 0.00176685 0.08578455 0.04696484
v -0.00057968 0.08592667 0.04799721
v 0.00080273 0.08595035 0.04800085
v 0.00176685 0.08578455 0.04696484
v 0.00080273 0.08595035 0.04800085
v 0.00192156 0.08535253 0.04941151
v 0.00176685 0.08578455 0.04696484
v 0.00192156 0.08535253 0.04941151
v 0.00364829 0.08425289 0.04887596
v 0.00176685 0.08578455 0.04696484
v 0.00364829 0.08425289 0.04887596
v 0.00474637 0.08277660 0.04696484
v 0.00474637 0.08277660 0.04696484
v 0.00364829 0.08425289 0.04887596
v 0.00476765 0.08227018 0.04878144
v 0.00474637 0.08277660 0.04696484
v 0.00476765 0.08227018 0.04878144
v 0.00485404 0.07982924 0.04699702
v 0.00485404 0.07982924 0.04699702
v 0.00372079 0.07788560 0.04879378
v 0.00353559 0.07751567 0.04696484
v 0.00353559 0.07751567 0.04696484
v 0.00372079 0.07788560 0.04879378
v 0.00144000 0.07645582 0.04916261
v 0.00353559 0.07751567 0.04696484
v 0.00144000 0.07645582 0.04916261
v 0.00116322 0.07624994 0.04696484
v 0.00116322 0.07624994 0.04696484
v 0.00144000 0.07645582 0.04916261
v 0.00057915 0.07616681 0.04799721
v 0.00116322 0.07624994 0.04696484
v 0.00057915 0.07616681 0.04799721
v -0.00176718 0.07630906 0.04696484
v -0.00176718 0.07630906 0.04696484
v 0.00057915 0.07616681 0.04799721
v -0.00172852 0.07639473 0.04799277
v -0.00176718 0.07630906 0.04696484
v -0.00172852 0.07639473 0.04799277
v -0.00370042 0.07788123 0.04886106
v -0.00176718 0.07630906 0.04696484
v -0.00370042 0.07788123 0.04886106
v -0.00474654 0.07931694 0.04696484
v -0.00474654 0.07931694 0.04696484
v -0.00370042 0.07788123 0.04886106
v -0.00461028 0.07974204 0.04910155
v -0.00474654 0.07931694 0.04696484
v -0.00461028 0.07974204 0.04910155
v -0.00482844 0.08174755 0.04879258
v 0.00313694 0.11048126 0.02370505
v 0.00087731 0.11049647 0.02154191
v -0.00000009 0.10869379 0.02446501
v -0.00000009 0.11049637 0.02146505
v -0.00171515 0.11051186 0.02165503
v -0.00000009 0.10869379 0.02446501
v 0.00087731 0.11049647 0.02154191
v -0.00000009 0.11049637 0.02146505
v -0.00000009 0.10869379 0.02446501
v -0.00000009 0.10869379 0.02446501
v -0.00171515 0.11051186 0.02165503
v -0.00304825 0.11049416 0.02466680
v -0.00304825 0.11049416 0.02466680
v -0.00153051 0.11050007 0.02731175
v -0.00000009 0.10869379 0.02446501
v -0.00000009 0.11049637 0.02746497
v 0.00148863 0.11050607 0.02731042
v -0.00000009 0.10869379 0.02446501
v -0.00153051 0.11050007 0.02731175
v -0.00000009 0.11049637 0.02746497
v -0.00000009 0.10869379 0.02446501
v 0.00148863 0.11050607 0.02731042
v 0.00313694 0.11048126 0.02370505
v -0.00000009 0.10869379 0.02446501
v 0.01290465 0.11049637 0.00898993
v 0.01572028 0.11049637 0.00108739
v 0.00952473 0.11049637 -0.01343922
v 0.01505874 0.11049637 -0.00564221
v 0.00376349 0.11049637 0.01505665
v -0.00576717 0.11049637 0.01428430
v -0.01336422 0.11049636 0.00833386
v -0.01576330 0.11049636 0.00059780
v -0.01481910 0.11049636 -0.00630110
v -0.00995031 0.11049636 -0.01293820
v -0.00099862 0.11049637 -0.01654262
v 0.00313694 0.11048126 0.02370505
v 0.00315683 0.11660909 0.02494438
v 0.00265944 0.11643959 0.02289701
v 0.00313694 0.11048126 0.02370505
v 0.00265944 0.11643959 0.02289701
v 0.00087731 0.11049647 0.02154191
v 0.00087731 0.11049647 0.02154191
v 0.00265944 0.11643959 0.02289701
v 0.00147523 0.11659839 0.02160865
v 0.00087731 0.11049647 0.02154191
v 0.00147523 0.11659839 0.02160865
v -0.00171515 0.11051186 0.02165503
v -0.00171515 0.11051186 0.02165503
v 0.00147523 0.11659839 0.02160865
v -0.00060806 0.11668869 0.02127170
v -0.00171515 0.11051186 0.02165503
v -0.00060806 0.11668869 0.02127170
v -0.00252100 0.11658139 0.02263306
v -0.00171515 0.11051186 0.02165503
v -0.00252100 0.11658139 0.02263306
v -0.00304825 0.11049416 0.02466680
v -0.00304825 0.11049416 0.02466680
v -0.00252100 0.11658139 0.02263306
v -0.00314809 0.11660488 0.02456155
v -0.00304825 0.11049416 0.02466680
v -0.00314809 0.11660488 0.02456155
v -0.00153051 0.11050007 0.02731175
v -0.00153051 0.11050007 0.02731175
v -0.00314809 0.11660488 0.02456155
v -0.00220702 0.11660179 0.02673801
v -0.00153051 0.11050007 0.02731175
v -0.00220702 0.11660179 0.02673801
v -0.00069656 0.11644699 0.02740220
v -0.00153051 0.11050007 0.02731175
v -0.00069656 0.11644699 0.02740220
v 0.00153488 0.11645299 0.02729511
v -0.00153051 0.11050007 0.02731175
v 0.00153488 0.11645299 0.02729511
v 0.00148863 0.11050607 0.02731042
v 0.00148863 0.11050607 0.02731042
v 0.00153488 0.11645299 0.02729511
v 0.00313694 0.11048126 0.02370505
v 0.00313694 0.11048126 0.02370505
v 0.00153488 0.11645299 0.02729511
v 0.00315683 0.11660909 0.02494438
v -0.01300011 0.10759640 0.01601396
v -0.01290739 0.11647528 0.01575684
v -0.01513449 0.10759640 0.01299577
v -0.01513449 0.10759640 0.01299577
v -0.01290739 0.11647528 0.01575684
v -0.01527199 0.11618559 0.01288730
v -0.01513449 0.10759640 0.01299577
v -0.01527199 0.11618559 0.01288730
v -0.01840232 0.10759640 0.01242772
v -0.01840232 0.10759640 0.01242772
v -0.01527199 0.11618559 0.01288730
v -0.01981102 0.11619008 0.01267634
v -0.01840232 0.10759640 0.01242772
v -0.01981102 0.11619008 0.01267634
v -0.02066287 0.10759640 0.01342192
v -0.02066287 0.10759640 0.01342192
v -0.01981102 0.11619008 0.01267634
v -0.02229278 0.10759640 0.01578190
v -0.02229278 0.10759640 0.01578190
v -0.01981102 0.11619008 0.01267634
v -0.02258121 0.11653148 0.01602921
v -0.02229278 0.10759640 0.01578190
v -0.02258121 0.11653148 0.01602921
v -0.02219516 0.10759640 0.01867519
v -0.02219516 0.10759640 0.01867519
v -0.02258121 0.11653148 0.01602921
v -0.02188887 0.11618498 0.01962486
v -0.02219516 0.10759640 0.01867519
v -0.02188887 0.11618498 0.01962486
v -0.02082389 0.10759640 0.02072853
v -0.02082389 0.10759640 0.02072853
v -0.02188887 0.11618498 0.01962486
v -0.01806666 0.11617408 0.02207766
v -0.02082389 0.10759640 0.02072853
v -0.01806666 0.11617408 0.02207766
v -0.01821672 0.10759640 0.02192420
v -0.01821672 0.10759640 0.02192420
v -0.01806666 0.11617408 0.02207766
v -0.01574129 0.10759640 0.02147060
v -0.01574129 0.10759640 0.02147060
v -0.01806666 0.11617408 0.02207766
v -0.01359403 0.11617529 0.01994068
v -0.01574129 0.10759640 0.02147060
v -0.01359403 0.11617529 0.01994068
v -0.01353049 0.10759640 0.01968583
v -0.01353049 0.10759640 0.01968583
v -0.01359403 0.11617529 0.01994068
v -0.01300011 0.10759640 0.01601396
v -0.01300011 0.10759640 0.01601396
v -0.01359403 0.11617529 0.01994068
v -0.01290739 0.11647528 0.01575684
v 0.02235478 0.10759641 0.01601396
v 0.02233848 0.11619020 0.01585136
v 0.02022038 0.10759641 0.01299577
v 0.02022038 0.10759641 0.01299577
v 0.02233848 0.11619020 0.01585136
v 0.02008773 0.11619530 0.01289009
v 0.02022038 0.10759641 0.01299577
v 0.02008773 0.11619530 0.01289009
v 0.01654841 0.10759641 0.01246538
v 0.01654841 0.10759641 0.01246538
v 0.02008773 0.11619530 0.01289009
v 0.01646912 0.11655019 0.01228125
v 0.01654841 0.10759641 0.01246538
v 0.01646912 0.11655019 0.01228125
v 0.01456686 0.11619269 0.01349204
v 0.01654841 0.10759641 0.01246538
v 0.01456686 0.11619269 0.01349204
v 0.01437742 0.10759641 0.01373851
v 0.01437742 0.10759641 0.01373851
v 0.01456686 0.11619269 0.01349204
v 0.01306211 0.10759641 0.01578190
v 0.01299489 0.11619020 0.01593092
v 0.01306211 0.10759641 0.01578190
v 0.01299489 0.11619020 0.01593092
v 0.01315972 0.10759641 0.01867519
v 0.01315972 0.10759641 0.01867519
v 0.01299489 0.11619020 0.01593092
v 0.01364681 0.11617409 0.02001669
v 0.01315972 0.10759641 0.01867519
v 0.01364681 0.11617409 0.02001669
v 0.01453099 0.10759641 0.02072853
v 0.01453099 0.10759641 0.02072853
v 0.01364681 0.11617409 0.02001669
v 0.01713816 0.10759641 0.02192420
v 0.01713816 0.10759641 0.02192420
v 0.01364681 0.11617409 0.02001669
v 0.01725314 0.11650740 0.02212241
v 0.01713816 0.10759641 0.02192420
v 0.01725314 0.11650740 0.02212241
v 0.01961359 0.10759641 0.02147060
v 0.01961359 0.10759641 0.02147060
v 0.01725314 0.11650740 0.02212241
v 0.02010913 0.11619720 0.02127658
v 0.01961359 0.10759641 0.02147060
v 0.02010913 0.11619720 0.02127658
v 0.02182439 0.10759641 0.01968583
v 0.02182439 0.10759641 0.01968583
v 0.02010913 0.11619720 0.02127658
v 0.02207610 0.11619380 0.01915431
v 0.02182439 0.10759641 0.01968583
v 0.02207610 0.11619380 0.01915431
v 0.02235478 0.10759641 0.01601396
v 0.02235478 0.10759641 0.01601396
v 0.02207610 0.11619380 0.01915431
v 0.02233848 0.11619020 0.01585136
v -0.01300012 0.10759640 -0.01934094
v -0.01269236 0.11651848 -0.01778562
v -0.01420726 0.11617408 -0.02174221
v -0.01300012 0.10759640 -0.01934094
v -0.01420726 0.11617408 -0.02174221
v -0.01513438 0.10759640 -0.02235905
v -0.01513438 0.10759640 -0.02235905
v -0.01420726 0.11617408 -0.02174221
v -0.01736851 0.11653038 -0.02320276
v -0.01513438 0.10759640 -0.02235905
v -0.01736851 0.11653038 -0.02320276
v -0.01801736 0.10759640 -0.02294105
v -0.01801736 0.10759640 -0.02294105
v -0.01736851 0.11653038 -0.02320276
v -0.02033829 0.10759640 -0.02222123
v -0.02033829 0.10759640 -0.02222123
v -0.01736851 0.11653038 -0.02320276
v -0.02088105 0.11616678 -0.02190302
v -0.02033829 0.10759640 -0.02222123
v -0.02088105 0.11616678 -0.02190302
v -0.02229277 0.10759640 -0.01957300
v -0.02229277 0.10759640 -0.01957300
v -0.02088105 0.11616678 -0.02190302
v -0.02249930 0.11619008 -0.01859264
v -0.02229277 0.10759640 -0.01957300
v -0.02249930 0.11619008 -0.01859264
v -0.02208785 0.10759640 -0.01628807
v -0.02208785 0.10759640 -0.01628807
v -0.02249930 0.11619008 -0.01859264
v -0.02136832 0.11616699 -0.01500840
v -0.02208785 0.10759640 -0.01628807
v -0.02136832 0.11616699 -0.01500840
v -0.01981931 0.10759640 -0.01390330
v -0.01981931 0.10759640 -0.01390330
v -0.02136832 0.11616699 -0.01500840
v -0.01805808 0.11619019 -0.01339035
v -0.01981931 0.10759640 -0.01390330
v -0.01805808 0.11619019 -0.01339035
v -0.01654864 0.10759640 -0.01353466
v -0.01654864 0.10759640 -0.01353466
v -0.01805808 0.11619019 -0.01339035
v -0.01450134 0.11618559 -0.01449621
v -0.01654864 0.10759640 -0.01353466
v -0.01450134 0.11618559 -0.01449621
v -0.01353055 0.10759640 -0.01566895
v -0.01353055 0.10759640 -0.01566895
v -0.01450134 0.11618559 -0.01449621
v -0.01269236 0.11651848 -0.01778562
v -0.01353055 0.10759640 -0.01566895
v -0.01269236 0.11651848 -0.01778562
v -0.01300012 0.10759640 -0.01934094
v 0.02235476 0.10759641 -0.01934094
v 0.02265698 0.11650740 -0.01778784
v 0.02136825 0.11616679 -0.02141564
v 0.02235476 0.10759641 -0.01934094
v 0.02136825 0.11616679 -0.02141564
v 0.02022050 0.10759641 -0.02235905
v 0.02022050 0.10759641 -0.02235905
v 0.02136825 0.11616679 -0.02141564
v 0.01805746 0.11619020 -0.02303386
v 0.02022050 0.10759641 -0.02235905
v 0.01805746 0.11619020 -0.02303386
v 0.01733752 0.10759641 -0.02294105
v 0.01733752 0.10759641 -0.02294105
v 0.01805746 0.11619020 -0.02303386
v 0.01501659 0.10759641 -0.02222123
v 0.01501659 0.10759641 -0.02222123
v 0.01805746 0.11619020 -0.02303386
v 0.01510122 0.11652359 -0.02252087
v 0.01501659 0.10759641 -0.02222123
v 0.01510122 0.11652359 -0.02252087
v 0.01306211 0.10759641 -0.01957299
v 0.01306211 0.10759641 -0.01957299
v 0.01510122 0.11652359 -0.02252087
v 0.01317608 0.11653609 -0.02038490
v 0.01306211 0.10759641 -0.01957299
v 0.01317608 0.11653609 -0.02038490
v 0.01309920 0.11618560 -0.01649850
v 0.01306211 0.10759641 -0.01957299
v 0.01309920 0.11618560 -0.01649850
v 0.01326703 0.10759641 -0.01628808
v 0.01326703 0.10759641 -0.01628808
v 0.01309920 0.11618560 -0.01649850
v 0.01553557 0.10759641 -0.01390330
v 0.01553557 0.10759641 -0.01390330
v 0.01309920 0.11618560 -0.01649850
v 0.01491403 0.11653039 -0.01404472
v 0.01553557 0.10759641 -0.01390330
v 0.01491403 0.11653039 -0.01404472
v 0.01825853 0.11652420 -0.01322150
v 0.01553557 0.10759641 -0.01390330
v 0.01825853 0.11652420 -0.01322150
v 0.01880624 0.10759641 -0.01353466
v 0.01880624 0.10759641 -0.01353466
v 0.01825853 0.11652420 -0.01322150
v 0.02122689 0.11653730 -0.01467213
v 0.01880624 0.10759641 -0.01353466
v 0.02122689 0.11653730 -0.01467213
v 0.02182433 0.10759641 -0.01566895
v 0.02182433 0.10759641 -0.01566895
v 0.02122689 0.11653730 -0.01467213
v 0.02265698 0.11650740 -0.01778784
v 0.02182433 0.10759641 -0.01566895
v 0.02265698 0.11650740 -0.01778784
v 0.02235476 0.10759641 -0.01934094
v 0.00129514 0.11569020 -0.01628789
v -0.00099862 0.11049637 -0.01654262
v 0.00661586 0.11570830 -0.01489009
v 0.00661586 0.11570830 -0.01489009
v -0.00099862 0.11049637 -0.01654262
v 0.00952473 0.11049637 -0.01343922
v 0.00661586 0.11570830 -0.01489009
v 0.00952473 0.11049637 -0.01343922
v 0.01111854 0.11569020 -0.01176925
v 0.01111854 0.11569020 -0.01176925
v 0.00952473 0.11049637 -0.01343922
v 0.01490284 0.11568460 -0.00608490
v 0.01490284 0.11568460 -0.00608490
v 0.00952473 0.11049637 -0.01343922
v 0.01505874 0.11049637 -0.00564221
v 0.01490284 0.11568460 -0.00608490
v 0.01505874 0.11049637 -0.00564221
v 0.01575314 0.11569010 0.00076048
v 0.01575314 0.11569010 0.00076048
v 0.01505874 0.11049637 -0.00564221
v 0.01572028 0.11049637 0.00108739
v 0.01575314 0.11569010 0.00076048
v 0.01572028 0.11049637 0.00108739
v 0.01436017 0.11569010 0.00607024
v 0.01436017 0.11569010 0.00607024
v 0.01572028 0.11049637 0.00108739
v 0.01290465 0.11049637 0.00898993
v 0.01436017 0.11569010 0.00607024
v 0.01290465 0.11049637 0.00898993
v 0.01123519 0.11569010 0.01058331
v 0.01123519 0.11569010 0.01058331
v 0.01290465 0.11049637 0.00898993
v 0.00674430 0.11570830 0.01376100
v 0.00674430 0.11570830 0.01376100
v 0.01290465 0.11049637 0.00898993
v 0.00376349 0.11049637 0.01505665
v 0.00674430 0.11570830 0.01376100
v 0.00376349 0.11049637 0.01505665
v 0.00192014 0.11569430 0.01506085
v 0.00192014 0.11569430 0.01506085
v 0.00376349 0.11049637 0.01505665
v -0.00466008 0.11570920 0.01477274
v -0.00466008 0.11570920 0.01477274
v 0.00376349 0.11049637 0.01505665
v -0.00576717 0.11049637 0.01428430
v -0.00466008 0.11570920 0.01477274
v -0.00576717 0.11049637 0.01428430
v -0.01111837 0.11569020 0.01070032
v -0.01111837 0.11569020 0.01070032
v -0.00576717 0.11049637 0.01428430
v -0.01336422 0.11049636 0.00833386
v -0.01111837 0.11569020 0.01070032
v -0.01336422 0.11049636 0.00833386
v -0.01429036 0.11569009 0.00622033
v -0.01429036 0.11569009 0.00622033
v -0.01336422 0.11049636 0.00833386
v -0.01573889 0.11569009 0.00092544
v -0.01573889 0.11569009 0.00092544
v -0.01336422 0.11049636 0.00833386
v -0.01576330 0.11049636 0.00059780
v -0.01573889 0.11569009 0.00092544
v -0.01576330 0.11049636 0.00059780
v -0.01498424 0.11568459 -0.00586177
v -0.01498424 0.11568459 -0.00586177
v -0.01576330 0.11049636 0.00059780
v -0.01481910 0.11049636 -0.00630110
v -0.01498424 0.11568459 -0.00586177
v -0.01481910 0.11049636 -0.00630110
v -0.01031291 0.11568449 -0.01264036
v -0.01031291 0.11568449 -0.01264036
v -0.01481910 0.11049636 -0.00630110
v -0.00995031 0.11049636 -0.01293820
v -0.01031291 0.11568449 -0.01264036
v -0.00995031 0.11049636 -0.01293820
v -0.00423010 0.11567350 -0.01576310
v -0.00423010 0.11567350 -0.01576310
v -0.00995031 0.11049636 -0.01293820
v -0.00099862 0.11049637 -0.01654262
v -0.00423010 0.11567350 -0.01576310
v -0.00099862 0.11049637 -0.01654262
v 0.00129514 0.11569020 -0.01628789
v -0.00474654 0.08277660 0.04396475
v -0.00437617 0.08357085 0.04696484
v -0.00177242 0.08578934 0.04396475
v -0.00177242 0.08578934 0.04396475
v -0.00437617 0.08357085 0.04696484
v -0.00146727 0.08581348 0.04696484
v -0.00177242 0.08578934 0.04396475
v -0.00146727 0.08581348 0.04696484
v -0.00000064 0.08594684 0.04696484
v -0.00177242 0.08578934 0.04396475
v -0.00000064 0.08594684 0.04696484
v 0.00140870 0.08583148 0.04396475
v 0.00140870 0.08583148 0.04396475
v -0.00000064 0.08594684 0.04696484
v 0.00176685 0.08578455 0.04696484
v 0.00140870 0.08583148 0.04396475
v 0.00176685 0.08578455 0.04696484
v 0.00437601 0.08357086 0.04396475
v 0.00437601 0.08357086 0.04396475
v 0.00176685 0.08578455 0.04696484
v 0.00474637 0.08277660 0.04696484
v 0.00437601 0.08357086 0.04396475
v 0.00474637 0.08277660 0.04696484
v 0.00474637 0.07931694 0.04396475
v 0.00474637 0.07931694 0.04396475
v 0.00474637 0.08277660 0.04696484
v 0.00485404 0.07982924 0.04699702
v 0.00474637 0.07931694 0.04396475
v 0.00485404 0.07982924 0.04699702
v 0.00353559 0.07751567 0.04696484
v 0.00474637 0.07931694 0.04396475
v 0.00353559 0.07751567 0.04696484
v 0.00177226 0.07630418 0.04396475
v 0.00177226 0.07630418 0.04396475
v 0.00353559 0.07751567 0.04696484
v 0.00116322 0.07624994 0.04696484
v 0.00177226 0.07630418 0.04396475
v 0.00116322 0.07624994 0.04696484
v 0.00000047 0.07614668 0.04696484
v 0.00177226 0.07630418 0.04396475
v 0.00000047 0.07614668 0.04696484
v -0.00105840 0.07622825 0.04396475
v -0.00105840 0.07622825 0.04396475
v 0.00000047 0.07614668 0.04696484
v -0.00176718 0.07630906 0.04696484
v -0.00105840 0.07622825 0.04396475
v -0.00176718 0.07630906 0.04696484
v -0.00353575 0.07751567 0.04396475
v -0.00353575 0.07751567 0.04396475
v -0.00176718 0.07630906 0.04696484
v -0.00474654 0.07931694 0.04696484
v -0.00353575 0.07751567 0.04396475
v -0.00474654 0.07931694 0.04696484
v -0.00475818 0.07978173 0.04396475
v -0.00475818 0.07978173 0.04396475
v -0.00474654 0.07931694 0.04696484
v -0.00474654 0.08277660 0.04396475
v -0.00474654 0.08277660 0.04396475
v -0.00474654 0.07931694 0.04696484
v -0.00437617 0.08357085 0.04696484
v -0.00069656 0.11644699 0.02740220
v -0.00220702 0.11660179 0.02673801
v -0.00000662 0.11669489 0.02771505
v -0.00069656 0.11644699 0.02740220
v -0.00000662 0.11669489 0.02771505
v -0.00000009 0.11644629 0.02746497
v -0.00000009 0.11644629 0.02746497
v -0.00000662 0.11669489 0.02771505
v -0.00000009 0.11669628 0.02771496
v -0.00000009 0.11644629 0.02746497
v -0.00000009 0.11669628 0.02771496
v 0.00153488 0.11645299 0.02729511
v 0.00153488 0.11645299 0.02729511
v -0.00000009 0.11669628 0.02771496
v 0.00121501 0.11670259 0.02760523
v 0.00153488 0.11645299 0.02729511
v 0.00121501 0.11670259 0.02760523
v 0.00315683 0.11660909 0.02494438
v 0.00265944 0.11643959 0.02289701
v 0.00315683 0.11660909 0.02494438
v 0.00147523 0.11659839 0.02160865
v 0.00147523 0.11659839 0.02160865
v 0.00000636 0.11669489 0.02121497
v -0.00000009 0.11669628 0.02121505
v 0.00147523 0.11659839 0.02160865
v -0.00000009 0.11669628 0.02121505
v -0.00060806 0.11668869 0.02127170
v -0.01806666 0.11617408 0.02207766
v -0.01997675 0.11678437 0.02232740
v -0.01529826 0.11669468 0.02192878
v -0.01806666 0.11617408 0.02207766
v -0.01529826 0.11669468 0.02192878
v -0.01359403 0.11617529 0.01994068
v -0.01359403 0.11617529 0.01994068
v -0.01529826 0.11669468 0.02192878
v -0.01257742 0.11669478 0.01886563
v -0.02188887 0.11618498 0.01962486
v -0.02226573 0.11673408 0.02006959
v -0.01997675 0.11678437 0.02232740
v -0.02188887 0.11618498 0.01962486
v -0.01997675 0.11678437 0.02232740
v -0.01806666 0.11617408 0.02207766
v -0.01981102 0.11619008 0.01267634
v -0.02011933 0.11669038 0.01227726
v -0.02258121 0.11653148 0.01602921
v -0.02188887 0.11618498 0.01962486
v -0.02258121 0.11653148 0.01602921
v -0.02226573 0.11673408 0.02006959
v -0.01359403 0.11617529 0.01994068
v -0.01257742 0.11669478 0.01886563
v -0.01290739 0.11647528 0.01575684
v -0.01527199 0.11618559 0.01288730
v -0.01290739 0.11647528 0.01575684
v -0.01510145 0.11669298 0.01239496
v -0.01527199 0.11618559 0.01288730
v -0.01510145 0.11669298 0.01239496
v -0.01981102 0.11619008 0.01267634
v -0.01981102 0.11619008 0.01267634
v -0.01510145 0.11669298 0.01239496
v -0.02011933 0.11669038 0.01227726
v 0.02010913 0.11619720 0.02127658
v 0.02129484 0.11670559 0.02119948
v 0.02207610 0.11619380 0.01915431
v 0.01364681 0.11617409 0.02001669
v 0.01339851 0.11669419 0.02052508
v 0.01725314 0.11650740 0.02212241
v 0.02010913 0.11619720 0.02127658
v 0.01725314 0.11650740 0.02212241
v 0.02129484 0.11670559 0.02119948
v 0.02008773 0.11619530 0.01289009
v 0.02025897 0.11669329 0.01242077
v 0.01646912 0.11655019 0.01228125
v 0.01456686 0.11619269 0.01349204
v 0.01646912 0.11655019 0.01228125
v 0.01248939 0.11668669 0.01525441
v 0.01456686 0.11619269 0.01349204
v 0.01248939 0.11668669 0.01525441
v 0.01299489 0.11619020 0.01593092
v 0.01299489 0.11619020 0.01593092
v 0.01248939 0.11668669 0.01525441
v 0.01364681 0.11617409 0.02001669
v 0.01364681 0.11617409 0.02001669
v 0.01248939 0.11668669 0.01525441
v 0.01339851 0.11669419 0.02052508
v 0.02129484 0.11670559 0.02119948
v 0.02312984 0.11669049 0.01656458
v 0.02207610 0.11619380 0.01915431
v 0.02207610 0.11619380 0.01915431
v 0.02312984 0.11669049 0.01656458
v 0.02233848 0.11619020 0.01585136
v 0.02233848 0.11619020 0.01585136
v 0.02312984 0.11669049 0.01656458
v 0.02008773 0.11619530 0.01289009
v 0.02008773 0.11619530 0.01289009
v 0.02312984 0.11669049 0.01656458
v 0.02025897 0.11669329 0.01242077
v -0.02088105 0.11616678 -0.02190302
v -0.02279378 0.11669318 -0.01989196
v -0.02249930 0.11619008 -0.01859264
v -0.02249930 0.11619008 -0.01859264
v -0.02279378 0.11669318 -0.01989196
v -0.02246361 0.11669467 -0.01583306
v -0.02249930 0.11619008 -0.01859264
v -0.02246361 0.11669467 -0.01583306
v -0.02136832 0.11616699 -0.01500840
v -0.02136832 0.11616699 -0.01500840
v -0.02246361 0.11669467 -0.01583306
v -0.01891721 0.11669158 -0.01289688
v -0.02088105 0.11616678 -0.02190302
v -0.02143979 0.11671848 -0.02222756
v -0.02279378 0.11669318 -0.01989196
v -0.01420726 0.11617408 -0.02174221
v -0.01361470 0.11669318 -0.02177994
v -0.01736851 0.11653038 -0.02320276
v -0.02088105 0.11616678 -0.02190302
v -0.01736851 0.11653038 -0.02320276
v -0.02143979 0.11671848 -0.02222756
v -0.02136832 0.11616699 -0.01500840
v -0.01891721 0.11669158 -0.01289688
v -0.01805808 0.11619019 -0.01339035
v -0.01805808 0.11619019 -0.01339035
v -0.01891721 0.11669158 -0.01289688
v -0.01450134 0.11618559 -0.01449621
v -0.01450134 0.11618559 -0.01449621
v -0.01891721 0.11669158 -0.01289688
v -0.01409710 0.11669268 -0.01416778
v -0.01450134 0.11618559 -0.01449621
v -0.01409710 0.11669268 -0.01416778
v -0.01269236 0.11651848 -0.01778562
v -0.01420726 0.11617408 -0.02174221
v -0.01269236 0.11651848 -0.01778562
v -0.01361470 0.11669318 -0.02177994
v 0.01317608 0.11653609 -0.02038490
v 0.01238437 0.11669299 -0.01713359
v 0.01309920 0.11618560 -0.01649850
v 0.01309920 0.11618560 -0.01649850
v 0.01238437 0.11669299 -0.01713359
v 0.01491403 0.11653039 -0.01404472
v 0.02136825 0.11616679 -0.02141564
v 0.01935732 0.11669299 -0.02332803
v 0.01805746 0.11619020 -0.02303386
v 0.01805746 0.11619020 -0.02303386
v 0.01935732 0.11669299 -0.02332803
v 0.01510122 0.11652359 -0.02252087
v 0.02136825 0.11616679 -0.02141564
v 0.02202674 0.11672919 -0.02145483
v 0.01935732 0.11669299 -0.02332803
v 0.02136825 0.11616679 -0.02141564
v 0.02265698 0.11650740 -0.01778784
v 0.02202674 0.11672919 -0.02145483
v -0.00466008 0.11570920 0.01477274
v -0.01036795 0.11669528 0.01286857
v -0.00376394 0.11669988 0.01588386
v -0.00466008 0.11570920 0.01477274
v -0.00376394 0.11669988 0.01588386
v -0.00000009 0.11569630 0.01521513
v -0.00000009 0.11569630 0.01521513
v -0.00376394 0.11669988 0.01588386
v -0.00000009 0.11669628 0.01621511
v -0.00000009 0.11569630 0.01521513
v -0.00000009 0.11669628 0.01621511
v 0.00192014 0.11569430 0.01506085
v 0.00192014 0.11569430 0.01506085
v -0.00000009 0.11669628 0.01621511
v 0.00023097 0.11665618 0.01621562
v 0.00192014 0.11569430 0.01506085
v 0.00023097 0.11665618 0.01621562
v 0.00674430 0.11570830 0.01376100
v -0.00423010 0.11567350 -0.01576310
v -0.00497764 0.11671048 -0.01684091
v -0.01031291 0.11568449 -0.01264036
v -0.01031291 0.11568449 -0.01264036
v -0.00497764 0.11671048 -0.01684091
v -0.01319054 0.11669518 -0.01111570
v -0.01031291 0.11568449 -0.01264036
v -0.01319054 0.11669518 -0.01111570
v -0.01498424 0.11568459 -0.00586177
v -0.01498424 0.11568459 -0.00586177
v -0.01319054 0.11669518 -0.01111570
v -0.01702208 0.11669398 -0.00159629
v -0.01498424 0.11568459 -0.00586177
v -0.01702208 0.11669398 -0.00159629
v -0.01573889 0.11569009 0.00092544
v -0.01573889 0.11569009 0.00092544
v -0.01702208 0.11669398 -0.00159629
v -0.01429036 0.11569009 0.00622033
v -0.01429036 0.11569009 0.00622033
v -0.01702208 0.11669398 -0.00159629
v -0.01511995 0.11669578 0.00680413
v -0.01429036 0.11569009 0.00622033
v -0.01511995 0.11669578 0.00680413
v -0.01111837 0.11569020 0.01070032
v -0.01111837 0.11569020 0.01070032
v -0.01511995 0.11669578 0.00680413
v -0.01036795 0.11669528 0.01286857
v -0.01111837 0.11569020 0.01070032
v -0.01036795 0.11669528 0.01286857
v -0.00466008 0.11570920 0.01477274
v 0.00661586 0.11570830 -0.01489009
v 0.01036656 0.11669519 -0.01393864
v 0.00023006 0.11665679 -0.01728470
v 0.00661586 0.11570830 -0.01489009
v 0.00023006 0.11665679 -0.01728470
v 0.00129514 0.11569020 -0.01628789
v 0.00129514 0.11569020 -0.01628789
v 0.00023006 0.11665679 -0.01728470
v -0.00000009 0.11669628 -0.01728433
v 0.00129514 0.11569020 -0.01628789
v -0.00000009 0.11669628 -0.01728433
v -0.00423010 0.11567350 -0.01576310
v -0.00497764 0.11671048 -0.01684091
v 0.00674430 0.11570830 0.01376100
v 0.00023097 0.11665618 0.01621562
v 0.01067731 0.11669478 0.01268326
v 0.00674430 0.11570830 0.01376100
v 0.01067731 0.11669478 0.01268326
v 0.01123519 0.11569010 0.01058331
v 0.01123519 0.11569010 0.01058331
v 0.01067731 0.11669478 0.01268326
v 0.01436017 0.11569010 0.00607024
v 0.01436017 0.11569010 0.00607024
v 0.01067731 0.11669478 0.01268326
v 0.01601325 0.11669469 0.00489690
v 0.01436017 0.11569010 0.00607024
v 0.01601325 0.11669469 0.00489690
v 0.01575314 0.11569010 0.00076048
v 0.01575314 0.11569010 0.00076048
v 0.01601325 0.11669469 0.00489690
v 0.01635866 0.11669419 -0.00535873
v 0.01575314 0.11569010 0.00076048
v 0.01635866 0.11669419 -0.00535873
v 0.01490284 0.11568460 -0.00608490
v 0.01490284 0.11568460 -0.00608490
v 0.01635866 0.11669419 -0.00535873
v 0.01111854 0.11569020 -0.01176925
v 0.01111854 0.11569020 -0.01176925
v 0.01635866 0.11669419 -0.00535873
v 0.01036656 0.11669519 -0.01393864
v 0.01111854 0.11569020 -0.01176925
v 0.01036656 0.11669519 -0.01393864
v 0.00661586 0.11570830 -0.01489009
v -0.00376394 0.11669988 0.01588386
v -0.01036795 0.11669528 0.01286857
v -0.01257742 0.11669478 0.01886563
v 0.00023006 0.11665679 -0.01728470
v 0.01036656 0.11669519 -0.01393864
v 0.00253138 0.11669728 -0.03135317
v -0.00721068 0.11669718 0.02935838
v -0.00314809 0.11660488 0.02456155
v -0.01257742 0.11669478 0.01886563
v -0.00252100 0.11658139 0.02263306
v -0.01257742 0.11669478 0.01886563
v -0.00252100 0.11658139 0.02263306
v -0.00060806 0.11668869 0.02127170
v -0.01257742 0.11669478 0.01886563
v -0.00060806 0.11668869 0.02127170
v 0.00000636 0.11669489 0.02121497
v 0.00000636 0.11669489 0.02121497
v 0.01339851 0.11669419 0.02052508
v 0.01339851 0.11669419 0.02052508
v 0.00000636 0.11669489 0.02121497
v 0.00147523 0.11659839 0.02160865
v 0.01339851 0.11669419 0.02052508
v 0.00147523 0.11659839 0.02160865
v 0.00315683 0.11660909 0.02494438
v 0.01339851 0.11669419 0.02052508
v 0.00315683 0.11660909 0.02494438
v 0.00778761 0.11669699 0.02916471
v 0.00778761 0.11669699 0.02916471
v 0.00315683 0.11660909 0.02494438
v 0.00121501 0.11670259 0.02760523
v -0.00721068 0.11669718 0.02935838
v -0.00220702 0.11660179 0.02673801
v -0.00314809 0.11660488 0.02456155
v 0.00778761 0.11669699 0.02916471
v 0.00121501 0.11670259 0.02760523
v -0.00721068 0.11669718 0.02935838
v -0.00721068 0.11669718 0.02935838
v 0.00121501 0.11670259 0.02760523
v -0.00000662 0.11669489 0.02771505
v -0.00000662 0.11669489 0.02771505
v -0.00220702 0.11660179 0.02673801
v -0.00721068 0.11669718 0.02935838
v -0.01702208 0.11669398 -0.00159629
v -0.02011933 0.11669038 0.01227726
v -0.01511995 0.11669578 0.00680413
v -0.01510145 0.11669298 0.01239496
v -0.01290739 0.11647528 0.01575684
v -0.01257742 0.11669478 0.01886563
v -0.01036795 0.11669528 0.01286857
v -0.01036795 0.11669528 0.01286857
v -0.01510145 0.11669298 0.01239496
v -0.01290739 0.11647528 0.01575684
v -0.02226573 0.11673408 0.02006959
v -0.02258121 0.11653148 0.01602921
v -0.02812024 0.11669788 0.01191313
v -0.02812024 0.11669788 0.01191313
v -0.02258121 0.11653148 0.01602921
v -0.02011933 0.11669038 0.01227726
v -0.02812024 0.11669788 0.01191313
v -0.03049421 0.11669647 0.00087080
v -0.01529826 0.11669468 0.02192878
v 0.02604185 0.11669649 0.01552941
v 0.03045280 0.11669790 0.00392900
v 0.02312984 0.11669049 0.01656458
v 0.02025897 0.11669329 0.01242077
v 0.01646912 0.11655019 0.01228125
v 0.02025897 0.11669329 0.01242077
v 0.01635866 0.11669419 -0.00535873
v 0.01067731 0.11669478 0.01268326
v 0.01248939 0.11668669 0.01525441
v 0.01646912 0.11655019 0.01228125
v 0.01067731 0.11669478 0.01268326
v 0.01646912 0.11655019 0.01228125
v 0.01601325 0.11669469 0.00489690
v 0.01831282 0.11669639 0.02400515
v 0.02129484 0.11670559 0.02119948
v 0.01725314 0.11650740 0.02212241
v 0.01831282 0.11669639 0.02400515
v 0.01725314 0.11650740 0.02212241
v 0.00778761 0.11669699 0.02916471
v 0.00778761 0.11669699 0.02916471
v 0.01725314 0.11650740 0.02212241
v 0.01339851 0.11669419 0.02052508
v 0.02129484 0.11670559 0.02119948
v -0.01319054 0.11669518 -0.01111570
v -0.01891721 0.11669158 -0.01289688
v -0.01409710 0.11669268 -0.01416778
v 0.00253138 0.11669728 -0.03135317
v -0.01361470 0.11669318 -0.02177994
v -0.01269236 0.11651848 -0.01778562
v -0.00497764 0.11671048 -0.01684091
v -0.01269236 0.11651848 -0.01778562
v -0.01319054 0.11669518 -0.01111570
v -0.01319054 0.11669518 -0.01111570
v -0.01269236 0.11651848 -0.01778562
v -0.01409710 0.11669268 -0.01416778
v -0.01338679 0.11669738 -0.02821129
v -0.02143979 0.11671848 -0.02222756
v -0.01736851 0.11653038 -0.02320276
v -0.01338679 0.11669738 -0.02821129
v -0.01736851 0.11653038 -0.02320276
v -0.01361470 0.11669318 -0.02177994
v -0.02909610 0.11669837 -0.01064306
v -0.02246361 0.11669467 -0.01583306
v -0.02279378 0.11669318 -0.01989196
v -0.02909610 0.11669837 -0.01064306
v -0.02279378 0.11669318 -0.01989196
v -0.02143979 0.11671848 -0.02222756
v 0.01635866 0.11669419 -0.00535873
v 0.01635866 0.11669419 -0.00535873
v 0.03045280 0.11669790 0.00392900
v 0.02122689 0.11653730 -0.01467213
v 0.01635866 0.11669419 -0.00535873
v 0.02122689 0.11653730 -0.01467213
v 0.01825853 0.11652420 -0.01322150
v 0.02202674 0.11672919 -0.02145483
v 0.02265698 0.11650740 -0.01778784
v 0.02870769 0.11669819 -0.01169843
v 0.02870769 0.11669819 -0.01169843
v 0.02265698 0.11650740 -0.01778784
v 0.02122689 0.11653730 -0.01467213
v 0.02870769 0.11669819 -0.01169843
v 0.02122689 0.11653730 -0.01467213
v 0.03045280 0.11669790 0.00392900
v 0.01583211 0.11669689 -0.02682883
v 0.01935732 0.11669299 -0.02332803
v 0.02202674 0.11672919 -0.02145483
v 0.01510122 0.11652359 -0.02252087
v 0.01583211 0.11669689 -0.02682883
v 0.00253138 0.11669728 -0.03135317
v 0.01510122 0.11652359 -0.02252087
v 0.00253138 0.11669728 -0.03135317
v 0.01317608 0.11653609 -0.02038490
v 0.01510122 0.11652359 -0.02252087
v 0.01935732 0.11669299 -0.02332803
v 0.01583211 0.11669689 -0.02682883
v 0.01601325 0.11669469 0.00489690
v 0.01646912 0.11655019 0.01228125
v 0.01635866 0.11669419 -0.00535873
v 0.01238437 0.11669299 -0.01713359
v 0.01317608 0.11653609 -0.02038490
v 0.00253138 0.11669728 -0.03135317
v 0.01036656 0.11669519 -0.01393864
v 0.01491403 0.11653039 -0.01404472
v 0.01238437 0.11669299 -0.01713359
v 0.01238437 0.11669299 -0.01713359
v 0.01635866 0.11669419 -0.00535873
v 0.01825853 0.11652420 -0.01322150
v 0.01491403 0.11653039 -0.01404472
v 0.01635866 0.11669419 -0.00535873
v 0.01491403 0.11653039 -0.01404472
v 0.01036656 0.11669519 -0.01393864
v -0.01338679 0.11669738 -0.02821129
v -0.01361470 0.11669318 -0.02177994
v -0.01529826 0.11669468 0.02192878
v -0.01997675 0.11678437 0.02232740
v -0.00721068 0.11669718 0.02935838
v -0.00497764 0.11671048 -0.01684091
v 0.00253138 0.11669728 -0.03135317
v -0.01269236 0.11651848 -0.01778562
v -0.00497764 0.11671048 -0.01684091
v 0.00023006 0.11665679 -0.01728470
v 0.00023097 0.11665618 0.01621562
v 0.01067731 0.11669478 0.01268326
v 0.01067731 0.11669478 0.01268326
v 0.01339851 0.11669419 0.02052508
v 0.01248939 0.11668669 0.01525441
v 0.01339851 0.11669419 0.02052508
v 0.00023097 0.11665618 0.01621562
v -0.01257742 0.11669478 0.01886563
v -0.01257742 0.11669478 0.01886563
v 0.00023097 0.11665618 0.01621562
v -0.00376394 0.11669988 0.01588386
v -0.00504041 0.08039455 0.04016488
v -0.00474654 0.08277660 0.04396475
v -0.00414066 0.08388398 0.04016488
v -0.00414066 0.08388398 0.04016488
v -0.00474654 0.08277660 0.04396475
v -0.00177242 0.08578934 0.04396475
v -0.00414066 0.08388398 0.04016488
v -0.00177242 0.08578934 0.04396475
v -0.00139328 0.08582262 0.04016488
v -0.00139328 0.08582262 0.04016488
v 0.00000047 0.08595656 0.04396475
v -0.00139328 0.08582262 0.04016488
v 0.00000047 0.08595656 0.04396475
v 0.00106298 0.08590597 0.04016488
v 0.00106298 0.08590597 0.04016488
v 0.00000047 0.08595656 0.04396475
v 0.00140870 0.08583148 0.04396475
v 0.00106298 0.08590597 0.04016488
v 0.00140870 0.08583148 0.04396475
v 0.00311554 0.08498236 0.04016488
v 0.00311554 0.08498236 0.04016488
v 0.00140870 0.08583148 0.04396475
v 0.00437601 0.08357086 0.04396475
v 0.00311554 0.08498236 0.04016488
v 0.00437601 0.08357086 0.04396475
v 0.00490006 0.08222943 0.04016488
v 0.00490006 0.08222943 0.04016488
v 0.00437601 0.08357086 0.04396475
v 0.00474637 0.07931694 0.04396475
v 0.00490006 0.08222943 0.04016488
v 0.00474637 0.07931694 0.04396475
v 0.00434442 0.07838265 0.04016488
v 0.00434442 0.07838265 0.04016488
v 0.00474637 0.07931694 0.04396475
v 0.00177226 0.07630418 0.04396475
v 0.00434442 0.07838265 0.04016488
v 0.00177226 0.07630418 0.04396475
v 0.00146305 0.07627120 0.04016488
v 0.00146305 0.07627120 0.04016488
v -0.00000064 0.07613696 0.04396475
v 0.00146305 0.07627120 0.04016488
v -0.00000064 0.07613696 0.04396475
v -0.00105840 0.07622825 0.04396475
v 0.00146305 0.07627120 0.04016488
v -0.00105840 0.07622825 0.04396475
v -0.00117705 0.07620062 0.04016488
v -0.00117705 0.07620062 0.04016488
v -0.00105840 0.07622825 0.04396475
v -0.00353575 0.07751567 0.04396475
v -0.00117705 0.07620062 0.04016488
v -0.00353575 0.07751567 0.04396475
v -0.00351320 0.07746179 0.04016488
v -0.00351320 0.07746179 0.04016488
v -0.00353575 0.07751567 0.04396475
v -0.00475818 0.07978173 0.04396475
v -0.00351320 0.07746179 0.04016488
v -0.00475818 0.07978173 0.04396475
v -0.00504041 0.08039455 0.04016488
v -0.00504041 0.08039455 0.04016488
v -0.00475818 0.07978173 0.04396475
v -0.00474654 0.08277660 0.04396475
v -0.02061830 0.11570169 -0.02442839
v -0.01338679 0.11669738 -0.02821129
v -0.01205703 0.11569089 -0.02981606
v -0.02061830 0.11570169 -0.02442839
v -0.02143979 0.11671848 -0.02222756
v -0.01338679 0.11669738 -0.02821129
v -0.03150175 0.11569069 0.00269303
v -0.02909610 0.11669837 -0.01064306
v -0.03040644 0.11570649 -0.00938025
v -0.03040644 0.11570649 -0.00938025
v -0.02909610 0.11669837 -0.01064306
v -0.02595436 0.11570228 -0.01849268
v -0.02595436 0.11570228 -0.01849268
v -0.02909610 0.11669837 -0.01064306
v -0.02143979 0.11671848 -0.02222756
v -0.02595436 0.11570228 -0.01849268
v -0.02143979 0.11671848 -0.02222756
v -0.02061830 0.11570169 -0.02442839
v -0.03150175 0.11569069 0.00269303
v -0.03049421 0.11669647 0.00087080
v -0.02909610 0.11669837 -0.01064306
v -0.02454265 0.11570169 0.01930677
v -0.02812024 0.11669788 0.01191313
v -0.02881131 0.11570228 0.01235057
v -0.02881131 0.11570228 0.01235057
v -0.02812024 0.11669788 0.01191313
v -0.03150175 0.11569069 0.00269303
v -0.03150175 0.11569069 0.00269303
v -0.02812024 0.11669788 0.01191313
v -0.03049421 0.11669647 0.00087080
v -0.02454265 0.11570169 0.01930677
v -0.02226573 0.11673408 0.02006959
v -0.02812024 0.11669788 0.01191313
v -0.01870729 0.11572059 0.02488311
v -0.01997675 0.11678437 0.02232740
v -0.02454265 0.11570169 0.01930677
v -0.02454265 0.11570169 0.01930677
v -0.01997675 0.11678437 0.02232740
v -0.02226573 0.11673408 0.02006959
v -0.01159753 0.11573099 0.02881624
v -0.00721068 0.11669718 0.02935838
v -0.01997675 0.11678437 0.02232740
v -0.01159753 0.11573099 0.02881624
v -0.01997675 0.11678437 0.02232740
v -0.01870729 0.11572059 0.02488311
v 0.00424510 0.11572020 0.03073839
v 0.00778761 0.11669699 0.02916471
v -0.00721068 0.11669718 0.02935838
v 0.00424510 0.11572020 0.03073839
v -0.00721068 0.11669718 0.02935838
v -0.00377271 0.11567680 0.03079823
v -0.00377271 0.11567680 0.03079823
v -0.00721068 0.11669718 0.02935838
v -0.01159753 0.11573099 0.02881624
v 0.01203919 0.11572020 0.02863862
v 0.00778761 0.11669699 0.02916471
v 0.00424510 0.11572020 0.03073839
v 0.01904422 0.11572060 0.02463155
v 0.01831282 0.11669639 0.02400515
v 0.01203919 0.11572020 0.02863862
v 0.01203919 0.11572020 0.02863862
v 0.01831282 0.11669639 0.02400515
v 0.00778761 0.11669699 0.02916471
v 0.02607898 0.11569071 0.01742794
v 0.01831282 0.11669639 0.02400515
v 0.01904422 0.11572060 0.02463155
v 0.02607898 0.11569071 0.01742794
v 0.02604185 0.11669649 0.01552941
v 0.02129484 0.11670559 0.02119948
v 0.02607898 0.11569071 0.01742794
v 0.02129484 0.11670559 0.02119948
v 0.01831282 0.11669639 0.02400515
v 0.02604185 0.11669649 0.01552941
v 0.02607898 0.11569071 0.01742794
v 0.03029070 0.11570230 0.00833009
v 0.02604185 0.11669649 0.01552941
v 0.03029070 0.11570230 0.00833009
v 0.03045280 0.11669790 0.00392900
v 0.03045280 0.11669790 0.00392900
v 0.03029070 0.11570230 0.00833009
v 0.03154839 0.11568270 0.00037399
v 0.03045280 0.11669790 0.00392900
v 0.03154839 0.11568270 0.00037399
v 0.03074293 0.11570230 -0.00767473
v 0.03045280 0.11669790 0.00392900
v 0.03074293 0.11570230 -0.00767473
v 0.02870769 0.11669819 -0.01169843
v 0.02870769 0.11669819 -0.01169843
v 0.03074293 0.11570230 -0.00767473
v 0.02792642 0.11570230 -0.01523930
v 0.02870769 0.11669819 -0.01169843
v 0.02792642 0.11570230 -0.01523930
v 0.02317382 0.11571361 -0.02195730
v 0.02870769 0.11669819 -0.01169843
v 0.02317382 0.11571361 -0.02195730
v 0.02202674 0.11672919 -0.02145483
v 0.02317382 0.11571361 -0.02195730
v 0.01583211 0.11669689 -0.02682883
v 0.02202674 0.11672919 -0.02145483
v 0.01509052 0.11569900 -0.02837065
v 0.01583211 0.11669689 -0.02682883
v 0.02317382 0.11571361 -0.02195730
v -0.01205703 0.11569089 -0.02981606
v -0.01338679 0.11669738 -0.02821129
v 0.00253138 0.11669728 -0.03135317
v -0.01205703 0.11569089 -0.02981606
v 0.00253138 0.11669728 -0.03135317
v -0.00214280 0.11570229 -0.03202305
v -0.00214280 0.11570229 -0.03202305
v 0.00253138 0.11669728 -0.03135317
v 0.00591336 0.11570219 -0.03153695
v 0.00591336 0.11570219 -0.03153695
v 0.00253138 0.11669728 -0.03135317
v 0.01509052 0.11569900 -0.02837065
v 0.01509052 0.11569900 -0.02837065
v 0.00253138 0.11669728 -0.03135317
v 0.01583211 0.11669689 -0.02682883
v 0.00146305 0.07627120 0.04016488
v -0.00000008 0.07609683 0.04016488
v 0.00029315 0.07607059 0.04016488
v -0.00139328 0.08582262 0.04016488
v -0.00000008 0.08599669 0.04016488
v -0.00174734 0.08588826 0.04016488
v -0.00414066 0.08388398 0.04016488
v 0.00238052 0.11019637 -0.03200295
v 0.00591336 0.11570219 -0.03153695
v 0.01028481 0.11019637 -0.03036998
v 0.01028481 0.11019637 -0.03036998
v 0.00591336 0.11570219 -0.03153695
v 0.01509052 0.11569900 -0.02837065
v 0.01028481 0.11019637 -0.03036998
v 0.01509052 0.11569900 -0.02837065
v 0.01934597 0.11019637 -0.02560175
v 0.01934597 0.11019637 -0.02560175
v 0.01509052 0.11569900 -0.02837065
v 0.02317382 0.11571361 -0.02195730
v 0.01934597 0.11019637 -0.02560175
v 0.02317382 0.11571361 -0.02195730
v 0.02733876 0.11019638 -0.01651019
v 0.02733876 0.11019638 -0.01651019
v 0.02317382 0.11571361 -0.02195730
v 0.02792642 0.11570230 -0.01523930
v 0.02733876 0.11019638 -0.01651019
v 0.02792642 0.11570230 -0.01523930
v 0.03074293 0.11570230 -0.00767473
v 0.02733876 0.11019638 -0.01651019
v 0.03074293 0.11570230 -0.00767473
v 0.03133578 0.11019638 -0.00508355
v 0.03133578 0.11019638 -0.00508355
v 0.03074293 0.11570230 -0.00767473
v 0.03154839 0.11568270 0.00037399
v 0.03133578 0.11019638 -0.00508355
v 0.03154839 0.11568270 0.00037399
v 0.03032865 0.11019638 0.00907239
v 0.03032865 0.11019638 0.00907239
v 0.03154839 0.11568270 0.00037399
v 0.03029070 0.11570230 0.00833009
v 0.03032865 0.11019638 0.00907239
v 0.03029070 0.11570230 0.00833009
v 0.02607898 0.11569071 0.01742794
v 0.03032865 0.11019638 0.00907239
v 0.02607898 0.11569071 0.01742794
v 0.02444802 0.11019638 0.01942072
v 0.02444802 0.11019638 0.01942072
v 0.02607898 0.11569071 0.01742794
v 0.01904422 0.11572060 0.02463155
v 0.02444802 0.11019638 0.01942072
v 0.01904422 0.11572060 0.02463155
v 0.01684353 0.11019637 0.02627812
v 0.01684353 0.11019637 0.02627812
v 0.01904422 0.11572060 0.02463155
v 0.01203919 0.11572020 0.02863862
v 0.01684353 0.11019637 0.02627812
v 0.01203919 0.11572020 0.02863862
v 0.00765638 0.11019637 0.03008081
v 0.00765638 0.11019637 0.03008081
v 0.01203919 0.11572020 0.02863862
v 0.00424510 0.11572020 0.03073839
v 0.00765638 0.11019637 0.03008081
v 0.00424510 0.11572020 0.03073839
v -0.00253851 0.11019637 0.03102780
v -0.00253851 0.11019637 0.03102780
v 0.00424510 0.11572020 0.03073839
v -0.00377271 0.11567680 0.03079823
v -0.00253851 0.11019637 0.03102780
v -0.00377271 0.11567680 0.03079823
v -0.01159753 0.11573099 0.02881624
v -0.00253851 0.11019637 0.03102780
v -0.01159753 0.11573099 0.02881624
v -0.01217561 0.11019637 0.02858038
v -0.01217561 0.11019637 0.02858038
v -0.01159753 0.11573099 0.02881624
v -0.01870729 0.11572059 0.02488311
v -0.01217561 0.11019637 0.02858038
v -0.01870729 0.11572059 0.02488311
v -0.01916226 0.11019636 0.02454000
v -0.01916226 0.11019636 0.02454000
v -0.01870729 0.11572059 0.02488311
v -0.02454265 0.11570169 0.01930677
v -0.01916226 0.11019636 0.02454000
v -0.02454265 0.11570169 0.01930677
v -0.02489574 0.11019636 0.01885951
v -0.02489574 0.11019636 0.01885951
v -0.02454265 0.11570169 0.01930677
v -0.02881131 0.11570228 0.01235057
v -0.02489574 0.11019636 0.01885951
v -0.02881131 0.11570228 0.01235057
v -0.02900091 0.11019636 0.01191039
v -0.02900091 0.11019636 0.01191039
v -0.02881131 0.11570228 0.01235057
v -0.03150175 0.11569069 0.00269303
v -0.02900091 0.11019636 0.01191039
v -0.03150175 0.11569069 0.00269303
v -0.03120915 0.11019636 0.00414733
v -0.03120915 0.11019636 0.00414733
v -0.03150175 0.11569069 0.00269303
v -0.03117305 0.11019636 -0.00609128
v -0.03117305 0.11019636 -0.00609128
v -0.03150175 0.11569069 0.00269303
v -0.03040644 0.11570649 -0.00938025
v -0.03117305 0.11019636 -0.00609128
v -0.03040644 0.11570649 -0.00938025
v -0.02680972 0.11019636 -0.01738321
v -0.02680972 0.11019636 -0.01738321
v -0.03040644 0.11570649 -0.00938025
v -0.02595436 0.11570228 -0.01849268
v -0.02680972 0.11019636 -0.01738321
v -0.02595436 0.11570228 -0.01849268
v -0.02061830 0.11570169 -0.02442839
v -0.02680972 0.11019636 -0.01738321
v -0.02061830 0.11570169 -0.02442839
v -0.01852812 0.11019636 -0.02621227
v -0.01852812 0.11019636 -0.02621227
v -0.02061830 0.11570169 -0.02442839
v -0.01205703 0.11569089 -0.02981606
v -0.01852812 0.11019636 -0.02621227
v -0.01205703 0.11569089 -0.02981606
v -0.00753728 0.11019636 -0.03128885
v -0.00753728 0.11019636 -0.03128885
v -0.01205703 0.11569089 -0.02981606
v -0.00214280 0.11570229 -0.03202305
v -0.00753728 0.11019636 -0.03128885
v -0.00214280 0.11570229 -0.03202305
v 0.00238052 0.11019637 -0.03200295
v 0.00238052 0.11019637 -0.03200295
v -0.00214280 0.11570229 -0.03202305
v 0.00591336 0.11570219 -0.03153695
v 0.00490006 0.08222943 0.04016488
v 0.00487435 0.08288056 0.04087868
v 0.00311554 0.08498236 0.04016488
v 0.00311554 0.08498236 0.04016488
v 0.00487435 0.08288056 0.04087868
v 0.00220521 0.08567865 0.04085709
v 0.00311554 0.08498236 0.04016488
v 0.00220521 0.08567865 0.04085709
v 0.00106298 0.08590597 0.04016488
v 0.00106298 0.08590597 0.04016488
v 0.00220521 0.08567865 0.04085709
v -0.00021598 0.08623979 0.04096786
v 0.00106298 0.08590597 0.04016488
v -0.00021598 0.08623979 0.04096786
v -0.00174734 0.08588826 0.04016488
v -0.00174734 0.08588826 0.04016488
v -0.00021598 0.08623979 0.04096786
v -0.00218315 0.08603960 0.04098071
v -0.00174734 0.08588826 0.04016488
v -0.00218315 0.08603960 0.04098071
v -0.00414066 0.08388398 0.04016488
v -0.00414066 0.08388398 0.04016488
v -0.00218315 0.08603960 0.04098071
v -0.00511197 0.08198335 0.04088367
v -0.00414066 0.08388398 0.04016488
v -0.00511197 0.08198335 0.04088367
v -0.00504041 0.08039455 0.04016488
v -0.00504041 0.08039455 0.04016488
v -0.00511197 0.08198335 0.04088367
v -0.00474080 0.07914839 0.04089236
v -0.00504041 0.08039455 0.04016488
v -0.00474080 0.07914839 0.04089236
v -0.00351320 0.07746179 0.04016488
v -0.00351320 0.07746179 0.04016488
v -0.00474080 0.07914839 0.04089236
v -0.00224189 0.07631476 0.04080028
v -0.00351320 0.07746179 0.04016488
v -0.00224189 0.07631476 0.04080028
v -0.00117705 0.07620062 0.04016488
v -0.00117705 0.07620062 0.04016488
v -0.00224189 0.07631476 0.04080028
v 0.00029315 0.07607059 0.04016488
v 0.00029315 0.07607059 0.04016488
v -0.00224189 0.07631476 0.04080028
v 0.00108107 0.07613770 0.04076440
v 0.00029315 0.07607059 0.04016488
v 0.00108107 0.07613770 0.04076440
v 0.00146305 0.07627120 0.04016488
v 0.00146305 0.07627120 0.04016488
v 0.00108107 0.07613770 0.04076440
v 0.00210563 0.07604677 0.04098455
v 0.00146305 0.07627120 0.04016488
v 0.00210563 0.07604677 0.04098455
v 0.00434442 0.07838265 0.04016488
v 0.00434442 0.07838265 0.04016488
v 0.00210563 0.07604677 0.04098455
v 0.00475155 0.07911107 0.04088238
v 0.00434442 0.07838265 0.04016488
v 0.00475155 0.07911107 0.04088238
v 0.00490006 0.08222943 0.04016488
v 0.00490006 0.08222943 0.04016488
v 0.00475155 0.07911107 0.04088238
v 0.00487435 0.08288056 0.04087868
v -0.01916226 0.11019636 0.02454000
v -0.03061673 0.11019806 0.02937447
v -0.01738411 0.11019697 0.03842026
v -0.01217561 0.11019637 0.02858038
v -0.00253851 0.11019637 0.03102780
v -0.00036624 0.11023467 0.04196528
v 0.01028481 0.11019637 -0.03036998
v 0.01738295 0.11019707 -0.03948985
v 0.00403483 0.11019697 -0.04300120
v 0.00238052 0.11019637 -0.03200295
v -0.00753728 0.11019636 -0.03128885
v -0.00973601 0.11019706 -0.04206648
v -0.00253851 0.11019637 0.03102780
v -0.00036624 0.11023467 0.04196528
v 0.00631001 0.11019197 0.04162041
v 0.00631001 0.11019197 0.04162041
v 0.00765638 0.11019637 0.03008081
v 0.01843680 0.11019708 0.03793307
v 0.01684353 0.11019637 0.02627812
v -0.02248791 0.11019696 -0.03678359
v -0.01852812 0.11019636 -0.02621227
v -0.03117528 0.11019656 -0.02950210
v -0.02680972 0.11019636 -0.01738321
v -0.03120915 0.11019636 0.00414733
v -0.04034561 0.11019796 0.01375480
v -0.02900091 0.11019636 0.01191039
v -0.02489574 0.11019636 0.01885951
v 0.02733876 0.11019638 -0.01651019
v 0.03741345 0.11019708 -0.02102627
v 0.02891191 0.11019698 -0.03189997
v 0.01934597 0.11019637 -0.02560175
v 0.02786008 0.11019658 0.03163394
v 0.02444802 0.11019638 0.01942072
v 0.03562970 0.11019698 0.02292180
v 0.03032865 0.11019638 0.00907239
v 0.04125413 0.11019708 0.01031760
v -0.03795706 0.11019706 -0.02000122
v -0.03117305 0.11019636 -0.00609128
v -0.04261649 0.11019806 -0.00450661
v 0.04247396 0.11019798 -0.00581676
v 0.03133578 0.11019638 -0.00508355
v 0.00220521 0.08567865 0.04085709
v 0.00007129 0.08624682 0.04095254
v -0.00021598 0.08623979 0.04096786
v -0.00224189 0.07631476 0.04080028
v -0.00001045 0.07584670 0.04096252
v -0.00000008 0.07604683 0.04076485
v -0.00000008 0.07604683 0.04076485
v -0.00001045 0.07584670 0.04096252
v -0.00000008 0.07584685 0.04096479
v -0.00000008 0.07604683 0.04076485
v -0.00000008 0.07584685 0.04096479
v 0.00108107 0.07613770 0.04076440
v 0.00108107 0.07613770 0.04076440
v -0.00000008 0.07584685 0.04096479
v 0.00210563 0.07604677 0.04098455
v -0.00258433 0.10770220 -0.04552305
v 0.00403483 0.11019697 -0.04300120
v 0.00714721 0.10770220 -0.04502677
v 0.00714721 0.10770220 -0.04502677
v 0.00403483 0.11019697 -0.04300120
v 0.01738295 0.11019707 -0.03948985
v 0.00714721 0.10770220 -0.04502677
v 0.01738295 0.11019707 -0.03948985
v 0.01878015 0.10770580 -0.04161609
v 0.01878015 0.10770580 -0.04161609
v 0.01738295 0.11019707 -0.03948985
v 0.02891191 0.11019698 -0.03189997
v 0.01878015 0.10770580 -0.04161609
v 0.02891191 0.11019698 -0.03189997
v 0.02906236 0.10770221 -0.03497300
v 0.02906236 0.10770221 -0.03497300
v 0.02891191 0.11019698 -0.03189997
v 0.03578628 0.10770221 -0.02792021
v 0.03578628 0.10770221 -0.02792021
v 0.02891191 0.11019698 -0.03189997
v 0.03741345 0.11019708 -0.02102627
v 0.03578628 0.10770221 -0.02792021
v 0.03741345 0.11019708 -0.02102627
v 0.04188591 0.10770591 -0.01744467
v 0.04188591 0.10770591 -0.01744467
v 0.03741345 0.11019708 -0.02102627
v 0.04247396 0.11019798 -0.00581676
v 0.04188591 0.10770591 -0.01744467
v 0.04247396 0.11019798 -0.00581676
v 0.04478243 0.10770221 -0.00555047
v 0.04478243 0.10770221 -0.00555047
v 0.04247396 0.11019798 -0.00581676
v 0.04481371 0.10770221 0.00419347
v 0.04481371 0.10770221 0.00419347
v 0.04247396 0.11019798 -0.00581676
v 0.04125413 0.11019708 0.01031760
v 0.04481371 0.10770221 0.00419347
v 0.04125413 0.11019708 0.01031760
v 0.04274957 0.10770221 0.01371668
v 0.04274957 0.10770221 0.01371668
v 0.04125413 0.11019708 0.01031760
v 0.03562970 0.11019698 0.02292180
v 0.04274957 0.10770221 0.01371668
v 0.03562970 0.11019698 0.02292180
v 0.03868647 0.10770221 0.02257337
v 0.03868647 0.10770221 0.02257337
v 0.03562970 0.11019698 0.02292180
v 0.03121332 0.10770591 0.03211667
v 0.03121332 0.10770591 0.03211667
v 0.03562970 0.11019698 0.02292180
v 0.02786008 0.11019658 0.03163394
v 0.03121332 0.10770591 0.03211667
v 0.02786008 0.11019658 0.03163394
v 0.01843680 0.11019708 0.03793307
v 0.03121332 0.10770591 0.03211667
v 0.01843680 0.11019708 0.03793307
v 0.02093224 0.10766851 0.03940254
v 0.02093224 0.10766851 0.03940254
v 0.01843680 0.11019708 0.03793307
v 0.00799031 0.10768260 0.04399450
v 0.00799031 0.10768260 0.04399450
v 0.01843680 0.11019708 0.03793307
v 0.00631001 0.11019197 0.04162041
v 0.00799031 0.10768260 0.04399450
v 0.00631001 0.11019197 0.04162041
v -0.00000009 0.11019637 0.04196490
v 0.00799031 0.10768260 0.04399450
v -0.00000009 0.11019637 0.04196490
v -0.00000009 0.10769640 0.04446475
v -0.00000009 0.10769640 0.04446475
v -0.00000009 0.11019637 0.04196490
v -0.00036624 0.11023467 0.04196528
v -0.00000009 0.10769640 0.04446475
v -0.00036624 0.11023467 0.04196528
v -0.00602140 0.10769890 0.04415503
v -0.00602140 0.10769890 0.04415503
v -0.00036624 0.11023467 0.04196528
v -0.01738411 0.11019697 0.03842026
v -0.00602140 0.10769890 0.04415503
v -0.01738411 0.11019697 0.03842026
v -0.01892409 0.10772169 0.04045970
v -0.01892409 0.10772169 0.04045970
v -0.01738411 0.11019697 0.03842026
v -0.03061673 0.11019806 0.02937447
v -0.01892409 0.10772169 0.04045970
v -0.03061673 0.11019806 0.02937447
v -0.03091440 0.10770589 0.03240000
v -0.03091440 0.10770589 0.03240000
v -0.03061673 0.11019806 0.02937447
v -0.03853749 0.10770219 0.02282129
v -0.03853749 0.10770219 0.02282129
v -0.03061673 0.11019806 0.02937447
v -0.04034561 0.11019796 0.01375480
v -0.03853749 0.10770219 0.02282129
v -0.04034561 0.11019796 0.01375480
v -0.04265733 0.10770219 0.01399097
v -0.04265733 0.10770219 0.01399097
v -0.04034561 0.11019796 0.01375480
v -0.04478261 0.10770218 0.00448114
v -0.04478261 0.10770218 0.00448114
v -0.04034561 0.11019796 0.01375480
v -0.04261649 0.11019806 -0.00450661
v -0.04478261 0.10770218 0.00448114
v -0.04261649 0.11019806 -0.00450661
v -0.04481389 0.10770218 -0.00526281
v -0.04481389 0.10770218 -0.00526281
v -0.04261649 0.11019806 -0.00450661
v -0.04203852 0.10770588 -0.01706211
v -0.04203852 0.10770588 -0.01706211
v -0.04261649 0.11019806 -0.00450661
v -0.03795706 0.11019706 -0.02000122
v -0.04203852 0.10770588 -0.01706211
v -0.03795706 0.11019706 -0.02000122
v -0.03596164 0.10770219 -0.02768978
v -0.03596164 0.10770219 -0.02768978
v -0.03795706 0.11019706 -0.02000122
v -0.03117528 0.11019656 -0.02950210
v -0.03596164 0.10770219 -0.02768978
v -0.03117528 0.11019656 -0.02950210
v -0.02749930 0.10770589 -0.03637005
v -0.02749930 0.10770589 -0.03637005
v -0.03117528 0.11019656 -0.02950210
v -0.02248791 0.11019696 -0.03678359
v -0.02749930 0.10770589 -0.03637005
v -0.02248791 0.11019696 -0.03678359
v -0.01461797 0.10770589 -0.04327451
v -0.01461797 0.10770589 -0.04327451
v -0.02248791 0.11019696 -0.03678359
v -0.00973601 0.11019706 -0.04206648
v -0.01461797 0.10770589 -0.04327451
v -0.00973601 0.11019706 -0.04206648
v -0.00258433 0.10770220 -0.04552305
v -0.00258433 0.10770220 -0.04552305
v -0.00973601 0.11019706 -0.04206648
v 0.00403483 0.11019697 -0.04300120
v -0.00729806 0.07173628 0.04423247
v 0.00980969 0.07250218 0.04350971
v -0.01739957 0.07504684 0.04096479
v -0.01739957 0.07504684 0.04096479
v 0.00980969 0.07250218 0.04350971
v 0.01739941 0.07504685 0.04096479
v 0.00980969 0.07250218 0.04350971
v -0.00729806 0.07173628 0.04423247
v 0.00003744 0.07154954 0.04446787
v -0.01739957 0.08704668 0.04096479
v -0.00511197 0.08198335 0.04088367
v -0.00218315 0.08603960 0.04098071
v -0.00001045 0.07584670 0.04096252
v -0.01739957 0.07504684 0.04096479
v 0.01739941 0.07504685 0.04096479
v -0.00001045 0.07584670 0.04096252
v 0.01739941 0.07504685 0.04096479
v 0.00210563 0.07604677 0.04098455
v 0.01739941 0.07504685 0.04096479
v 0.00475155 0.07911107 0.04088238
v 0.00210563 0.07604677 0.04098455
v 0.00220521 0.08567865 0.04085709
v 0.01739941 0.08704669 0.04096479
v 0.00007129 0.08624682 0.04095254
v -0.01739957 0.08704668 0.04096479
v -0.00218315 0.08603960 0.04098071
v 0.00007129 0.08624682 0.04095254
v 0.00007129 0.08624682 0.04095254
v 0.01739941 0.08704669 0.04096479
v 0.00220521 0.08567865 0.04085709
v 0.00487435 0.08288056 0.04087868
v 0.01739941 0.08704669 0.04096479
v -0.00001045 0.07584670 0.04096252
v -0.00224189 0.07631476 0.04080028
v -0.01739957 0.07504684 0.04096479
v 0.01739941 0.07504685 0.04096479
v 0.00475155 0.07911107 0.04088238
v -0.01739957 0.07504684 0.04096479
v -0.00224189 0.07631476 0.04080028
v -0.00474080 0.07914839 0.04089236
v -0.00474080 0.07914839 0.04089236
v -0.00511197 0.08198335 0.04088367
v -0.01739957 0.07504684 0.04096479
v -0.00511197 0.08198335 0.04088367
v -0.01739957 0.08704668 0.04096479
v 0.01739941 0.08704669 0.04096479
v 0.00730534 0.09035746 0.04423226
v -0.01739957 0.08704668 0.04096479
v -0.01739957 0.08704668 0.04096479
v 0.00730534 0.09035746 0.04423226
v -0.00981400 0.08959087 0.04350906
v -0.00981400 0.08959087 0.04350906
v 0.00730534 0.09035746 0.04423226
v -0.00003779 0.09054398 0.04446789
v 0.00799031 0.10768260 0.04399450
v 0.00730534 0.09035746 0.04423226
v 0.02093224 0.10766851 0.03940254
v 0.02093224 0.10766851 0.03940254
v 0.00730534 0.09035746 0.04423226
v 0.01739941 0.08704669 0.04096479
v 0.01211784 0.06794699 0.04287366
v 0.02089396 0.06794680 0.03938245
v 0.01739941 0.07504685 0.04096479
v 0.00730534 0.09035746 0.04423226
v 0.00799031 0.10768260 0.04399450
v -0.00000009 0.09054664 0.04446475
v -0.00000009 0.09054664 0.04446475
v 0.00799031 0.10768260 0.04399450
v -0.00602140 0.10769890 0.04415503
v -0.00000009 0.09054664 0.04446475
v -0.00602140 0.10769890 0.04415503
v -0.00003779 0.09054398 0.04446789
v -0.00003779 0.09054398 0.04446789
v -0.00602140 0.10769890 0.04415503
v -0.00981400 0.08959087 0.04350906
v -0.00981400 0.08959087 0.04350906
v -0.00602140 0.10769890 0.04415503
v -0.01892409 0.10772169 0.04045970
v -0.01142830 0.06794705 0.04304536
v -0.00729806 0.07173628 0.04423247
v -0.02099910 0.06794671 0.03936874
v -0.02099910 0.06794671 0.03936874
v -0.00729806 0.07173628 0.04423247
v -0.01739957 0.07504684 0.04096479
v -0.02099910 0.06794671 0.03936874
v -0.01739957 0.07504684 0.04096479
v -0.01739957 0.08704668 0.04096479
v -0.01142830 0.06794705 0.04304536
v 0.00039662 0.06794803 0.04460371
v -0.00729806 0.07173628 0.04423247
v 0.00039662 0.06794803 0.04460371
v 0.00003744 0.07154954 0.04446787
v -0.00000008 0.07154689 0.04446475
v 0.00039662 0.06794803 0.04460371
v -0.00000008 0.07154689 0.04446475
v -0.00729806 0.07173628 0.04423247
v 0.01211784 0.06794699 0.04287366
v 0.00980969 0.07250218 0.04350971
v 0.00039662 0.06794803 0.04460371
v 0.00039662 0.06794803 0.04460371
v 0.00980969 0.07250218 0.04350971
v 0.00003744 0.07154954 0.04446787
v 0.01739941 0.07504685 0.04096479
v 0.00980969 0.07250218 0.04350971
v 0.01211784 0.06794699 0.04287366
v -0.00981400 0.08959087 0.04350906
v -0.01892409 0.10772169 0.04045970
v -0.01739957 0.08704668 0.04096479
v -0.01739957 0.08704668 0.04096479
v -0.01892409 0.10772169 0.04045970
v -0.02099910 0.06794671 0.03936874
v -0.02099910 0.06794671 0.03936874
v -0.01892409 0.10772169 0.04045970
v -0.03091440 0.10770589 0.03240000
v -0.02099910 0.06794671 0.03936874
v -0.03091440 0.10770589 0.03240000
v -0.03150529 0.06794694 0.03183116
v -0.03150529 0.06794694 0.03183116
v -0.03091440 0.10770589 0.03240000
v -0.03853749 0.10770219 0.02282129
v -0.03150529 0.06794694 0.03183116
v -0.03853749 0.10770219 0.02282129
v -0.03883067 0.06794694 0.02232436
v -0.03883067 0.06794694 0.02232436
v -0.03853749 0.10770219 0.02282129
v -0.04265733 0.10770219 0.01399097
v -0.03883067 0.06794694 0.02232436
v -0.04265733 0.10770219 0.01399097
v -0.04283685 0.06794693 0.01344255
v -0.04283685 0.06794693 0.01344255
v -0.04265733 0.10770219 0.01399097
v -0.04478261 0.10770218 0.00448114
v -0.04283685 0.06794693 0.01344255
v -0.04478261 0.10770218 0.00448114
v -0.04484003 0.06794693 0.00390701
v -0.04484003 0.06794693 0.00390701
v -0.04478261 0.10770218 0.00448114
v -0.04481389 0.10770218 -0.00526281
v -0.04484003 0.06794693 0.00390701
v -0.04481389 0.10770218 -0.00526281
v -0.04474655 0.06794693 -0.00583584
v -0.04474655 0.06794693 -0.00583584
v -0.04481389 0.10770218 -0.00526281
v -0.04203852 0.10770588 -0.01706211
v -0.04474655 0.06794693 -0.00583584
v -0.04203852 0.10770588 -0.01706211
v -0.04172890 0.06794693 -0.01782132
v -0.04172890 0.06794693 -0.01782132
v -0.04203852 0.10770588 -0.01706211
v -0.03596164 0.10770219 -0.02768978
v -0.04172890 0.06794693 -0.01782132
v -0.03596164 0.10770219 -0.02768978
v -0.03560849 0.06794693 -0.02814608
v -0.03560849 0.06794693 -0.02814608
v -0.03596164 0.10770219 -0.02768978
v -0.02749930 0.10770589 -0.03637005
v -0.03560849 0.06794693 -0.02814608
v -0.02749930 0.10770589 -0.03637005
v -0.02884012 0.06794694 -0.03515538
v -0.02884012 0.06794694 -0.03515538
v -0.02749930 0.10770589 -0.03637005
v -0.01840716 0.06794694 -0.04178145
v -0.01840716 0.06794694 -0.04178145
v -0.02749930 0.10770589 -0.03637005
v -0.01461797 0.10770589 -0.04327451
v -0.01840716 0.06794694 -0.04178145
v -0.01461797 0.10770589 -0.04327451
v -0.00686282 0.06794694 -0.04506838
v -0.00686282 0.06794694 -0.04506838
v -0.01461797 0.10770589 -0.04327451
v -0.00258433 0.10770220 -0.04552305
v -0.00686282 0.06794694 -0.04506838
v -0.00258433 0.10770220 -0.04552305
v 0.00287108 0.06794695 -0.04550250
v 0.00287108 0.06794695 -0.04550250
v -0.00258433 0.10770220 -0.04552305
v 0.00714721 0.10770220 -0.04502677
v 0.00287108 0.06794695 -0.04550250
v 0.00714721 0.10770220 -0.04502677
v 0.01500251 0.06794695 -0.04313791
v 0.01500251 0.06794695 -0.04313791
v 0.00714721 0.10770220 -0.04502677
v 0.01878015 0.10770580 -0.04161609
v 0.01500251 0.06794695 -0.04313791
v 0.01878015 0.10770580 -0.04161609
v 0.02782007 0.06794695 -0.03611779
v 0.02782007 0.06794695 -0.03611779
v 0.01878015 0.10770580 -0.04161609
v 0.02906236 0.10770221 -0.03497300
v 0.02782007 0.06794695 -0.03611779
v 0.02906236 0.10770221 -0.03497300
v 0.03578628 0.10770221 -0.02792021
v 0.03613156 0.06794696 -0.02745778
v 0.03613156 0.06794696 -0.02745778
v 0.03578628 0.10770221 -0.02792021
v 0.04188591 0.10770591 -0.01744467
v 0.03613156 0.06794696 -0.02745778
v 0.04188591 0.10770591 -0.01744467
v 0.04218330 0.06794696 -0.01668048
v 0.04218330 0.06794696 -0.01668048
v 0.04188591 0.10770591 -0.01744467
v 0.04478243 0.10770221 -0.00555047
v 0.04218330 0.06794696 -0.01668048
v 0.04478243 0.10770221 -0.00555047
v 0.04483988 0.06794696 -0.00497632
v 0.04483988 0.06794696 -0.00497632
v 0.04478243 0.10770221 -0.00555047
v 0.04481371 0.10770221 0.00419347
v 0.04483988 0.06794696 -0.00497632
v 0.04481371 0.10770221 0.00419347
v 0.04474640 0.06794696 0.00476652
v 0.04474640 0.06794696 0.00476652
v 0.04481371 0.10770221 0.00419347
v 0.04274957 0.10770221 0.01371668
v 0.04474640 0.06794696 0.00476652
v 0.04274957 0.10770221 0.01371668
v 0.04256062 0.06794696 0.01426188
v 0.04256062 0.06794696 0.01426188
v 0.04274957 0.10770221 0.01371668
v 0.03868647 0.10770221 0.02257337
v 0.04256062 0.06794696 0.01426188
v 0.03868647 0.10770221 0.02257337
v 0.03838476 0.06794696 0.02306520
v 0.03838476 0.06794696 0.02306520
v 0.03868647 0.10770221 0.02257337
v 0.03121332 0.10770591 0.03211667
v 0.03838476 0.06794696 0.02306520
v 0.03121332 0.10770591 0.03211667
v 0.03061338 0.06794696 0.03267589
v 0.03061338 0.06794696 0.03267589
v 0.03121332 0.10770591 0.03211667
v 0.02093224 0.10766851 0.03940254
v 0.03061338 0.06794696 0.03267589
v 0.02093224 0.10766851 0.03940254
v 0.02089396 0.06794680 0.03938245
v 0.02089396 0.06794680 0.03938245
v 0.02093224 0.10766851 0.03940254
v 0.01739941 0.08704669 0.04096479
v 0.01739941 0.07504685 0.04096479
v -0.04372388 0.06794693 -0.00053466
v -0.04484003 0.06794693 0.00390701
v -0.04474655 0.06794693 -0.00583584
v -0.04345851 0.06794693 -0.00534466
v -0.04266561 0.06794693 -0.01009618
v -0.04172890 0.06794693 -0.01782132
v -0.04135480 0.06794693 -0.01473174
v -0.03954201 0.06794693 -0.01919494
v -0.03724924 0.06794693 -0.02343159
v -0.03560849 0.06794693 -0.02814608
v -0.03450430 0.06794694 -0.02739028
v -0.03134055 0.06794694 -0.03102304
v -0.02884012 0.06794694 -0.03515538
v -0.02779634 0.06794694 -0.03428581
v -0.02391473 0.06794694 -0.03713880
v -0.01840716 0.06794694 -0.04178145
v -0.01974284 0.06794694 -0.03954734
v -0.01533128 0.06794694 -0.04148249
v -0.01073363 0.06794694 -0.04292047
v -0.00686282 0.06794694 -0.04506838
v -0.00600570 0.06794694 -0.04384391
v -0.00120486 0.06794695 -0.04424186
v 0.00287108 0.06794695 -0.04550250
v 0.00361060 0.06794695 -0.04410905
v 0.00838224 0.06794695 -0.04344731
v 0.01500251 0.06794695 -0.04313791
v 0.01305213 0.06794695 -0.04226483
v 0.01756357 0.06794695 -0.04057577
v 0.02186182 0.06794695 -0.03840062
v 0.02782007 0.06794695 -0.03611779
v 0.02589470 0.06794695 -0.03576577
v 0.02961325 0.06794696 -0.03270331
v 0.03297233 0.06794696 -0.02925035
v 0.03613156 0.06794696 -0.02745778
v 0.03593117 0.06794696 -0.02544877
v 0.03845386 0.06794696 -0.02134482
v 0.04218330 0.06794696 -0.01668048
v 0.04050976 0.06794696 -0.01698831
v 0.04207394 0.06794696 -0.01243197
v 0.04312739 0.06794696 -0.00773135
v 0.04483988 0.06794696 -0.00497632
v 0.04365733 0.06794696 -0.00294332
v 0.04365733 0.06794696 0.00187400
v 0.04474640 0.06794696 0.00476652
v 0.04312739 0.06794696 0.00666214
v 0.04207394 0.06794696 0.01136276
v 0.04256062 0.06794696 0.01426188
v 0.04050976 0.06794696 0.01591910
v 0.03845386 0.06794696 0.02027561
v 0.03838476 0.06794696 0.02306520
v 0.03593117 0.06794696 0.02437956
v 0.03297233 0.06794696 0.02818115
v 0.03061338 0.06794696 0.03267589
v 0.02961325 0.06794696 0.03163411
v 0.02589470 0.06794696 0.03469657
v 0.02186182 0.06794696 0.03733130
v 0.02089396 0.06794680 0.03938245
v 0.01756357 0.06794695 0.03950645
v 0.01305213 0.06794695 0.04119563
v 0.01211784 0.06794699 0.04287366
v 0.00838224 0.06794695 0.04237810
v 0.00361060 0.06794695 0.04303984
v 0.00039662 0.06794803 0.04460371
v -0.00120486 0.06794695 0.04317253
v -0.00600570 0.06794695 0.04277471
v -0.01073363 0.06794695 0.04185126
v -0.01142830 0.06794705 0.04304536
v -0.01533128 0.06794694 0.04041329
v -0.01974284 0.06794694 0.03847814
v -0.02099910 0.06794671 0.03936874
v -0.02391473 0.06794694 0.03606948
v -0.02779634 0.06794694 0.03321661
v -0.03150529 0.06794694 0.03183116
v -0.03134055 0.06794694 0.02995383
v -0.03450430 0.06794694 0.02632106
v -0.03724924 0.06794694 0.02236238
v -0.03883067 0.06794694 0.02232436
v -0.03954201 0.06794694 0.01812574
v -0.04135480 0.06794693 0.01366242
v -0.04283685 0.06794693 0.01344255
v -0.04266561 0.06794693 0.00902698
v -0.04345851 0.06794693 0.00427533
f 1 2 3
f 1 4 5
f 1 6 4
f 1 3 6
f 7 8 9
f 10 8 7
f 7 11 10
f 7 12 11
f 13 14 15
f 15 16 13
f 15 17 16
f 18 19 20
f 20 21 18
f 20 22 21
f 23 24 25
f 26 27 28
f 29 30 31
f 32 33 34
f 35 36 37
f 38 39 40
f 41 42 43
f 44 45 46
f 47 48 49
f 50 51 52
f 53 54 55
f 56 57 58
f 59 60 61
f 62 63 64
f 65 66 67
f 68 69 70
f 71 72 73
f 74 75 76
f 77 78 79
f 80 81 82
f 83 84 85
f 86 87 88
f 89 90 91
f 92 93 94
f 95 96 97
f 98 99 100
f 101 102 103
f 104 105 106
f 107 108 109
f 110 111 112
f 113 114 115
f 116 117 118
f 119 120 121
f 122 123 124
f 125 126 127
f 128 129 130
f 131 132 133
f 134 135 136
f 137 138 139
f 140 141 142
f 143 144 145
f 146 147 148
f 149 150 151
f 152 153 154
f 155 156 157
f 158 159 160
f 161 162 163
f 164 165 166
f 167 168 169
f 170 171 172
f 173 174 175
f 176 177 178
f 179 180 181
f 182 183 184
f 185 186 187
f 188 189 190
f 191 192 193
f 194 195 196
f 197 198 199
f 200 201 202
f 203 204 205
f 206 207 208
f 209 210 211
f 212 213 214
f 215 216 217
f 218 219 220
f 221 222 223
f 224 225 226
f 227 228 229
f 230 231 232
f 233 234 235
f 236 237 238
f 239 240 241
f 242 243 244
f 245 246 247
f 248 249 250
f 251 252 253
f 254 255 256
f 257 258 259
f 260 261 262
f 263 264 265
f 266 267 268
f 269 270 271
f 272 273 274
f 275 276 277
f 278 279 280
f 281 282 283
f 284 285 286
f 287 288 289
f 290 291 292
f 293 294 295
f 296 297 298
f 299 300 301
f 302 303 304
f 305 306 307
f 308 309 310
f 311 312 313
f 314 315 316
f 317 318 319
f 320 321 322
f 323 324 325
f 326 327 328
f 326 328 329
f 329 328 330
f 329 330 331
f 329 331 332
f 332 331 333
f 333 331 334
f 333 334 335
f 333 335 314
f 314 335 315
f 336 337 338
f 339 340 341
f 342 343 344
f 345 346 347
f 348 349 350
f 348 350 351
f 351 350 352
f 351 352 353
f 351 353 354
f 354 353 355
f 355 353 356
f 355 356 357
f 355 357 336
f 336 357 337
f 358 359 360
f 360 359 361
f 360 361 362
f 360 362 363
f 363 362 364
f 363 364 365
f 365 364 366
f 365 366 367
f 368 369 370
f 371 372 373
f 367 374 375
f 375 374 376
f 375 376 358
f 358 376 359
f 377 378 379
f 379 378 380
f 379 380 381
f 381 380 382
f 381 382 383
f 381 383 384
f 384 383 385
f 384 385 386
f 387 388 389
f 390 391 392
f 386 393 377
f 394 395 396
f 394 396 397
f 398 399 400
f 401 402 403
f 404 405 406
f 407 408 409
f 410 411 412
f 413 414 415
f 416 417 418
f 419 420 421
f 422 423 424
f 425 426 427
f 428 429 430
f 431 432 433
f 434 435 436
f 437 438 439
f 440 441 442
f 443 444 445
f 446 447 448
f 449 450 451
f 452 453 454
f 455 456 457
f 458 459 460
f 461 462 463
f 464 465 466
f 467 468 469
f 470 471 472
f 473 474 475
f 476 477 478
f 479 480 481
f 482 483 484
f 485 486 487
f 488 489 490
f 491 492 493
f 494 495 496
f 497 498 499
f 500 501 502
f 503 504 505
f 506 507 508
f 509 510 511
f 512 513 514
f 515 516 517
f 518 519 520
f 521 522 523
f 524 525 526
f 527 528 529
f 530 531 532
f 533 534 535
f 536 537 538
f 539 540 541
f 542 543 544
f 545 546 547
f 548 549 550
f 551 552 553
f 554 555 556
f 557 558 559
f 560 561 562
f 563 564 565
f 566 567 568
f 569 570 571
f 572 573 574
f 575 576 577
f 578 579 580
f 581 582 583
f 584 585 586
f 587 588 589
f 590 591 592
f 593 594 595
f 596 597 598
f 599 600 601
f 602 603 604
f 605 606 607
f 608 609 610
f 611 612 613
f 614 615 616
f 617 618 619
f 620 621 622
f 623 624 625
f 626 627 628
f 629 630 631
f 632 633 634
f 635 636 637
f 638 639 640
f 641 642 643
f 644 645 646
f 647 648 649
f 650 651 652
f 653 654 655
f 656 657 658
f 659 660 661
f 662 663 664
f 665 666 667
f 668 669 670
f 671 672 673
f 674 675 676
f 677 678 679
f 680 681 682
f 683 684 685
f 686 687 688
f 689 690 691
f 692 693 694
f 695 696 697
f 698 699 700
f 701 702 703
f 704 705 706
f 707 708 709
f 710 711 712
f 713 714 715
f 716 717 718
f 719 720 721
f 722 723 724
f 725 726 727
f 728 729 730
f 731 732 733
f 734 735 736
f 737 738 739
f 740 741 742
f 743 744 745
f 746 747 748
f 749 750 751
f 752 753 754
f 755 756 757
f 758 759 760
f 761 762 763
f 764 765 766
f 767 768 769
f 770 771 772
f 773 774 775
f 776 777 778
f 779 780 781
f 782 783 784
f 785 786 787
f 788 789 790
f 791 792 793
f 794 795 796
f 797 798 799
f 800 801 802
f 803 804 805
f 806 807 808
f 809 810 811
f 812 813 814
f 815 816 817
f 818 819 820
f 821 822 823
f 823 822 824
f 823 825 821
f 823 826 825
f 823 827 826
f 828 827 823
f 823 829 828
f 823 830 829
f 823 831 830
f 832 833 834
f 835 836 837
f 838 839 840
f 841 842 843
f 844 845 846
f 847 848 849
f 850 851 852
f 853 854 855
f 856 857 858
f 859 860 861
f 862 863 864
f 865 866 867
f 868 869 870
f 871 872 873
f 874 875 876
f 877 878 879
f 880 881 882
f 883 884 885
f 886 887 888
f 889 890 891
f 892 893 894
f 895 896 897
f 898 899 900
f 901 902 903
f 904 905 906
f 907 908 909
f 910 911 912
f 913 914 915
f 916 917 918
f 919 920 921
f 922 923 924
f 925 926 927
f 928 929 930
f 931 932 933
f 934 935 936
f 937 938 939
f 940 941 942
f 943 944 945
f 946 947 948
f 948 947 949
f 950 951 952
f 953 954 955
f 956 957 958
f 959 960 961
f 962 963 964
f 965 966 967
f 968 969 970
f 971 972 973
f 974 975 976
f 977 978 979
f 980 981 982
f 983 984 985
f 986 987 988
f 989 990 991
f 992 993 994
f 995 996 997
f 998 999 1000
f 1001 1002 1003
f 1004 1005 1006
f 1007 1008 1009
f 1010 1011 1012
f 1013 1014 1015
f 1016 1017 1018
f 1019 1020 1021
f 1022 1023 1024
f 1025 1026 1027
f 1028 1029 1030
f 1031 1032 1033
f 1034 1035 1036
f 1037 1038 1039
f 1040 1041 1042
f 1043 1044 1045
f 1046 1047 1048
f 1049 1050 1051
f 1052 1053 1054
f 1055 1056 1057
f 1058 1059 1060
f 1061 1062 1063
f 1064 1065 1066
f 1067 1068 1069
f 1070 1071 1072
f 1073 1074 1075
f 1076 1077 1078
f 1079 1080 1081
f 1082 1083 1084
f 1085 1086 1087
f 1088 1089 1090
f 1091 1092 1093
f 1094 1095 1096
f 1097 1098 1099
f 1100 1101 1102
f 1103 1104 1105
f 1106 1107 1108
f 1109 1110 1111
f 1112 1113 1114
f 1115 1116 1117
f 1118 1119 1120
f 1121 1122 1123
f 1124 1125 1126
f 1127 1128 1129
f 1130 1131 1132
f 1133 1134 1135
f 1136 1137 1138
f 1139 1140 1141
f 1142 1143 1144
f 1145 1146 1147
f 1148 1149 1150
f 1151 1152 1153
f 1154 1155 1156
f 1157 1158 1159
f 1160 1161 1162
f 1163 1164 1165
f 1166 1167 1168
f 1169 1170 1171
f 1172 1173 1174
f 1175 1176 1177
f 1178 1179 1180
f 1181 1182 1183
f 1184 1185 1186
f 1187 1188 1189
f 1190 1191 1192
f 1193 1194 1195
f 1196 1197 1198
f 1199 1200 1201
f 1202 1203 1204
f 1205 1206 1207
f 1208 1209 1210
f 1211 1212 1213
f 1214 1215 1216
f 1217 1218 1219
f 1220 1221 1222
f 1223 1224 1225
f 1226 1227 1228
f 1229 1230 1231
f 1232 1233 1234
f 1235 1236 1237
f 1238 1239 1240
f 1241 1242 1243
f 1244 1245 1246
f 1247 1248 1249
f 1250 1251 1252
f 1253 1254 1255
f 1256 1257 1258
f 1259 1260 1261
f 1262 1263 1264
f 1265 1266 1267
f 1268 1269 1270
f 1271 1272 1273
f 1274 1275 1276
f 1277 1278 1279
f 1280 1281 1282
f 1283 1284 1285
f 1286 1287 1288
f 1289 1290 1291
f 1292 1293 1294
f 1295 1296 1297
f 1298 1299 1300
f 1301 1302 1303
f 1304 1305 1306
f 1307 1308 1309
f 1310 1311 1312
f 1313 1314 1315
f 1316 1317 1318
f 1319 1320 1321
f 1322 1323 1324
f 1325 1326 1327
f 1328 1329 1330
f 1331 1332 1333
f 1334 1335 1336
f 1337 1338 1339
f 1340 1341 1342
f 1343 1344 1345
f 1346 1347 1348
f 1349 1350 1351
f 1352 1353 1354
f 1355 1356 1357
f 1358 1359 1360
f 1361 1362 1363
f 1364 1365 1366
f 1367 1368 1369
f 1370 1371 1372
f 1373 1374 1375
f 1376 1377 1378
f 1379 1380 1381
f 1382 1383 1384
f 1385 1386 1387
f 1388 1389 1390
f 1391 1392 1393
f 1394 1395 1396
f 1397 1398 1399
f 1400 1401 1402
f 1403 1404 1405
f 1406 1407 1408
f 1409 1410 1411
f 1412 1413 1414
f 1415 1416 1417
f 1418 1419 1420
f 1421 1422 1423
f 1424 1425 1426
f 1427 1428 1429
f 1430 1431 1432
f 1433 1434 1435
f 1436 1437 1438
f 1438 1437 1439
f 1440 1441 1442
f 1443 1444 1445
f 1446 1447 1448
f 1449 1450 1451
f 1452 1453 1454
f 1455 1456 1457
f 1458 1459 1460
f 1461 1462 1463
f 1464 1465 1466
f 1467 1468 1469
f 1470 1471 1472
f 1473 1474 1475
f 1476 1477 1478
f 1478 1477 1479
f 1480 1481 1482
f 1483 1484 1485
f 1472 1486 1487
f 1488 1489 1490
f 1491 1492 1493
f 1494 1495 1496
f 1497 1498 1499
f 1500 1501 1502
f 1503 1504 1505
f 1506 1507 1508
f 1509 1510 1511
f 1512 1513 1514
f 1514 1513 1515
f 1514 1515 1471
f 1516 1517 1518
f 1519 1520 1521
f 1522 1523 1524
f 1525 1526 1527
f 1528 1513 1529
f 1529 1513 1512
f 1530 1505 1472
f 1531 1532 1533
f 1533 1532 1534
f 1535 1536 1537
f 1538 1539 1540
f 1541 1542 1543
f 1544 1545 1546
f 1547 1548 1549
f 1550 1551 1552
f 1531 1533 1553
f 1554 1555 1512
f 1554 1556 1555
f 1557 1558 1559
f 1560 1561 1562
f 1563 1564 1565
f 1566 1567 1568
f 1569 1570 1571
f 1512 1555 1529
f 1529 1555 1572
f 1572 1555 1573
f 1572 1573 1574
f 1575 1576 1577
f 1534 1532 1578
f 1579 1580 1581
f 1582 1583 1584
f 1585 1586 1587
f 1588 1589 1590
f 1591 1592 1593
f 1594 1595 1596
f 1597 1598 1599
f 1600 1601 1602
f 1603 1604 1605
f 1606 1607 1608
f 1609 1610 1611
f 1612 1613 1614
f 1474 1615 1475
f 1616 1617 1618
f 1619 1620 1621
f 1622 1623 1475
f 1624 1625 1626
f 1627 1628 1629
f 1601 1630 1631
f 1632 1487 1633
f 1634 1635 1636
f 1637 1638 1639
f 1640 1641 1642
f 1643 1644 1645
f 1646 1647 1648
f 1649 1650 1651
f 1652 1175 1653
f 1654 1655 1656
f 1657 1658 1659
f 1660 1661 1662
f 1663 1664 1665
f 1666 1667 1668
f 1669 1670 1671
f 1672 1673 1674
f 1675 1676 1677
f 1678 1679 1680
f 1681 1205 1682
f 1683 1684 1685
f 1686 1687 1688
f 1689 1690 1691
f 1692 1693 1694
f 1695 1696 1697
f 1698 1699 1700
f 1701 1702 1703
f 1704 1705 1706
f 1707 1708 1709
f 1710 1711 1712
f 1713 1714 1715
f 1716 1717 1718
f 1719 1720 1721
f 1722 1723 1724
f 1725 1726 1727
f 1728 1729 1730
f 1731 1732 1733
f 1734 1735 1736
f 1737 1738 1739
f 1740 1741 1742
f 1743 1744 1745
f 1746 1747 1748
f 1749 1750 1751
f 1752 1753 1754
f 1755 1756 1757
f 1758 1759 1760
f 1761 1762 1763
f 1764 1765 1766
f 1767 1768 1769
f 1770 1771 1772
f 1773 1774 1775
f 1776 1777 1778
f 1779 1780 1781
f 1782 1783 1784
f 1785 1786 1787
f 1788 1789 1790
f 1791 1792 1793
f 1794 1795 1796
f 1797 1798 1799
f 1800 1801 1802
f 1803 1804 1805
f 1806 1807 1808
f 1809 1810 1811
f 1812 1813 1814
f 1815 1816 1817
f 1818 1819 1820
f 1821 1822 1823
f 1824 1825 1826
f 1824 1826 1827
f 1828 1829 1830
f 1831 1832 1833
f 1834 1835 1836
f 1837 1838 1839
f 1840 1841 1842
f 1843 1844 1845
f 1846 1847 1848
f 1849 1850 1851
f 1852 1853 1854
f 1855 1856 1857
f 1858 1859 1860
f 1861 1862 1863
f 1864 1865 1866
f 1867 1868 1869
f 1870 1871 1872
f 1873 1874 1875
f 1876 1877 1878
f 1879 1880 1881
f 1882 1883 1884
f 1885 1886 1887
f 1888 1889 1890
f 1891 1892 1893
f 1894 1895 1896
f 1897 1898 1899
f 1900 1901 1902
f 1903 1904 1905
f 1906 1907 1908
f 1909 1910 1911
f 1912 1913 1914
f 1915 1916 1917
f 1918 1919 1920
f 1921 1922 1923
f 1924 1925 1926
f 1927 1928 1929
f 1930 1931 1932
f 1933 1934 1935
f 1936 1937 1938
f 1939 1940 1941
f 1942 1943 1944
f 1945 1946 1947
f 1948 1949 1950
f 1951 1952 1953
f 1954 1955 1956
f 1957 1958 1959
f 1960 1961 1962
f 1963 1964 1965
f 1966 1967 1968
f 1969 1970 1971
f 1972 1973 1974
f 1975 1976 1977
f 1978 1979 1980
f 1981 1982 1983
f 1984 1985 1986
f 1987 1988 1989
f 1990 1991 1992
f 1993 1994 1995
f 1996 1997 1998
f 1999 2000 2001
f 2002 2003 2004
f 2005 2006 2007
f 2008 2009 2010
f 2011 2012 2013
f 2014 2015 2016
f 2014 2016 2017
f 2017 2016 2018
f 2018 2016 2019
f 2020 2021 2022
f 2020 2022 2023
f 2023 2022 2024
f 2024 2022 2025
f 2026 2027 2028
f 2018 2029 2030
f 2030 2029 2031
f 2030 2031 2032
f 2024 2025 2033
f 2024 2033 2034
f 2034 2033 2035
f 2034 2035 2036
f 2037 2038 2039
f 2039 2038 2040
f 2040 2038 2015
f 2040 2015 2014
f 2041 2042 2043
f 2041 2043 2044
f 2044 2043 2021
f 2044 2021 2020
f 2032 2031 2045
f 2032 2045 2046
f 2046 2045 2047
f 2046 2047 2048
f 2048 2047 2049
f 2035 2050 2036
f 2036 2050 2051
f 2051 2050 2052
f 2051 2052 2037
f 2037 2052 2038
f 2048 2049 2053
f 2048 2053 2054
f 2054 2053 2041
f 2041 2053 2042
f 2055 2056 2057
f 2058 2059 2060
f 2061 2062 2063
f 2064 2065 2066
f 2067 2068 2069
f 2070 2071 2072
f 2073 2074 2075
f 2076 2077 2078
f 2079 2080 2081
f 2082 2083 2084
f 2085 2086 2087
f 2088 2089 2090
f 2091 2092 2093
f 2094 2095 2096
f 2097 2098 2099
f 2100 2101 2102
f 2103 2104 2105
f 2106 2107 2108
f 2109 2110 2111
f 2112 2113 2114
f 2115 2116 2117
f 2118 2119 2120
f 2121 2122 2123
f 2124 2125 2126
f 2127 2128 2129
f 2130 2131 2132
f 2133 2134 2135
f 2136 2137 2138
f 2139 2140 2141
f 2142 2143 2144
f 2145 2146 2147
f 2148 2149 2150
f 2151 2152 2153
f 2154 2155 2156
f 2157 2158 2159
f 2160 2161 2162
f 2163 2164 2165
f 2166 2167 2168
f 2169 2170 2171
f 2172 2173 2174
f 2175 2176 2177
f 2178 2179 2180
f 2181 2182 2183
f 2184 2185 2186
f 2187 2188 2189
f 2190 2191 2192
f 2193 2194 2195
f 2196 2197 2198
f 2199 2200 2201
f 2202 2203 2204
f 2205 2206 2207
f 2208 2209 2210
f 2211 2212 2213
f 2214 2215 2216
f 2217 2218 2219
f 2220 2221 2222
f 2223 2224 2225
f 2226 2227 2228
f 2229 2230 2231
f 2214 2232 2233
f 2234 2235 2236
f 2237 2238 2239
f 2236 2235 2240
f 2240 2235 2241
f 2242 2243 2244
f 2218 2245 2246
f 2247 2248 2249
f 2250 2251 2252
f 2253 2254 2255
f 2256 2257 2258
f 2259 2260 2261
f 2262 2263 2264
f 2265 2266 2267
f 2268 2269 2270
f 2271 2272 2273
f 2274 2275 2276
f 2277 2278 2279
f 2280 2281 2282
f 2283 2284 2285
f 2286 2287 2288
f 2289 2290 2291
f 2292 2293 2294
f 2295 2296 2297
f 2298 2299 2300
f 2301 2302 2303
f 2304 2305 2306
f 2307 2308 2309
f 2310 2311 2312
f 2313 2314 2315
f 2316 2317 2318
f 2319 2320 2321
f 2322 2323 2324
f 2325 2326 2327
f 2328 2329 2330
f 2331 2332 2333
f 2334 2335 2336
f 2337 2338 2339
f 2340 2341 2342
f 2343 2344 2345
f 2346 2347 2348
f 2349 2350 2351
f 2352 2353 2354
f 2355 2356 2357
f 2358 2359 2360
f 2361 2362 2363
f 2364 2365 2366
f 2367 2368 2369
f 2370 2371 2372
f 2373 2374 2375
f 2376 2377 2378
f 2379 2380 2381
f 2382 2383 2384
f 2385 2386 2387
f 2388 2389 2390
f 2391 2392 2393
f 2394 2395 2396
f 2394 2396 2397
f 2398 2399 2400
f 2401 2402 2403
f 2404 2405 2406
f 2407 2408 2409
f 2410 2411 2412
f 2413 2414 2415
f 2416 2417 2418
f 2419 2420 2421
f 2422 2423 2424
f 2425 2426 2427
f 2428 2429 2430
f 2431 2432 2433
f 2434 2435 2436
f 2437 2438 2439
f 2440 2441 2442
f 2440 2442 2443
f 2444 2445 2446
f 2444 2446 2447
f 2447 2446 2448
f 2448 2446 2449
f 2448 2449 2450
f 2450 2449 2451
f 2451 2449 2452
f 2452 2449 2453
f 2452 2453 2454
f 2454 2453 2455
f 2455 2453 2456
f 2455 2456 2457
f 2457 2456 2458
f 2458 2456 2459
f 2458 2459 2460
f 2460 2459 2461
f 2461 2459 2462
f 2462 2459 2463
f 2462 2463 2464
f 2464 2463 2465
f 2465 2463 2466
f 2465 2466 2467
f 2467 2466 2468
f 2468 2466 2469
f 2468 2469 2470
f 2470 2469 2471
f 2471 2469 2472
f 2472 2469 2473
f 2472 2473 2474
f 2474 2473 2475
f 2475 2473 2476
f 2476 2473 2477
f 2476 2477 2478
f 2478 2477 2479
f 2479 2477 2480
f 2479 2480 2481
f 2481 2480 2482
f 2482 2480 2483
f 2483 2480 2484
f 2483 2484 2485
f 2485 2484 2486
f 2486 2484 2487
f 2486 2487 2488
f 2488 2487 2489
f 2489 2487 2490
f 2489 2490 2491
f 2491 2490 2492
f 2492 2490 2493
f 2492 2493 2494
f 2494 2493 2495
f 2495 2493 2496
f 2495 2496 2497
f 2497 2496 2498
f 2498 2496 2499
f 2499 2496 2500
f 2499 2500 2501
f 2501 2500 2502
f 2502 2500 2503
f 2502 2503 2504
f 2504 2503 2505
f 2505 2503 2506
f 2505 2506 2507
f 2507 2506 2508
f 2508 2506 2509
f 2509 2506 2510
f 2509 2510 2511
f 2511 2510 2512
f 2512 2510 2513
f 2512 2513 2514
f 2514 2513 2515
f 2515 2513 2516
f 2515 2516 2517
f 2517 2516 2518
f 2518 2516 2519
f 2519 2516 2520
f 2519 2520 2521
f 2521 2520 2522
f 2522 2520 2523
f 2522 2523 2524
f 2524 2523 2525
f 2525 2523 2445
f 2525 2445 2444

