# https://github.com/mikedh/trimesh
mtllib material.mtl

o eSeries_UR10e_010-mesh
usemtl material_0
v -0.05820020 -0.05627476 0.01599820
v -0.06040525 -0.05589997 0.01599962
v -0.06214194 -0.05638525 0.01599970
v -0.06382088 -0.06214172 0.01599917
v -0.06230360 -0.06372743 0.01599918
v -0.06372739 -0.05790300 0.01599917
v -0.06434202 -0.06000983 0.01599917
v -0.06019675 -0.06434206 0.01599918
v -0.05806486 -0.06382091 0.01599918
v -0.05627472 -0.06200639 0.01599821
v -0.05589993 -0.05980134 0.01599963
v -0.05638568 -0.05806490 0.01599917
v 0.06019675 0.06434206 0.01599917
v 0.05963980 0.06459472 0.01629966
v 0.05806486 0.06382091 0.01599917
v 0.05806486 0.06382091 0.01599917
v 0.05963980 0.06459472 0.01629966
v 0.05774567 0.06398649 0.01629935
v 0.05806486 0.06382091 0.01599917
v 0.05774567 0.06398649 0.01629935
v 0.05627472 0.06200639 0.01599820
v 0.05627472 0.06200639 0.01599820
v 0.05774567 0.06398649 0.01629935
v 0.05590403 0.06193523 0.01629866
v 0.05627472 0.06200639 0.01599820
v 0.05590403 0.06193523 0.01629866
v 0.05589993 0.05980134 0.01599962
v 0.05589993 0.05980134 0.01599962
v 0.05590403 0.06193523 0.01629866
v 0.05561187 0.05963988 0.01629966
v 0.05589993 0.05980134 0.01599962
v 0.05561187 0.05963988 0.01629966
v 0.05638568 0.05806490 0.01599917
v 0.05638568 0.05806490 0.01599917
v 0.05561187 0.05963988 0.01629966
v 0.05622010 0.05774571 0.01629935
v 0.05638568 0.05806490 0.01599917
v 0.05622010 0.05774571 0.01629935
v 0.05763265 0.05668913 0.01599977
v 0.05763265 0.05668913 0.01599977
v 0.05622010 0.05774571 0.01629935
v 0.05827137 0.05590407 0.01629866
v 0.05763265 0.05668913 0.01599977
v 0.05827137 0.05590407 0.01629866
v 0.05962441 0.05585476 0.01599820
v 0.05962441 0.05585476 0.01599820
v 0.05827137 0.05590407 0.01629866
v 0.06056670 0.05561191 0.01629966
v 0.05962441 0.05585476 0.01599820
v 0.06056670 0.05561191 0.01629966
v 0.06214168 0.05638572 0.01599917
v 0.06214168 0.05638572 0.01599917
v 0.06056670 0.05561191 0.01629966
v 0.06246087 0.05622013 0.01629935
v 0.06214168 0.05638572 0.01599917
v 0.06246087 0.05622013 0.01629935
v 0.06372739 0.05790300 0.01599917
v 0.06372739 0.05790300 0.01599917
v 0.06246087 0.05622013 0.01629935
v 0.06430253 0.05827141 0.01629866
v 0.06372739 0.05790300 0.01599917
v 0.06430253 0.05827141 0.01629866
v 0.06434202 0.06000983 0.01599917
v 0.06434202 0.06000983 0.01599917
v 0.06430253 0.05827141 0.01629866
v 0.06459468 0.06056679 0.01629966
v 0.06434202 0.06000983 0.01599917
v 0.06459468 0.06056679 0.01629966
v 0.06382088 0.06214172 0.01599917
v 0.06382088 0.06214172 0.01599917
v 0.06459468 0.06056679 0.01629966
v 0.06398645 0.06246092 0.01629935
v 0.06382088 0.06214172 0.01599917
v 0.06398645 0.06246092 0.01629935
v 0.06230360 0.06372743 0.01599917
v 0.06230360 0.06372743 0.01599917
v 0.06398645 0.06246092 0.01629935
v 0.06193518 0.06430257 0.01629866
v 0.06230360 0.06372743 0.01599917
v 0.06193518 0.06430257 0.01629866
v 0.06019675 0.06434206 0.01599917
v 0.06019675 0.06434206 0.01599917
v 0.06193518 0.06430257 0.01629866
v 0.05963980 0.06459472 0.01629966
v 0.05980134 -0.05589993 0.01599962
v 0.05963988 -0.05561187 0.01629967
v 0.05806490 -0.05638568 0.01599917
v 0.05806490 -0.05638568 0.01599917
v 0.05963988 -0.05561187 0.01629967
v 0.05774571 -0.05622010 0.01629935
v 0.05806490 -0.05638568 0.01599917
v 0.05774571 -0.05622010 0.01629935
v 0.05627357 -0.05819960 0.01599950
v 0.05627357 -0.05819960 0.01599950
v 0.05774571 -0.05622010 0.01629935
v 0.05590407 -0.05827136 0.01629866
v 0.05627357 -0.05819960 0.01599950
v 0.05590407 -0.05827136 0.01629866
v 0.05589997 -0.06040525 0.01599963
v 0.05589997 -0.06040525 0.01599963
v 0.05590407 -0.05827136 0.01629866
v 0.05561191 -0.06056670 0.01629967
v 0.05589997 -0.06040525 0.01599963
v 0.05561191 -0.06056670 0.01629967
v 0.05638572 -0.06214168 0.01599917
v 0.05638572 -0.06214168 0.01599917
v 0.05561191 -0.06056670 0.01629967
v 0.05622013 -0.06246087 0.01629935
v 0.05638572 -0.06214168 0.01599917
v 0.05622013 -0.06246087 0.01629935
v 0.05790300 -0.06372739 0.01599918
v 0.05790300 -0.06372739 0.01599918
v 0.05622013 -0.06246087 0.01629935
v 0.05827141 -0.06430253 0.01629866
v 0.05790300 -0.06372739 0.01599918
v 0.05827141 -0.06430253 0.01629866
v 0.06000983 -0.06434202 0.01599918
v 0.06000983 -0.06434202 0.01599918
v 0.05827141 -0.06430253 0.01629866
v 0.06056678 -0.06459468 0.01629967
v 0.06000983 -0.06434202 0.01599918
v 0.06056678 -0.06459468 0.01629967
v 0.06214172 -0.06382088 0.01599918
v 0.06214172 -0.06382088 0.01599918
v 0.06056678 -0.06459468 0.01629967
v 0.06246092 -0.06398645 0.01629935
v 0.06214172 -0.06382088 0.01599918
v 0.06246092 -0.06398645 0.01629935
v 0.06372743 -0.06230360 0.01599917
v 0.06372743 -0.06230360 0.01599917
v 0.06246092 -0.06398645 0.01629935
v 0.06430257 -0.06193517 0.01629866
v 0.06372743 -0.06230360 0.01599917
v 0.06430257 -0.06193517 0.01629866
v 0.06434206 -0.06019675 0.01599917
v 0.06434206 -0.06019675 0.01599917
v 0.06430257 -0.06193517 0.01629866
v 0.06459472 -0.05963980 0.01629967
v 0.06434206 -0.06019675 0.01599917
v 0.06459472 -0.05963980 0.01629967
v 0.06382091 -0.05806486 0.01599917
v 0.06382091 -0.05806486 0.01599917
v 0.06459472 -0.05963980 0.01629967
v 0.06398649 -0.05774567 0.01629935
v 0.06382091 -0.05806486 0.01599917
v 0.06398649 -0.05774567 0.01629935
v 0.06200639 -0.05627472 0.01599820
v 0.06200639 -0.05627472 0.01599820
v 0.06398649 -0.05774567 0.01629935
v 0.06193523 -0.05590403 0.01629866
v 0.06200639 -0.05627472 0.01599820
v 0.06193523 -0.05590403 0.01629866
v 0.05980134 -0.05589993 0.01599962
v 0.05980134 -0.05589993 0.01599962
v 0.06193523 -0.05590403 0.01629866
v 0.05963988 -0.05561187 0.01629967
v -0.06000983 0.06434203 0.01599917
v -0.06056678 0.06459468 0.01629966
v -0.06214172 0.06382088 0.01599917
v -0.06214172 0.06382088 0.01599917
v -0.06056678 0.06459468 0.01629966
v -0.06246092 0.06398645 0.01629935
v -0.06214172 0.06382088 0.01599917
v -0.06246092 0.06398645 0.01629935
v -0.06372743 0.06230360 0.01599917
v -0.06372743 0.06230360 0.01599917
v -0.06246092 0.06398645 0.01629935
v -0.06430257 0.06193518 0.01629866
v -0.06372743 0.06230360 0.01599917
v -0.06430257 0.06193518 0.01629866
v -0.06434206 0.06019675 0.01599917
v -0.06434206 0.06019675 0.01599917
v -0.06430257 0.06193518 0.01629866
v -0.06459472 0.05963980 0.01629966
v -0.06434206 0.06019675 0.01599917
v -0.06459472 0.05963980 0.01629966
v -0.06382091 0.05806487 0.01599917
v -0.06382091 0.05806487 0.01599917
v -0.06459472 0.05963980 0.01629966
v -0.06398649 0.05774567 0.01629935
v -0.06382091 0.05806487 0.01599917
v -0.06398649 0.05774567 0.01629935
v -0.06200639 0.05627472 0.01599820
v -0.06200639 0.05627472 0.01599820
v -0.06398649 0.05774567 0.01629935
v -0.06193523 0.05590404 0.01629866
v -0.06200639 0.05627472 0.01599820
v -0.06193523 0.05590404 0.01629866
v -0.05980134 0.05589994 0.01599962
v -0.05980134 0.05589994 0.01599962
v -0.06193523 0.05590404 0.01629866
v -0.05963988 0.05561187 0.01629966
v -0.05980134 0.05589994 0.01599962
v -0.05963988 0.05561187 0.01629966
v -0.05806490 0.05638568 0.01599917
v -0.05806490 0.05638568 0.01599917
v -0.05963988 0.05561187 0.01629966
v -0.05774571 0.05622010 0.01629935
v -0.05806490 0.05638568 0.01599917
v -0.05774571 0.05622010 0.01629935
v -0.05627476 0.05820020 0.01599820
v -0.05627476 0.05820020 0.01599820
v -0.05774571 0.05622010 0.01629935
v -0.05590407 0.05827137 0.01629866
v -0.05627476 0.05820020 0.01599820
v -0.05590407 0.05827137 0.01629866
v -0.05589997 0.06040525 0.01599962
v -0.05589997 0.06040525 0.01599962
v -0.05590407 0.05827137 0.01629866
v -0.05561191 0.06056670 0.01629966
v -0.05589997 0.06040525 0.01599962
v -0.05561191 0.06056670 0.01629966
v -0.05638525 0.06214194 0.01599970
v -0.05638525 0.06214194 0.01599970
v -0.05561191 0.06056670 0.01629966
v -0.05622013 0.06246087 0.01629935
v -0.05638525 0.06214194 0.01599970
v -0.05622013 0.06246087 0.01629935
v -0.05790300 0.06372739 0.01599917
v -0.05790300 0.06372739 0.01599917
v -0.05622013 0.06246087 0.01629935
v -0.05827141 0.06430253 0.01629866
v -0.05790300 0.06372739 0.01599917
v -0.05827141 0.06430253 0.01629866
v -0.06000983 0.06434203 0.01599917
v -0.06000983 0.06434203 0.01599917
v -0.05827141 0.06430253 0.01629866
v -0.06056678 0.06459468 0.01629966
v -0.06040525 -0.05589997 0.01599962
v -0.06056670 -0.05561191 0.01629967
v -0.06214194 -0.05638525 0.01599970
v -0.06214194 -0.05638525 0.01599970
v -0.06056670 -0.05561191 0.01629967
v -0.06246087 -0.05622013 0.01629935
v -0.06214194 -0.05638525 0.01599970
v -0.06246087 -0.05622013 0.01629935
v -0.06372739 -0.05790300 0.01599917
v -0.06372739 -0.05790300 0.01599917
v -0.06246087 -0.05622013 0.01629935
v -0.06430253 -0.05827141 0.01629866
v -0.06372739 -0.05790300 0.01599917
v -0.06430253 -0.05827141 0.01629866
v -0.06434202 -0.06000983 0.01599917
v -0.06434202 -0.06000983 0.01599917
v -0.06430253 -0.05827141 0.01629866
v -0.06459468 -0.06056678 0.01629967
v -0.06434202 -0.06000983 0.01599917
v -0.06459468 -0.06056678 0.01629967
v -0.06382088 -0.06214172 0.01599917
v -0.06382088 -0.06214172 0.01599917
v -0.06459468 -0.06056678 0.01629967
v -0.06398645 -0.06246092 0.01629935
v -0.06382088 -0.06214172 0.01599917
v -0.06398645 -0.06246092 0.01629935
v -0.06230360 -0.06372743 0.01599918
v -0.06230360 -0.06372743 0.01599918
v -0.06398645 -0.06246092 0.01629935
v -0.06193518 -0.06430257 0.01629866
v -0.06230360 -0.06372743 0.01599918
v -0.06193518 -0.06430257 0.01629866
v -0.06019675 -0.06434206 0.01599918
v -0.06019675 -0.06434206 0.01599918
v -0.06193518 -0.06430257 0.01629866
v -0.05963980 -0.06459472 0.01629967
v -0.06019675 -0.06434206 0.01599918
v -0.05963980 -0.06459472 0.01629967
v -0.05806486 -0.06382091 0.01599918
v -0.05806486 -0.06382091 0.01599918
v -0.05963980 -0.06459472 0.01629967
v -0.05774567 -0.06398649 0.01629935
v -0.05806486 -0.06382091 0.01599918
v -0.05774567 -0.06398649 0.01629935
v -0.05627472 -0.06200639 0.01599821
v -0.05627472 -0.06200639 0.01599821
v -0.05774567 -0.06398649 0.01629935
v -0.05590403 -0.06193523 0.01629866
v -0.05627472 -0.06200639 0.01599821
v -0.05590403 -0.06193523 0.01629866
v -0.05589993 -0.05980134 0.01599963
v -0.05589993 -0.05980134 0.01599963
v -0.05590403 -0.06193523 0.01629866
v -0.05561187 -0.05963988 0.01629967
v -0.05589993 -0.05980134 0.01599963
v -0.05561187 -0.05963988 0.01629967
v -0.05638568 -0.05806490 0.01599917
v -0.05638568 -0.05806490 0.01599917
v -0.05561187 -0.05963988 0.01629967
v -0.05622010 -0.05774571 0.01629935
v -0.05638568 -0.05806490 0.01599917
v -0.05622010 -0.05774571 0.01629935
v -0.05820020 -0.05627476 0.01599820
v -0.05820020 -0.05627476 0.01599820
v -0.05622010 -0.05774571 0.01629935
v -0.05827137 -0.05590407 0.01629866
v -0.05820020 -0.05627476 0.01599820
v -0.05827137 -0.05590407 0.01629866
v -0.06040525 -0.05589997 0.01599962
v -0.06040525 -0.05589997 0.01599962
v -0.05827137 -0.05590407 0.01629866
v -0.06056670 -0.05561191 0.01629967
v 0.05622010 0.05774571 0.01629935
v 0.05329124 0.05839109 0.01629978
v 0.05428768 0.05616450 0.01629979
v 0.05827137 0.05590407 0.01629866
v 0.05598554 0.05441299 0.01629979
v 0.05770916 0.05352554 0.01629979
v 0.05938239 0.05311648 0.01629979
v 0.06056670 0.05561191 0.01629966
v 0.06181550 0.05329128 0.01629979
v 0.06246087 0.05622013 0.01629935
v 0.06404209 0.05428771 0.01629979
v 0.06430253 0.05827141 0.01629866
v 0.06546553 0.05560386 0.01629979
v 0.06642221 0.05703629 0.01629978
v 0.06699684 0.05888780 0.01629978
v 0.06459468 0.06056679 0.01629966
v 0.06710915 0.06060655 0.01629978
v 0.06398645 0.06246092 0.01629935
v 0.06651450 0.06297243 0.01629978
v 0.06514657 0.06499217 0.01629978
v 0.06193518 0.06430257 0.01629866
v 0.06360323 0.06616541 0.01629978
v 0.06202649 0.06685881 0.01629978
v 0.05963980 0.06459472 0.01629966
v 0.05960005 0.06710919 0.01629978
v 0.05774567 0.06398649 0.01629935
v 0.05723419 0.06651454 0.01629978
v 0.05560382 0.06546557 0.01629978
v 0.05590403 0.06193523 0.01629866
v 0.05441293 0.06422103 0.01629978
v 0.05352550 0.06249742 0.01629978
v 0.05311644 0.06082420 0.01629978
v 0.05561187 0.05963988 0.01629966
v 0.05622013 -0.06246087 0.01629935
v 0.05428771 -0.06404209 0.01629979
v 0.05827141 -0.06430253 0.01629866
v 0.05560386 -0.06546553 0.01629979
v 0.05703629 -0.06642221 0.01629979
v 0.05888780 -0.06699684 0.01629979
v 0.06056678 -0.06459468 0.01629967
v 0.06060655 -0.06710915 0.01629979
v 0.06246092 -0.06398645 0.01629935
v 0.06297242 -0.06651450 0.01629979
v 0.06499217 -0.06514657 0.01629979
v 0.06430257 -0.06193517 0.01629866
v 0.06616541 -0.06360323 0.01629979
v 0.06685881 -0.06202649 0.01629979
v 0.06459472 -0.05963980 0.01629967
v 0.06710919 -0.05960004 0.01629979
v 0.06398649 -0.05774567 0.01629935
v 0.06651454 -0.05723419 0.01629979
v 0.06546557 -0.05560382 0.01629979
v 0.06193523 -0.05590403 0.01629866
v 0.06422103 -0.05441293 0.01629979
v 0.06249742 -0.05352550 0.01629979
v 0.06082420 -0.05311644 0.01629979
v 0.05963988 -0.05561187 0.01629967
v 0.05839109 -0.05329124 0.01629979
v 0.05774571 -0.05622010 0.01629935
v 0.05616450 -0.05428767 0.01629979
v 0.05590407 -0.05827136 0.01629866
v 0.05441299 -0.05598554 0.01629979
v 0.05352554 -0.05770916 0.01629979
v 0.05311648 -0.05938239 0.01629979
v 0.05561191 -0.06056670 0.01629967
v 0.05329128 -0.06181550 0.01629979
v -0.06246092 0.06398645 0.01629935
v -0.06297242 0.06651450 0.01629978
v -0.06499217 0.06514657 0.01629978
v -0.06430257 0.06193518 0.01629866
v -0.06616541 0.06360323 0.01629978
v -0.06685881 0.06202649 0.01629978
v -0.06459472 0.05963980 0.01629966
v -0.06710919 0.05960005 0.01629978
v -0.06398649 0.05774567 0.01629935
v -0.06651454 0.05723419 0.01629978
v -0.06546557 0.05560382 0.01629979
v -0.06193523 0.05590404 0.01629866
v -0.06422103 0.05441293 0.01629979
v -0.06249742 0.05352550 0.01629979
v -0.06082420 0.05311644 0.01629979
v -0.05963988 0.05561187 0.01629966
v -0.05839109 0.05329124 0.01629979
v -0.05774571 0.05622010 0.01629935
v -0.05616450 0.05428768 0.01629979
v -0.05590407 0.05827137 0.01629866
v -0.05441299 0.05598555 0.01629979
v -0.05352554 0.05770916 0.01629978
v -0.05311648 0.05938239 0.01629978
v -0.05561191 0.06056670 0.01629966
v -0.05329128 0.06181550 0.01629978
v -0.05622013 0.06246087 0.01629935
v -0.05428771 0.06404209 0.01629978
v -0.05827141 0.06430253 0.01629866
v -0.05560386 0.06546553 0.01629978
v -0.05703629 0.06642221 0.01629978
v -0.05888780 0.06699684 0.01629978
v -0.06056678 0.06459468 0.01629966
v -0.06060655 0.06710916 0.01629978
v -0.06246087 -0.05622013 0.01629935
v -0.06181550 -0.05329128 0.01629979
v -0.06404209 -0.05428771 0.01629979
v -0.06430253 -0.05827141 0.01629866
v -0.06546553 -0.05560386 0.01629979
v -0.06642221 -0.05703629 0.01629979
v -0.06699684 -0.05888779 0.01629979
v -0.06459468 -0.06056678 0.01629967
v -0.06710915 -0.06060655 0.01629979
v -0.06398645 -0.06246092 0.01629935
v -0.06651450 -0.06297242 0.01629979
v -0.06514657 -0.06499216 0.01629979
v -0.06193518 -0.06430257 0.01629866
v -0.06360323 -0.06616541 0.01629979
v -0.06202649 -0.06685881 0.01629979
v -0.05963980 -0.06459472 0.01629967
v -0.05960005 -0.06710919 0.01629979
v -0.05774567 -0.06398649 0.01629935
v -0.05723419 -0.06651454 0.01629979
v -0.05560382 -0.06546557 0.01629979
v -0.05590403 -0.06193523 0.01629866
v -0.05441293 -0.06422103 0.01629979
v -0.05352550 -0.06249742 0.01629979
v -0.05311644 -0.06082420 0.01629979
v -0.05561187 -0.05963988 0.01629967
v -0.05329124 -0.05839109 0.01629979
v -0.05622010 -0.05774571 0.01629935
v -0.05428768 -0.05616450 0.01629979
v -0.05827137 -0.05590407 0.01629866
v -0.05598554 -0.05441299 0.01629979
v -0.05770916 -0.05352554 0.01629979
v -0.05938239 -0.05311648 0.01629979
v -0.06056670 -0.05561191 0.01629967
v 0.05960005 0.06710919 0.01629978
v 0.05945443 0.06709835 0.02499693
v 0.05723419 0.06651454 0.01629978
v 0.05723419 0.06651454 0.01629978
v 0.05945443 0.06709835 0.02499693
v 0.05710107 0.06645455 0.02499692
v 0.05723419 0.06651454 0.01629978
v 0.05710107 0.06645455 0.02499692
v 0.05560382 0.06546557 0.01629978
v 0.05560382 0.06546557 0.01629978
v 0.05710107 0.06645455 0.02499692
v 0.05560382 0.06546557 0.02499967
v 0.05560382 0.06546557 0.01629978
v 0.05560382 0.06546557 0.02499967
v 0.05441293 0.06422103 0.01629978
v 0.05441293 0.06422103 0.01629978
v 0.05560382 0.06546557 0.02499967
v 0.05432765 0.06410253 0.02499692
v 0.05441293 0.06422103 0.01629978
v 0.05432765 0.06410253 0.02499692
v 0.05352550 0.06249742 0.01629978
v 0.05352550 0.06249742 0.01629978
v 0.05432765 0.06410253 0.02499692
v 0.05352550 0.06249742 0.02499967
v 0.05352550 0.06249742 0.01629978
v 0.05352550 0.06249742 0.02499967
v 0.05311644 0.06082420 0.01629978
v 0.05311644 0.06082420 0.01629978
v 0.05352550 0.06249742 0.02499967
v 0.05310184 0.06067892 0.02499692
v 0.05311644 0.06082420 0.01629978
v 0.05310184 0.06067892 0.02499692
v 0.05329124 0.05839109 0.01629978
v 0.05329124 0.05839109 0.01629978
v 0.05310184 0.06067892 0.02499692
v 0.05332722 0.05824956 0.02499692
v 0.05329124 0.05839109 0.01629978
v 0.05332722 0.05824956 0.02499692
v 0.05428768 0.05616450 0.01629979
v 0.05428768 0.05616450 0.01629979
v 0.05332722 0.05824956 0.02499692
v 0.05436988 0.05604382 0.02499692
v 0.05428768 0.05616450 0.01629979
v 0.05436988 0.05604382 0.02499692
v 0.05598554 0.05441299 0.01629979
v 0.05598554 0.05441299 0.01629979
v 0.05436988 0.05604382 0.02499692
v 0.05610405 0.05432770 0.02499692
v 0.05598554 0.05441299 0.01629979
v 0.05610405 0.05432770 0.02499692
v 0.05770916 0.05352554 0.01629979
v 0.05770916 0.05352554 0.01629979
v 0.05610405 0.05432770 0.02499692
v 0.05832061 0.05330820 0.02499692
v 0.05770916 0.05352554 0.01629979
v 0.05832061 0.05330820 0.02499692
v 0.05938239 0.05311648 0.01629979
v 0.05938239 0.05311648 0.01629979
v 0.05832061 0.05330820 0.02499692
v 0.06075218 0.05310829 0.02499692
v 0.05938239 0.05311648 0.01629979
v 0.06075218 0.05310829 0.02499692
v 0.06181550 0.05329128 0.01629979
v 0.06181550 0.05329128 0.01629979
v 0.06075218 0.05310829 0.02499692
v 0.06249738 0.05352554 0.02499967
v 0.06181550 0.05329128 0.01629979
v 0.06249738 0.05352554 0.02499967
v 0.06404209 0.05428771 0.01629979
v 0.06404209 0.05428771 0.01629979
v 0.06249738 0.05352554 0.02499967
v 0.06416276 0.05436991 0.02499692
v 0.06404209 0.05428771 0.01629979
v 0.06416276 0.05436991 0.02499692
v 0.06546553 0.05560386 0.01629979
v 0.06546553 0.05560386 0.01629979
v 0.06416276 0.05436991 0.02499692
v 0.06587888 0.05610407 0.02499692
v 0.06546553 0.05560386 0.01629979
v 0.06587888 0.05610407 0.02499692
v 0.06642221 0.05703629 0.01629978
v 0.06642221 0.05703629 0.01629978
v 0.06587888 0.05610407 0.02499692
v 0.06689839 0.05832065 0.02499692
v 0.06642221 0.05703629 0.01629978
v 0.06689839 0.05832065 0.02499692
v 0.06699684 0.05888780 0.01629978
v 0.06699684 0.05888780 0.01629978
v 0.06689839 0.05832065 0.02499692
v 0.06710915 0.06060655 0.01629978
v 0.06710915 0.06060655 0.01629978
v 0.06689839 0.05832065 0.02499692
v 0.06709831 0.06075216 0.02499693
v 0.06710915 0.06060655 0.01629978
v 0.06709831 0.06075216 0.02499693
v 0.06651450 0.06297243 0.01629978
v 0.06651450 0.06297243 0.01629978
v 0.06709831 0.06075216 0.02499693
v 0.06645451 0.06310554 0.02499692
v 0.06651450 0.06297243 0.01629978
v 0.06645451 0.06310554 0.02499692
v 0.06514657 0.06499217 0.01629978
v 0.06514657 0.06499217 0.01629978
v 0.06645451 0.06310554 0.02499692
v 0.06546553 0.06460278 0.02499967
v 0.06514657 0.06499217 0.01629978
v 0.06546553 0.06460278 0.02499967
v 0.06410251 0.06587893 0.02499692
v 0.06514657 0.06499217 0.01629978
v 0.06410251 0.06587893 0.02499692
v 0.06360323 0.06616541 0.01629978
v 0.06360323 0.06616541 0.01629978
v 0.06410251 0.06587893 0.02499692
v 0.06202649 0.06685881 0.01629978
v 0.06202649 0.06685881 0.01629978
v 0.06410251 0.06587893 0.02499692
v 0.06188593 0.06689843 0.02499692
v 0.06202649 0.06685881 0.01629978
v 0.06188593 0.06689843 0.02499692
v 0.05960005 0.06710919 0.01629978
v 0.05960005 0.06710919 0.01629978
v 0.06188593 0.06689843 0.02499692
v 0.05945443 0.06709835 0.02499693
v 0.06082420 -0.05311644 0.01629979
v 0.06067892 -0.05310184 0.02499693
v 0.05839109 -0.05329124 0.01629979
v 0.05839109 -0.05329124 0.01629979
v 0.06067892 -0.05310184 0.02499693
v 0.05824956 -0.05332722 0.02499693
v 0.05839109 -0.05329124 0.01629979
v 0.05824956 -0.05332722 0.02499693
v 0.05616450 -0.05428767 0.01629979
v 0.05616450 -0.05428767 0.01629979
v 0.05824956 -0.05332722 0.02499693
v 0.05604382 -0.05436988 0.02499693
v 0.05616450 -0.05428767 0.01629979
v 0.05604382 -0.05436988 0.02499693
v 0.05441299 -0.05598554 0.01629979
v 0.05441299 -0.05598554 0.01629979
v 0.05604382 -0.05436988 0.02499693
v 0.05432770 -0.05610405 0.02499693
v 0.05441299 -0.05598554 0.01629979
v 0.05432770 -0.05610405 0.02499693
v 0.05352554 -0.05770916 0.01629979
v 0.05352554 -0.05770916 0.01629979
v 0.05432770 -0.05610405 0.02499693
v 0.05330819 -0.05832061 0.02499693
v 0.05352554 -0.05770916 0.01629979
v 0.05330819 -0.05832061 0.02499693
v 0.05311648 -0.05938239 0.01629979
v 0.05311648 -0.05938239 0.01629979
v 0.05330819 -0.05832061 0.02499693
v 0.05310829 -0.06075218 0.02499693
v 0.05311648 -0.05938239 0.01629979
v 0.05310829 -0.06075218 0.02499693
v 0.05329128 -0.06181550 0.01629979
v 0.05329128 -0.06181550 0.01629979
v 0.05310829 -0.06075218 0.02499693
v 0.05352554 -0.06249738 0.02499968
v 0.05329128 -0.06181550 0.01629979
v 0.05352554 -0.06249738 0.02499968
v 0.05428771 -0.06404209 0.01629979
v 0.05428771 -0.06404209 0.01629979
v 0.05352554 -0.06249738 0.02499968
v 0.05436990 -0.06416276 0.02499693
v 0.05428771 -0.06404209 0.01629979
v 0.05436990 -0.06416276 0.02499693
v 0.05560386 -0.06546553 0.01629979
v 0.05560386 -0.06546553 0.01629979
v 0.05436990 -0.06416276 0.02499693
v 0.05610407 -0.06587888 0.02499693
v 0.05560386 -0.06546553 0.01629979
v 0.05610407 -0.06587888 0.02499693
v 0.05703629 -0.06642221 0.01629979
v 0.05703629 -0.06642221 0.01629979
v 0.05610407 -0.06587888 0.02499693
v 0.05832064 -0.06689839 0.02499693
v 0.05703629 -0.06642221 0.01629979
v 0.05832064 -0.06689839 0.02499693
v 0.05888780 -0.06699684 0.01629979
v 0.05888780 -0.06699684 0.01629979
v 0.05832064 -0.06689839 0.02499693
v 0.06060655 -0.06710915 0.01629979
v 0.06060655 -0.06710915 0.01629979
v 0.05832064 -0.06689839 0.02499693
v 0.06075216 -0.06709830 0.02499694
v 0.06060655 -0.06710915 0.01629979
v 0.06075216 -0.06709830 0.02499694
v 0.06297242 -0.06651450 0.01629979
v 0.06297242 -0.06651450 0.01629979
v 0.06075216 -0.06709830 0.02499694
v 0.06310554 -0.06645451 0.02499693
v 0.06297242 -0.06651450 0.01629979
v 0.06310554 -0.06645451 0.02499693
v 0.06499217 -0.06514657 0.01629979
v 0.06499217 -0.06514657 0.01629979
v 0.06310554 -0.06645451 0.02499693
v 0.06460277 -0.06546553 0.02499968
v 0.06499217 -0.06514657 0.01629979
v 0.06460277 -0.06546553 0.02499968
v 0.06587893 -0.06410251 0.02499693
v 0.06499217 -0.06514657 0.01629979
v 0.06587893 -0.06410251 0.02499693
v 0.06616541 -0.06360323 0.01629979
v 0.06616541 -0.06360323 0.01629979
v 0.06587893 -0.06410251 0.02499693
v 0.06685881 -0.06202649 0.01629979
v 0.06685881 -0.06202649 0.01629979
v 0.06587893 -0.06410251 0.02499693
v 0.06689843 -0.06188593 0.02499693
v 0.06685881 -0.06202649 0.01629979
v 0.06689843 -0.06188593 0.02499693
v 0.06710919 -0.05960004 0.01629979
v 0.06710919 -0.05960004 0.01629979
v 0.06689843 -0.06188593 0.02499693
v 0.06709835 -0.05945442 0.02499694
v 0.06710919 -0.05960004 0.01629979
v 0.06709835 -0.05945442 0.02499694
v 0.06651454 -0.05723419 0.01629979
v 0.06651454 -0.05723419 0.01629979
v 0.06709835 -0.05945442 0.02499694
v 0.06645455 -0.05710106 0.02499693
v 0.06651454 -0.05723419 0.01629979
v 0.06645455 -0.05710106 0.02499693
v 0.06546557 -0.05560382 0.01629979
v 0.06546557 -0.05560382 0.01629979
v 0.06645455 -0.05710106 0.02499693
v 0.06546557 -0.05560382 0.02499968
v 0.06546557 -0.05560382 0.01629979
v 0.06546557 -0.05560382 0.02499968
v 0.06422103 -0.05441293 0.01629979
v 0.06422103 -0.05441293 0.01629979
v 0.06546557 -0.05560382 0.02499968
v 0.06410253 -0.05432765 0.02499693
v 0.06422103 -0.05441293 0.01629979
v 0.06410253 -0.05432765 0.02499693
v 0.06249742 -0.05352550 0.01629979
v 0.06249742 -0.05352550 0.01629979
v 0.06410253 -0.05432765 0.02499693
v 0.06249742 -0.05352550 0.02499968
v 0.06249742 -0.05352550 0.01629979
v 0.06249742 -0.05352550 0.02499968
v 0.06082420 -0.05311644 0.01629979
v 0.06082420 -0.05311644 0.01629979
v 0.06249742 -0.05352550 0.02499968
v 0.06067892 -0.05310184 0.02499693
v -0.06060655 0.06710916 0.01629978
v -0.06075216 0.06709831 0.02499693
v -0.06297242 0.06651450 0.01629978
v -0.06297242 0.06651450 0.01629978
v -0.06075216 0.06709831 0.02499693
v -0.06310554 0.06645451 0.02499692
v -0.06297242 0.06651450 0.01629978
v -0.06310554 0.06645451 0.02499692
v -0.06499217 0.06514657 0.01629978
v -0.06499217 0.06514657 0.01629978
v -0.06310554 0.06645451 0.02499692
v -0.06460277 0.06546553 0.02499967
v -0.06499217 0.06514657 0.01629978
v -0.06460277 0.06546553 0.02499967
v -0.06587893 0.06410251 0.02499692
v -0.06499217 0.06514657 0.01629978
v -0.06587893 0.06410251 0.02499692
v -0.06616541 0.06360323 0.01629978
v -0.06616541 0.06360323 0.01629978
v -0.06587893 0.06410251 0.02499692
v -0.06685881 0.06202649 0.01629978
v -0.06685881 0.06202649 0.01629978
v -0.06587893 0.06410251 0.02499692
v -0.06689843 0.06188594 0.02499692
v -0.06685881 0.06202649 0.01629978
v -0.06689843 0.06188594 0.02499692
v -0.06710919 0.05960005 0.01629978
v -0.06710919 0.05960005 0.01629978
v -0.06689843 0.06188594 0.02499692
v -0.06709835 0.05945443 0.02499693
v -0.06710919 0.05960005 0.01629978
v -0.06709835 0.05945443 0.02499693
v -0.06651454 0.05723419 0.01629978
v -0.06651454 0.05723419 0.01629978
v -0.06709835 0.05945443 0.02499693
v -0.06645455 0.05710107 0.02499692
v -0.06651454 0.05723419 0.01629978
v -0.06645455 0.05710107 0.02499692
v -0.06546557 0.05560382 0.01629979
v -0.06546557 0.05560382 0.01629979
v -0.06645455 0.05710107 0.02499692
v -0.06546557 0.05560382 0.02499967
v -0.06546557 0.05560382 0.01629979
v -0.06546557 0.05560382 0.02499967
v -0.06422103 0.05441293 0.01629979
v -0.06422103 0.05441293 0.01629979
v -0.06546557 0.05560382 0.02499967
v -0.06410253 0.05432766 0.02499692
v -0.06422103 0.05441293 0.01629979
v -0.06410253 0.05432766 0.02499692
v -0.06249742 0.05352550 0.01629979
v -0.06249742 0.05352550 0.01629979
v -0.06410253 0.05432766 0.02499692
v -0.06249742 0.05352550 0.02499967
v -0.06249742 0.05352550 0.01629979
v -0.06249742 0.05352550 0.02499967
v -0.06082420 0.05311644 0.01629979
v -0.06082420 0.05311644 0.01629979
v -0.06249742 0.05352550 0.02499967
v -0.06067892 0.05310184 0.02499692
v -0.06082420 0.05311644 0.01629979
v -0.06067892 0.05310184 0.02499692
v -0.05839109 0.05329124 0.01629979
v -0.05839109 0.05329124 0.01629979
v -0.06067892 0.05310184 0.02499692
v -0.05824956 0.05332722 0.02499692
v -0.05839109 0.05329124 0.01629979
v -0.05824956 0.05332722 0.02499692
v -0.05616450 0.05428768 0.01629979
v -0.05616450 0.05428768 0.01629979
v -0.05824956 0.05332722 0.02499692
v -0.05604382 0.05436988 0.02499692
v -0.05616450 0.05428768 0.01629979
v -0.05604382 0.05436988 0.02499692
v -0.05441299 0.05598555 0.01629979
v -0.05441299 0.05598555 0.01629979
v -0.05604382 0.05436988 0.02499692
v -0.05432770 0.05610406 0.02499692
v -0.05441299 0.05598555 0.01629979
v -0.05432770 0.05610406 0.02499692
v -0.05352554 0.05770916 0.01629978
v -0.05352554 0.05770916 0.01629978
v -0.05432770 0.05610406 0.02499692
v -0.05330819 0.05832061 0.02499692
v -0.05352554 0.05770916 0.01629978
v -0.05330819 0.05832061 0.02499692
v -0.05311648 0.05938239 0.01629978
v -0.05311648 0.05938239 0.01629978
v -0.05330819 0.05832061 0.02499692
v -0.05310829 0.06075219 0.02499692
v -0.05311648 0.05938239 0.01629978
v -0.05310829 0.06075219 0.02499692
v -0.05329128 0.06181550 0.01629978
v -0.05329128 0.06181550 0.01629978
v -0.05310829 0.06075219 0.02499692
v -0.05352554 0.06249738 0.02499967
v -0.05329128 0.06181550 0.01629978
v -0.05352554 0.06249738 0.02499967
v -0.05428771 0.06404209 0.01629978
v -0.05428771 0.06404209 0.01629978
v -0.05352554 0.06249738 0.02499967
v -0.05436990 0.06416276 0.02499692
v -0.05428771 0.06404209 0.01629978
v -0.05436990 0.06416276 0.02499692
v -0.05560386 0.06546553 0.01629978
v -0.05560386 0.06546553 0.01629978
v -0.05436990 0.06416276 0.02499692
v -0.05610407 0.06587888 0.02499692
v -0.05560386 0.06546553 0.01629978
v -0.05610407 0.06587888 0.02499692
v -0.05703629 0.06642221 0.01629978
v -0.05703629 0.06642221 0.01629978
v -0.05610407 0.06587888 0.02499692
v -0.05832064 0.06689839 0.02499692
v -0.05703629 0.06642221 0.01629978
v -0.05832064 0.06689839 0.02499692
v -0.05888780 0.06699684 0.01629978
v -0.05888780 0.06699684 0.01629978
v -0.05832064 0.06689839 0.02499692
v -0.06060655 0.06710916 0.01629978
v -0.06060655 0.06710916 0.01629978
v -0.05832064 0.06689839 0.02499692
v -0.06075216 0.06709831 0.02499693
v -0.05938239 -0.05311648 0.01629979
v -0.06075218 -0.05310829 0.02499693
v -0.06181550 -0.05329128 0.01629979
v -0.06181550 -0.05329128 0.01629979
v -0.06075218 -0.05310829 0.02499693
v -0.06249738 -0.05352554 0.02499968
v -0.06181550 -0.05329128 0.01629979
v -0.06249738 -0.05352554 0.02499968
v -0.06404209 -0.05428771 0.01629979
v -0.06404209 -0.05428771 0.01629979
v -0.06249738 -0.05352554 0.02499968
v -0.06416276 -0.05436990 0.02499693
v -0.06404209 -0.05428771 0.01629979
v -0.06416276 -0.05436990 0.02499693
v -0.06546553 -0.05560386 0.01629979
v -0.06546553 -0.05560386 0.01629979
v -0.06416276 -0.05436990 0.02499693
v -0.06587888 -0.05610407 0.02499693
v -0.06546553 -0.05560386 0.01629979
v -0.06587888 -0.05610407 0.02499693
v -0.06642221 -0.05703629 0.01629979
v -0.06642221 -0.05703629 0.01629979
v -0.06587888 -0.05610407 0.02499693
v -0.06689839 -0.05832064 0.02499693
v -0.06642221 -0.05703629 0.01629979
v -0.06689839 -0.05832064 0.02499693
v -0.06699684 -0.05888779 0.01629979
v -0.06699684 -0.05888779 0.01629979
v -0.06689839 -0.05832064 0.02499693
v -0.06710915 -0.06060655 0.01629979
v -0.06710915 -0.06060655 0.01629979
v -0.06689839 -0.05832064 0.02499693
v -0.06709831 -0.06075216 0.02499694
v -0.06710915 -0.06060655 0.01629979
v -0.06709831 -0.06075216 0.02499694
v -0.06651450 -0.06297242 0.01629979
v -0.06651450 -0.06297242 0.01629979
v -0.06709831 -0.06075216 0.02499694
v -0.06645451 -0.06310554 0.02499693
v -0.06651450 -0.06297242 0.01629979
v -0.06645451 -0.06310554 0.02499693
v -0.06514657 -0.06499216 0.01629979
v -0.06514657 -0.06499216 0.01629979
v -0.06645451 -0.06310554 0.02499693
v -0.06546553 -0.06460277 0.02499968
v -0.06514657 -0.06499216 0.01629979
v -0.06546553 -0.06460277 0.02499968
v -0.06410251 -0.06587892 0.02499693
v -0.06514657 -0.06499216 0.01629979
v -0.06410251 -0.06587892 0.02499693
v -0.06360323 -0.06616541 0.01629979
v -0.06360323 -0.06616541 0.01629979
v -0.06410251 -0.06587892 0.02499693
v -0.06202649 -0.06685881 0.01629979
v -0.06202649 -0.06685881 0.01629979
v -0.06410251 -0.06587892 0.02499693
v -0.06188593 -0.06689843 0.02499693
v -0.06202649 -0.06685881 0.01629979
v -0.06188593 -0.06689843 0.02499693
v -0.05960005 -0.06710919 0.01629979
v -0.05960005 -0.06710919 0.01629979
v -0.06188593 -0.06689843 0.02499693
v -0.05945443 -0.06709834 0.02499694
v -0.05960005 -0.06710919 0.01629979
v -0.05945443 -0.06709834 0.02499694
v -0.05723419 -0.06651454 0.01629979
v -0.05723419 -0.06651454 0.01629979
v -0.05945443 -0.06709834 0.02499694
v -0.05710107 -0.06645455 0.02499693
v -0.05723419 -0.06651454 0.01629979
v -0.05710107 -0.06645455 0.02499693
v -0.05560382 -0.06546557 0.01629979
v -0.05560382 -0.06546557 0.01629979
v -0.05710107 -0.06645455 0.02499693
v -0.05560382 -0.06546557 0.02499968
v -0.05560382 -0.06546557 0.01629979
v -0.05560382 -0.06546557 0.02499968
v -0.05441293 -0.06422103 0.01629979
v -0.05441293 -0.06422103 0.01629979
v -0.05560382 -0.06546557 0.02499968
v -0.05432765 -0.06410252 0.02499693
v -0.05441293 -0.06422103 0.01629979
v -0.05432765 -0.06410252 0.02499693
v -0.05352550 -0.06249742 0.01629979
v -0.05352550 -0.06249742 0.01629979
v -0.05432765 -0.06410252 0.02499693
v -0.05352550 -0.06249742 0.02499968
v -0.05352550 -0.06249742 0.01629979
v -0.05352550 -0.06249742 0.02499968
v -0.05311644 -0.06082420 0.01629979
v -0.05311644 -0.06082420 0.01629979
v -0.05352550 -0.06249742 0.02499968
v -0.05310184 -0.06067892 0.02499693
v -0.05311644 -0.06082420 0.01629979
v -0.05310184 -0.06067892 0.02499693
v -0.05329124 -0.05839109 0.01629979
v -0.05329124 -0.05839109 0.01629979
v -0.05310184 -0.06067892 0.02499693
v -0.05332722 -0.05824956 0.02499693
v -0.05329124 -0.05839109 0.01629979
v -0.05332722 -0.05824956 0.02499693
v -0.05428768 -0.05616450 0.01629979
v -0.05428768 -0.05616450 0.01629979
v -0.05332722 -0.05824956 0.02499693
v -0.05436988 -0.05604382 0.02499693
v -0.05428768 -0.05616450 0.01629979
v -0.05436988 -0.05604382 0.02499693
v -0.05598554 -0.05441299 0.01629979
v -0.05598554 -0.05441299 0.01629979
v -0.05436988 -0.05604382 0.02499693
v -0.05610405 -0.05432770 0.02499693
v -0.05598554 -0.05441299 0.01629979
v -0.05610405 -0.05432770 0.02499693
v -0.05770916 -0.05352554 0.01629979
v -0.05770916 -0.05352554 0.01629979
v -0.05610405 -0.05432770 0.02499693
v -0.05832061 -0.05330819 0.02499693
v -0.05770916 -0.05352554 0.01629979
v -0.05832061 -0.05330819 0.02499693
v -0.05938239 -0.05311648 0.01629979
v -0.05938239 -0.05311648 0.01629979
v -0.05832061 -0.05330819 0.02499693
v -0.06075218 -0.05310829 0.02499693
v 0.05945443 0.06709835 0.02499693
v 0.05935152 0.06738928 0.02529937
v 0.05710107 0.06645455 0.02499692
v 0.05710107 0.06645455 0.02499692
v 0.05935152 0.06738928 0.02529937
v 0.05627854 0.06640292 0.02529924
v 0.05710107 0.06645455 0.02499692
v 0.05627854 0.06640292 0.02529924
v 0.05560382 0.06546557 0.02499967
v 0.05560382 0.06546557 0.02499967
v 0.05627854 0.06640292 0.02529924
v 0.05432765 0.06410253 0.02499692
v 0.05432765 0.06410253 0.02499692
v 0.05627854 0.06640292 0.02529924
v 0.05403859 0.06421082 0.02529947
v 0.05432765 0.06410253 0.02499692
v 0.05403859 0.06421082 0.02529947
v 0.05352550 0.06249742 0.02499967
v 0.05352550 0.06249742 0.02499967
v 0.05403859 0.06421082 0.02529947
v 0.05281923 0.06122268 0.02529903
v 0.05352550 0.06249742 0.02499967
v 0.05281923 0.06122268 0.02529903
v 0.05310184 0.06067892 0.02499692
v 0.05310184 0.06067892 0.02499692
v 0.05281923 0.06122268 0.02529903
v 0.05332722 0.05824956 0.02499692
v 0.05332722 0.05824956 0.02499692
v 0.05281923 0.06122268 0.02529903
v 0.05305839 0.05809771 0.02529954
v 0.05332722 0.05824956 0.02499692
v 0.05305839 0.05809771 0.02529954
v 0.05436988 0.05604382 0.02499692
v 0.05436988 0.05604382 0.02499692
v 0.05305839 0.05809771 0.02529954
v 0.05416921 0.05580919 0.02529952
v 0.05436988 0.05604382 0.02499692
v 0.05416921 0.05580919 0.02529952
v 0.05610405 0.05432770 0.02499692
v 0.05610405 0.05432770 0.02499692
v 0.05416921 0.05580919 0.02529952
v 0.05599575 0.05403860 0.02529952
v 0.05610405 0.05432770 0.02499692
v 0.05599575 0.05403860 0.02529952
v 0.05832061 0.05330820 0.02499692
v 0.05832061 0.05330820 0.02499692
v 0.05599575 0.05403860 0.02529952
v 0.05831771 0.05299951 0.02529950
v 0.05832061 0.05330820 0.02499692
v 0.05831771 0.05299951 0.02529950
v 0.06075218 0.05310829 0.02499692
v 0.06075218 0.05310829 0.02499692
v 0.05831771 0.05299951 0.02529950
v 0.06071792 0.05278742 0.02529163
v 0.06075218 0.05310829 0.02499692
v 0.06071792 0.05278742 0.02529163
v 0.06249738 0.05352554 0.02499967
v 0.06249738 0.05352554 0.02499967
v 0.06071792 0.05278742 0.02529163
v 0.06330169 0.05351378 0.02529947
v 0.06249738 0.05352554 0.02499967
v 0.06330169 0.05351378 0.02529947
v 0.06416276 0.05436991 0.02499692
v 0.06416276 0.05436991 0.02499692
v 0.06330169 0.05351378 0.02529947
v 0.06585192 0.05549175 0.02529924
v 0.06416276 0.05436991 0.02499692
v 0.06585192 0.05549175 0.02529924
v 0.06587888 0.05610407 0.02499692
v 0.06587888 0.05610407 0.02499692
v 0.06585192 0.05549175 0.02529924
v 0.06689839 0.05832065 0.02499692
v 0.06689839 0.05832065 0.02499692
v 0.06585192 0.05549175 0.02529924
v 0.06720707 0.05831780 0.02529947
v 0.06689839 0.05832065 0.02499692
v 0.06720707 0.05831780 0.02529947
v 0.06709831 0.06075216 0.02499693
v 0.06709831 0.06075216 0.02499693
v 0.06720707 0.05831780 0.02529947
v 0.06738924 0.06085508 0.02529937
v 0.06709831 0.06075216 0.02499693
v 0.06738924 0.06085508 0.02529937
v 0.06645451 0.06310554 0.02499692
v 0.06645451 0.06310554 0.02499692
v 0.06738924 0.06085508 0.02529937
v 0.06640247 0.06392778 0.02529875
v 0.06645451 0.06310554 0.02499692
v 0.06640247 0.06392778 0.02529875
v 0.06546553 0.06460278 0.02499967
v 0.06546553 0.06460278 0.02499967
v 0.06640247 0.06392778 0.02529875
v 0.06410251 0.06587893 0.02499692
v 0.06410251 0.06587893 0.02499692
v 0.06640247 0.06392778 0.02529875
v 0.06421076 0.06616796 0.02529943
v 0.06410251 0.06587893 0.02499692
v 0.06421076 0.06616796 0.02529943
v 0.06188593 0.06689843 0.02499692
v 0.06188593 0.06689843 0.02499692
v 0.06421076 0.06616796 0.02529943
v 0.06188880 0.06720706 0.02529943
v 0.06188593 0.06689843 0.02499692
v 0.06188880 0.06720706 0.02529943
v 0.05945443 0.06709835 0.02499693
v 0.05945443 0.06709835 0.02499693
v 0.06188880 0.06720706 0.02529943
v 0.05935152 0.06738928 0.02529937
v 0.05250436 0.05887397 0.02531187
v 0.05248120 0.06623806 0.02530207
v 0.05233268 0.06322073 0.02540205
v 0.05250436 0.05887397 0.02531187
v 0.05233268 0.06322073 0.02540205
v 0.05213968 0.05986965 0.02555875
v 0.05213968 0.05986965 0.02555875
v 0.05233268 0.06322073 0.02540205
v 0.05214396 0.06363306 0.02567695
v 0.04789202 0.07968059 0.02533694
v 0.04749512 0.07985389 0.02559401
v 0.04871996 0.07754648 0.02557751
v 0.04829487 0.07927220 0.02530196
v 0.04789202 0.07968059 0.02533694
v 0.04871996 0.07754648 0.02557751
v 0.05041757 0.07429959 0.02531280
v 0.04829487 0.07927220 0.02530196
v 0.05016499 0.07404611 0.02560418
v 0.05016499 0.07404611 0.02560418
v 0.04829487 0.07927220 0.02530196
v 0.04871996 0.07754648 0.02557751
v 0.05248120 0.06623806 0.02530207
v 0.05041757 0.07429959 0.02531280
v 0.05137257 0.07064276 0.02537834
v 0.05137257 0.07064276 0.02537834
v 0.05041757 0.07429959 0.02531280
v 0.05016499 0.07404611 0.02560418
v 0.05137257 0.07064276 0.02537834
v 0.05016499 0.07404611 0.02560418
v 0.05119814 0.07051392 0.02568873
v 0.05205909 0.06697697 0.02537834
v 0.05248120 0.06623806 0.02530207
v 0.05137257 0.07064276 0.02537834
v 0.05205909 0.06697697 0.02537834
v 0.05137257 0.07064276 0.02537834
v 0.05187332 0.06688888 0.02567723
v 0.05187332 0.06688888 0.02567723
v 0.05137257 0.07064276 0.02537834
v 0.05119814 0.07051392 0.02568873
v 0.05248120 0.06623806 0.02530207
v 0.05205909 0.06697697 0.02537834
v 0.05233268 0.06322073 0.02540205
v 0.05233268 0.06322073 0.02540205
v 0.05205909 0.06697697 0.02537834
v 0.05214396 0.06363306 0.02567695
v 0.05214396 0.06363306 0.02567695
v 0.05205909 0.06697697 0.02537834
v 0.05187332 0.06688888 0.02567723
v 0.05981559 0.05214069 0.02555456
v 0.06320199 0.05219427 0.02552263
v 0.05879785 0.05248864 0.02531607
v 0.05879785 0.05248864 0.02531607
v 0.06320199 0.05219427 0.02552263
v 0.06071792 0.05278742 0.02529163
v 0.07758478 0.04869444 0.02559700
v 0.07980664 0.04770657 0.02539496
v 0.07929238 0.04824124 0.02530912
v 0.07758478 0.04869444 0.02559700
v 0.07991362 0.04743859 0.02565368
v 0.07980664 0.04770657 0.02539496
v 0.06686204 0.05221666 0.02531146
v 0.06071792 0.05278742 0.02529163
v 0.06320199 0.05219427 0.02552263
v 0.06686204 0.05221666 0.02531146
v 0.06320199 0.05219427 0.02552263
v 0.06690082 0.05188675 0.02559606
v 0.07271546 0.05112451 0.02530124
v 0.06686204 0.05221666 0.02531146
v 0.07056900 0.05139043 0.02537833
v 0.07056900 0.05139043 0.02537833
v 0.06686204 0.05221666 0.02531146
v 0.06690082 0.05188675 0.02559606
v 0.07056900 0.05139043 0.02537833
v 0.06690082 0.05188675 0.02559606
v 0.07056736 0.05118594 0.02568639
v 0.07414383 0.05032765 0.02537834
v 0.07271546 0.05112451 0.02530124
v 0.07056900 0.05139043 0.02537833
v 0.07414383 0.05032765 0.02537834
v 0.07056900 0.05139043 0.02537833
v 0.07416437 0.05009501 0.02572406
v 0.07416437 0.05009501 0.02572406
v 0.07056900 0.05139043 0.02537833
v 0.07056736 0.05118594 0.02568639
v 0.07929238 0.04824124 0.02530912
v 0.07271546 0.05112451 0.02530124
v 0.07414383 0.05032765 0.02537834
v 0.07929238 0.04824124 0.02530912
v 0.07414383 0.05032765 0.02537834
v 0.07758478 0.04869444 0.02559700
v 0.07758478 0.04869444 0.02559700
v 0.07414383 0.05032765 0.02537834
v 0.07416437 0.05009501 0.02572406
v 0.05981559 0.05214069 0.02555456
v 0.05879785 0.05248864 0.02531607
v 0.05851545 0.05227118 0.02567801
v 0.05851545 0.05227118 0.02567801
v 0.05879785 0.05248864 0.02531607
v 0.05724555 0.05264493 0.02564139
v 0.05604544 0.05322297 0.02564273
v 0.05551166 0.05379230 0.02536894
v 0.05493573 0.05400204 0.02568922
v 0.05493573 0.05400204 0.02568922
v 0.05551166 0.05379230 0.02536894
v 0.05398567 0.05497906 0.02560222
v 0.05398567 0.05497906 0.02560222
v 0.05340610 0.05611383 0.02537831
v 0.05321499 0.05604787 0.02568357
v 0.05321499 0.05604787 0.02568357
v 0.05340610 0.05611383 0.02537831
v 0.05263981 0.05725922 0.02564141
v 0.05879785 0.05248864 0.02531607
v 0.05736994 0.05291875 0.02531247
v 0.05724555 0.05264493 0.02564139
v 0.05724555 0.05264493 0.02564139
v 0.05736994 0.05291875 0.02531247
v 0.05551166 0.05379230 0.02536894
v 0.05724555 0.05264493 0.02564139
v 0.05551166 0.05379230 0.02536894
v 0.05604544 0.05322297 0.02564273
v 0.05340610 0.05611383 0.02537831
v 0.05296683 0.05725164 0.02531100
v 0.05263981 0.05725922 0.02564141
v 0.05263981 0.05725922 0.02564141
v 0.05296683 0.05725164 0.02531100
v 0.05250436 0.05887397 0.02531187
v 0.05226814 0.05854636 0.02564410
v 0.05226814 0.05854636 0.02564410
v 0.05250436 0.05887397 0.02531187
v 0.05213968 0.05986965 0.02555875
v 0.05551166 0.05379230 0.02536894
v 0.05434584 0.05507050 0.02530636
v 0.05398567 0.05497906 0.02560222
v 0.05398567 0.05497906 0.02560222
v 0.05434584 0.05507050 0.02530636
v 0.05340610 0.05611383 0.02537831
v 0.05551166 0.05379230 0.02536894
v 0.05736994 0.05291875 0.02531247
v 0.05434584 0.05507050 0.02530636
v 0.05434584 0.05507050 0.02530636
v 0.05296683 0.05725164 0.02531100
v 0.05340610 0.05611383 0.02537831
v 0.05824956 -0.05332722 0.02499693
v 0.05809772 -0.05305840 0.02529952
v 0.05604382 -0.05436988 0.02499693
v 0.05604382 -0.05436988 0.02499693
v 0.05809772 -0.05305840 0.02529952
v 0.05580919 -0.05416921 0.02529952
v 0.05604382 -0.05436988 0.02499693
v 0.05580919 -0.05416921 0.02529952
v 0.05432770 -0.05610405 0.02499693
v 0.05432770 -0.05610405 0.02499693
v 0.05580919 -0.05416921 0.02529952
v 0.05403860 -0.05599574 0.02529952
v 0.05432770 -0.05610405 0.02499693
v 0.05403860 -0.05599574 0.02529952
v 0.05330819 -0.05832061 0.02499693
v 0.05330819 -0.05832061 0.02499693
v 0.05403860 -0.05599574 0.02529952
v 0.05299947 -0.05831771 0.02529954
v 0.05330819 -0.05832061 0.02499693
v 0.05299947 -0.05831771 0.02529954
v 0.05310829 -0.06075218 0.02499693
v 0.05310829 -0.06075218 0.02499693
v 0.05299947 -0.05831771 0.02529954
v 0.05278802 -0.06071914 0.02529120
v 0.05310829 -0.06075218 0.02499693
v 0.05278802 -0.06071914 0.02529120
v 0.05352554 -0.06249738 0.02499968
v 0.05352554 -0.06249738 0.02499968
v 0.05278802 -0.06071914 0.02529120
v 0.05380402 -0.06392777 0.02529887
v 0.05352554 -0.06249738 0.02499968
v 0.05380402 -0.06392777 0.02529887
v 0.05436990 -0.06416276 0.02499693
v 0.05436990 -0.06416276 0.02499693
v 0.05380402 -0.06392777 0.02529887
v 0.05610407 -0.06587888 0.02499693
v 0.05610407 -0.06587888 0.02499693
v 0.05380402 -0.06392777 0.02529887
v 0.05599573 -0.06616804 0.02529958
v 0.05610407 -0.06587888 0.02499693
v 0.05599573 -0.06616804 0.02529958
v 0.05832064 -0.06689839 0.02499693
v 0.05832064 -0.06689839 0.02499693
v 0.05599573 -0.06616804 0.02529958
v 0.05831780 -0.06720707 0.02529948
v 0.05832064 -0.06689839 0.02499693
v 0.05831780 -0.06720707 0.02529948
v 0.06075216 -0.06709830 0.02499694
v 0.06075216 -0.06709830 0.02499694
v 0.05831780 -0.06720707 0.02529948
v 0.06085508 -0.06738924 0.02529937
v 0.06075216 -0.06709830 0.02499694
v 0.06085508 -0.06738924 0.02529937
v 0.06310554 -0.06645451 0.02499693
v 0.06310554 -0.06645451 0.02499693
v 0.06085508 -0.06738924 0.02529937
v 0.06392778 -0.06640247 0.02529875
v 0.06310554 -0.06645451 0.02499693
v 0.06392778 -0.06640247 0.02529875
v 0.06460277 -0.06546553 0.02499968
v 0.06460277 -0.06546553 0.02499968
v 0.06392778 -0.06640247 0.02529875
v 0.06587893 -0.06410251 0.02499693
v 0.06587893 -0.06410251 0.02499693
v 0.06392778 -0.06640247 0.02529875
v 0.06616796 -0.06421076 0.02529943
v 0.06587893 -0.06410251 0.02499693
v 0.06616796 -0.06421076 0.02529943
v 0.06689843 -0.06188593 0.02499693
v 0.06689843 -0.06188593 0.02499693
v 0.06616796 -0.06421076 0.02529943
v 0.06720706 -0.06188879 0.02529943
v 0.06689843 -0.06188593 0.02499693
v 0.06720706 -0.06188879 0.02529943
v 0.06709835 -0.05945442 0.02499694
v 0.06709835 -0.05945442 0.02499694
v 0.06720706 -0.06188879 0.02529943
v 0.06738928 -0.05935152 0.02529937
v 0.06709835 -0.05945442 0.02499694
v 0.06738928 -0.05935152 0.02529937
v 0.06645455 -0.05710106 0.02499693
v 0.06645455 -0.05710106 0.02499693
v 0.06738928 -0.05935152 0.02529937
v 0.06640292 -0.05627854 0.02529924
v 0.06645455 -0.05710106 0.02499693
v 0.06640292 -0.05627854 0.02529924
v 0.06546557 -0.05560382 0.02499968
v 0.06546557 -0.05560382 0.02499968
v 0.06640292 -0.05627854 0.02529924
v 0.06410253 -0.05432765 0.02499693
v 0.06410253 -0.05432765 0.02499693
v 0.06640292 -0.05627854 0.02529924
v 0.06421082 -0.05403859 0.02529947
v 0.06410253 -0.05432765 0.02499693
v 0.06421082 -0.05403859 0.02529947
v 0.06249742 -0.05352550 0.02499968
v 0.06249742 -0.05352550 0.02499968
v 0.06421082 -0.05403859 0.02529947
v 0.06122269 -0.05281917 0.02529909
v 0.06249742 -0.05352550 0.02499968
v 0.06122269 -0.05281917 0.02529909
v 0.06067892 -0.05310184 0.02499693
v 0.06067892 -0.05310184 0.02499693
v 0.06122269 -0.05281917 0.02529909
v 0.05824956 -0.05332722 0.02499693
v 0.05824956 -0.05332722 0.02499693
v 0.06122269 -0.05281917 0.02529909
v 0.05809772 -0.05305840 0.02529952
v 0.05883464 -0.05251615 0.02530807
v 0.06623806 -0.05248119 0.02530207
v 0.06322073 -0.05233268 0.02540205
v 0.05883464 -0.05251615 0.02530807
v 0.06322073 -0.05233268 0.02540205
v 0.05985221 -0.05213801 0.02556128
v 0.05985221 -0.05213801 0.02556128
v 0.06322073 -0.05233268 0.02540205
v 0.06367043 -0.05214426 0.02567211
v 0.07768262 -0.04883017 0.02539561
v 0.07980682 -0.04768352 0.02541639
v 0.07751523 -0.04871401 0.02566105
v 0.07751523 -0.04871401 0.02566105
v 0.07980682 -0.04768352 0.02541639
v 0.07991701 -0.04743126 0.02566105
v 0.07768262 -0.04883017 0.02539561
v 0.07938344 -0.04819889 0.02530148
v 0.07980682 -0.04768352 0.02541639
v 0.07429959 -0.05041757 0.02531280
v 0.07938344 -0.04819889 0.02530148
v 0.07768262 -0.04883017 0.02539561
v 0.07429959 -0.05041757 0.02531280
v 0.07768262 -0.04883017 0.02539561
v 0.07412045 -0.05014241 0.02559782
v 0.07412045 -0.05014241 0.02559782
v 0.07768262 -0.04883017 0.02539561
v 0.07751523 -0.04871401 0.02566105
v 0.06623806 -0.05248119 0.02530207
v 0.07429959 -0.05041757 0.02531280
v 0.07064276 -0.05137257 0.02537834
v 0.07064276 -0.05137257 0.02537834
v 0.07429959 -0.05041757 0.02531280
v 0.07412045 -0.05014241 0.02559782
v 0.07064276 -0.05137257 0.02537834
v 0.07412045 -0.05014241 0.02559782
v 0.07051731 -0.05119680 0.02569009
v 0.06697697 -0.05205909 0.02537834
v 0.06623806 -0.05248119 0.02530207
v 0.07064276 -0.05137257 0.02537834
v 0.06697697 -0.05205909 0.02537834
v 0.07064276 -0.05137257 0.02537834
v 0.06688976 -0.05187320 0.02567723
v 0.06688976 -0.05187320 0.02567723
v 0.07064276 -0.05137257 0.02537834
v 0.07051731 -0.05119680 0.02569009
v 0.06623806 -0.05248119 0.02530207
v 0.06697697 -0.05205909 0.02537834
v 0.06322073 -0.05233268 0.02540205
v 0.06322073 -0.05233268 0.02540205
v 0.06697697 -0.05205909 0.02537834
v 0.06367043 -0.05214426 0.02567211
v 0.06367043 -0.05214426 0.02567211
v 0.06697697 -0.05205909 0.02537834
v 0.06688976 -0.05187320 0.02567723
v 0.05214169 -0.05980054 0.02555374
v 0.05219427 -0.06320199 0.02552263
v 0.05248852 -0.05879748 0.02531632
v 0.05248852 -0.05879748 0.02531632
v 0.05219427 -0.06320199 0.02552263
v 0.05278802 -0.06071914 0.02529120
v 0.04875186 -0.07747114 0.02559368
v 0.04770657 -0.07980664 0.02539496
v 0.04895261 -0.07767676 0.02533724
v 0.04895261 -0.07767676 0.02533724
v 0.04770657 -0.07980664 0.02539496
v 0.04818377 -0.07942790 0.02529496
v 0.04875186 -0.07747114 0.02559368
v 0.04744082 -0.07991681 0.02563856
v 0.04770657 -0.07980664 0.02539496
v 0.05199019 -0.06921771 0.02530104
v 0.05278802 -0.06071914 0.02529120
v 0.05206906 -0.06690175 0.02537834
v 0.05206906 -0.06690175 0.02537834
v 0.05278802 -0.06071914 0.02529120
v 0.05219427 -0.06320199 0.02552263
v 0.05206906 -0.06690175 0.02537834
v 0.05219427 -0.06320199 0.02552263
v 0.05187069 -0.06690739 0.02567748
v 0.05139043 -0.07056900 0.02537833
v 0.05199019 -0.06921771 0.02530104
v 0.05206906 -0.06690175 0.02537834
v 0.05139043 -0.07056900 0.02537833
v 0.05206906 -0.06690175 0.02537834
v 0.05119171 -0.07054068 0.02568798
v 0.05119171 -0.07054068 0.02568798
v 0.05206906 -0.06690175 0.02537834
v 0.05187069 -0.06690739 0.02567748
v 0.05047078 -0.07415219 0.02531253
v 0.05199019 -0.06921771 0.02530104
v 0.05139043 -0.07056900 0.02537833
v 0.05047078 -0.07415219 0.02531253
v 0.05139043 -0.07056900 0.02537833
v 0.05014162 -0.07413270 0.02559316
v 0.05014162 -0.07413270 0.02559316
v 0.05139043 -0.07056900 0.02537833
v 0.05119171 -0.07054068 0.02568798
v 0.04818377 -0.07942790 0.02529496
v 0.05047078 -0.07415219 0.02531253
v 0.04895261 -0.07767676 0.02533724
v 0.04895261 -0.07767676 0.02533724
v 0.05047078 -0.07415219 0.02531253
v 0.04875186 -0.07747114 0.02559368
v 0.04875186 -0.07747114 0.02559368
v 0.05047078 -0.07415219 0.02531253
v 0.05014162 -0.07413270 0.02559316
v 0.05214169 -0.05980054 0.02555374
v 0.05248852 -0.05879748 0.02531632
v 0.05227157 -0.05851362 0.02567802
v 0.05227157 -0.05851362 0.02567802
v 0.05248852 -0.05879748 0.02531632
v 0.05264778 -0.05723763 0.02564185
v 0.05401246 -0.05493769 0.02561173
v 0.05505322 -0.05416486 0.02537830
v 0.05495661 -0.05398779 0.02568231
v 0.05495661 -0.05398779 0.02568231
v 0.05505322 -0.05416486 0.02537830
v 0.05606818 -0.05321830 0.02560241
v 0.05248852 -0.05879748 0.02531632
v 0.05290082 -0.05739245 0.02531846
v 0.05264778 -0.05723763 0.02564185
v 0.05264778 -0.05723763 0.02564185
v 0.05290082 -0.05739245 0.02531846
v 0.05369041 -0.05583458 0.02531461
v 0.05264778 -0.05723763 0.02564185
v 0.05369041 -0.05583458 0.02531461
v 0.05322490 -0.05604361 0.02564130
v 0.05322490 -0.05604361 0.02564130
v 0.05369041 -0.05583458 0.02531461
v 0.05401246 -0.05493769 0.02561173
v 0.05606818 -0.05321830 0.02560241
v 0.05730365 -0.05287111 0.02535910
v 0.05725976 -0.05263896 0.02564264
v 0.05725976 -0.05263896 0.02564264
v 0.05730365 -0.05287111 0.02535910
v 0.05883464 -0.05251615 0.02530807
v 0.05725976 -0.05263896 0.02564264
v 0.05883464 -0.05251615 0.02530807
v 0.05854798 -0.05226933 0.02564115
v 0.05854798 -0.05226933 0.02564115
v 0.05883464 -0.05251615 0.02530807
v 0.05985221 -0.05213801 0.02556128
v 0.05401246 -0.05493769 0.02561173
v 0.05369041 -0.05583458 0.02531461
v 0.05505322 -0.05416486 0.02537830
v 0.05505322 -0.05416486 0.02537830
v 0.05609912 -0.05358846 0.02530632
v 0.05606818 -0.05321830 0.02560241
v 0.05606818 -0.05321830 0.02560241
v 0.05609912 -0.05358846 0.02530632
v 0.05730365 -0.05287111 0.02535910
v 0.05369041 -0.05583458 0.02531461
v 0.05609912 -0.05358846 0.02530632
v 0.05505322 -0.05416486 0.02537830
v 0.05609912 -0.05358846 0.02530632
v 0.05883464 -0.05251615 0.02530807
v 0.05730365 -0.05287111 0.02535910
v -0.06075216 0.06709831 0.02499693
v -0.06085508 0.06738924 0.02529937
v -0.06310554 0.06645451 0.02499692
v -0.06310554 0.06645451 0.02499692
v -0.06085508 0.06738924 0.02529937
v -0.06392778 0.06640247 0.02529875
v -0.06310554 0.06645451 0.02499692
v -0.06392778 0.06640247 0.02529875
v -0.06460277 0.06546553 0.02499967
v -0.06460277 0.06546553 0.02499967
v -0.06392778 0.06640247 0.02529875
v -0.06587893 0.06410251 0.02499692
v -0.06587893 0.06410251 0.02499692
v -0.06392778 0.06640247 0.02529875
v -0.06616796 0.06421076 0.02529943
v -0.06587893 0.06410251 0.02499692
v -0.06616796 0.06421076 0.02529943
v -0.06689843 0.06188594 0.02499692
v -0.06689843 0.06188594 0.02499692
v -0.06616796 0.06421076 0.02529943
v -0.06720706 0.06188880 0.02529943
v -0.06689843 0.06188594 0.02499692
v -0.06720706 0.06188880 0.02529943
v -0.06709835 0.05945443 0.02499693
v -0.06709835 0.05945443 0.02499693
v -0.06720706 0.06188880 0.02529943
v -0.06738928 0.05935152 0.02529937
v -0.06709835 0.05945443 0.02499693
v -0.06738928 0.05935152 0.02529937
v -0.06645455 0.05710107 0.02499692
v -0.06645455 0.05710107 0.02499692
v -0.06738928 0.05935152 0.02529937
v -0.06640292 0.05627854 0.02529924
v -0.06645455 0.05710107 0.02499692
v -0.06640292 0.05627854 0.02529924
v -0.06546557 0.05560382 0.02499967
v -0.06546557 0.05560382 0.02499967
v -0.06640292 0.05627854 0.02529924
v -0.06410253 0.05432766 0.02499692
v -0.06410253 0.05432766 0.02499692
v -0.06640292 0.05627854 0.02529924
v -0.06421082 0.05403859 0.02529947
v -0.06410253 0.05432766 0.02499692
v -0.06421082 0.05403859 0.02529947
v -0.06249742 0.05352550 0.02499967
v -0.06249742 0.05352550 0.02499967
v -0.06421082 0.05403859 0.02529947
v -0.06122268 0.05281923 0.02529903
v -0.06249742 0.05352550 0.02499967
v -0.06122268 0.05281923 0.02529903
v -0.06067892 0.05310184 0.02499692
v -0.06067892 0.05310184 0.02499692
v -0.06122268 0.05281923 0.02529903
v -0.05824956 0.05332722 0.02499692
v -0.05824956 0.05332722 0.02499692
v -0.06122268 0.05281923 0.02529903
v -0.05809771 0.05305839 0.02529954
v -0.05824956 0.05332722 0.02499692
v -0.05809771 0.05305839 0.02529954
v -0.05604382 0.05436988 0.02499692
v -0.05604382 0.05436988 0.02499692
v -0.05809771 0.05305839 0.02529954
v -0.05580919 0.05416921 0.02529952
v -0.05604382 0.05436988 0.02499692
v -0.05580919 0.05416921 0.02529952
v -0.05432770 0.05610406 0.02499692
v -0.05432770 0.05610406 0.02499692
v -0.05580919 0.05416921 0.02529952
v -0.05403860 0.05599575 0.02529952
v -0.05432770 0.05610406 0.02499692
v -0.05403860 0.05599575 0.02529952
v -0.05330819 0.05832061 0.02499692
v -0.05330819 0.05832061 0.02499692
v -0.05403860 0.05599575 0.02529952
v -0.05299951 0.05831772 0.02529950
v -0.05330819 0.05832061 0.02499692
v -0.05299951 0.05831772 0.02529950
v -0.05310829 0.06075219 0.02499692
v -0.05310829 0.06075219 0.02499692
v -0.05299951 0.05831772 0.02529950
v -0.05278737 0.06071775 0.02529153
v -0.05310829 0.06075219 0.02499692
v -0.05278737 0.06071775 0.02529153
v -0.05352554 0.06249738 0.02499967
v -0.05352554 0.06249738 0.02499967
v -0.05278737 0.06071775 0.02529153
v -0.05380402 0.06392777 0.02529887
v -0.05352554 0.06249738 0.02499967
v -0.05380402 0.06392777 0.02529887
v -0.05436990 0.06416276 0.02499692
v -0.05436990 0.06416276 0.02499692
v -0.05380402 0.06392777 0.02529887
v -0.05610407 0.06587888 0.02499692
v -0.05610407 0.06587888 0.02499692
v -0.05380402 0.06392777 0.02529887
v -0.05599573 0.06616805 0.02529958
v -0.05610407 0.06587888 0.02499692
v -0.05599573 0.06616805 0.02529958
v -0.05832064 0.06689839 0.02499692
v -0.05832064 0.06689839 0.02499692
v -0.05599573 0.06616805 0.02529958
v -0.05831780 0.06720707 0.02529947
v -0.05832064 0.06689839 0.02499692
v -0.05831780 0.06720707 0.02529947
v -0.06075216 0.06709831 0.02499693
v -0.06075216 0.06709831 0.02499693
v -0.05831780 0.06720707 0.02529947
v -0.06085508 0.06738924 0.02529937
v -0.07754763 0.04871955 0.02557729
v -0.07997037 0.04740102 0.02559383
v -0.07983400 0.04748965 0.02565776
v -0.07968059 0.04789202 0.02533694
v -0.07997037 0.04740102 0.02559383
v -0.07754763 0.04871955 0.02557729
v -0.07927219 0.04829487 0.02530196
v -0.07968059 0.04789202 0.02533694
v -0.07754763 0.04871955 0.02557729
v -0.05887393 0.05250456 0.02531175
v -0.06460394 0.05254628 0.02530297
v -0.06322073 0.05233268 0.02540205
v -0.05887393 0.05250456 0.02531175
v -0.06322073 0.05233268 0.02540205
v -0.05986199 0.05213838 0.02556057
v -0.05986199 0.05213838 0.02556057
v -0.06322073 0.05233268 0.02540205
v -0.06363196 0.05214413 0.02567661
v -0.07229104 0.05125342 0.02530117
v -0.07927219 0.04829487 0.02530196
v -0.07421532 0.05030208 0.02537834
v -0.07421532 0.05030208 0.02537834
v -0.07927219 0.04829487 0.02530196
v -0.07754763 0.04871955 0.02557729
v -0.07421532 0.05030208 0.02537834
v -0.07754763 0.04871955 0.02557729
v -0.07408306 0.05013934 0.02568289
v -0.07064276 0.05137257 0.02537834
v -0.07229104 0.05125342 0.02530117
v -0.07421532 0.05030208 0.02537834
v -0.07064276 0.05137257 0.02537834
v -0.07421532 0.05030208 0.02537834
v -0.07053497 0.05119370 0.02568653
v -0.07053497 0.05119370 0.02568653
v -0.07421532 0.05030208 0.02537834
v -0.07408306 0.05013934 0.02568289
v -0.06460394 0.05254628 0.02530297
v -0.07229104 0.05125342 0.02530117
v -0.06697697 0.05205909 0.02537834
v -0.06697697 0.05205909 0.02537834
v -0.07229104 0.05125342 0.02530117
v -0.07064276 0.05137257 0.02537834
v -0.06697697 0.05205909 0.02537834
v -0.07064276 0.05137257 0.02537834
v -0.06688888 0.05187333 0.02567723
v -0.06688888 0.05187333 0.02567723
v -0.07064276 0.05137257 0.02537834
v -0.07053497 0.05119370 0.02568653
v -0.06460394 0.05254628 0.02530297
v -0.06697697 0.05205909 0.02537834
v -0.06322073 0.05233268 0.02540205
v -0.06322073 0.05233268 0.02540205
v -0.06697697 0.05205909 0.02537834
v -0.06363196 0.05214413 0.02567661
v -0.06363196 0.05214413 0.02567661
v -0.06697697 0.05205909 0.02537834
v -0.06688888 0.05187333 0.02567723
v -0.05214044 0.05982531 0.02555459
v -0.05214898 0.06371691 0.02565894
v -0.05231346 0.06322018 0.02541823
v -0.05214044 0.05982531 0.02555459
v -0.05231346 0.06322018 0.02541823
v -0.05248845 0.05879817 0.02531615
v -0.05248845 0.05879817 0.02531615
v -0.05231346 0.06322018 0.02541823
v -0.05278737 0.06071775 0.02529153
v -0.04875186 0.07747114 0.02559367
v -0.04770657 0.07980664 0.02539496
v -0.04824220 0.07929350 0.02530832
v -0.04875186 0.07747114 0.02559367
v -0.04743309 0.07992318 0.02565073
v -0.04770657 0.07980664 0.02539496
v -0.05199019 0.06921771 0.02530104
v -0.05278737 0.06071775 0.02529153
v -0.05206906 0.06690176 0.02537834
v -0.05206906 0.06690176 0.02537834
v -0.05278737 0.06071775 0.02529153
v -0.05231346 0.06322018 0.02541823
v -0.05206906 0.06690176 0.02537834
v -0.05231346 0.06322018 0.02541823
v -0.05187007 0.06692062 0.02567453
v -0.05187007 0.06692062 0.02567453
v -0.05231346 0.06322018 0.02541823
v -0.05214898 0.06371691 0.02565894
v -0.05139043 0.07056900 0.02537833
v -0.05199019 0.06921771 0.02530104
v -0.05206906 0.06690176 0.02537834
v -0.05139043 0.07056900 0.02537833
v -0.05206906 0.06690176 0.02537834
v -0.05119171 0.07054069 0.02568797
v -0.05119171 0.07054069 0.02568797
v -0.05206906 0.06690176 0.02537834
v -0.05187007 0.06692062 0.02567453
v -0.05047078 0.07415219 0.02531253
v -0.05199019 0.06921771 0.02530104
v -0.05139043 0.07056900 0.02537833
v -0.05047078 0.07415219 0.02531253
v -0.05139043 0.07056900 0.02537833
v -0.05014162 0.07413270 0.02559315
v -0.05014162 0.07413270 0.02559315
v -0.05139043 0.07056900 0.02537833
v -0.05119171 0.07054069 0.02568797
v -0.04824220 0.07929350 0.02530832
v -0.05047078 0.07415219 0.02531253
v -0.04875186 0.07747114 0.02559367
v -0.04875186 0.07747114 0.02559367
v -0.05047078 0.07415219 0.02531253
v -0.05014162 0.07413270 0.02559315
v -0.05214044 0.05982531 0.02555459
v -0.05248845 0.05879817 0.02531615
v -0.05227064 0.05851805 0.02567798
v -0.05227064 0.05851805 0.02567798
v -0.05248845 0.05879817 0.02531615
v -0.05264694 0.05723739 0.02564359
v -0.05322565 0.05604224 0.02564142
v -0.05379230 0.05551166 0.02536894
v -0.05400161 0.05493620 0.02568929
v -0.05400161 0.05493620 0.02568929
v -0.05379230 0.05551166 0.02536894
v -0.05498283 0.05398161 0.02560326
v -0.05498283 0.05398161 0.02560326
v -0.05611383 0.05340610 0.02537831
v -0.05604823 0.05321524 0.02568248
v -0.05604823 0.05321524 0.02568248
v -0.05611383 0.05340610 0.02537831
v -0.05726104 0.05263844 0.02564269
v -0.05248845 0.05879817 0.02531615
v -0.05291875 0.05736994 0.02531247
v -0.05264694 0.05723739 0.02564359
v -0.05264694 0.05723739 0.02564359
v -0.05291875 0.05736994 0.02531247
v -0.05379230 0.05551166 0.02536894
v -0.05264694 0.05723739 0.02564359
v -0.05379230 0.05551166 0.02536894
v -0.05322565 0.05604224 0.02564142
v -0.05611383 0.05340610 0.02537831
v -0.05725163 0.05296684 0.02531100
v -0.05726104 0.05263844 0.02564269
v -0.05726104 0.05263844 0.02564269
v -0.05725163 0.05296684 0.02531100
v -0.05887393 0.05250456 0.02531175
v -0.05726104 0.05263844 0.02564269
v -0.05887393 0.05250456 0.02531175
v -0.05854621 0.05226877 0.02564291
v -0.05854621 0.05226877 0.02564291
v -0.05887393 0.05250456 0.02531175
v -0.05986199 0.05213838 0.02556057
v -0.05379230 0.05551166 0.02536894
v -0.05507050 0.05434584 0.02530636
v -0.05498283 0.05398161 0.02560326
v -0.05498283 0.05398161 0.02560326
v -0.05507050 0.05434584 0.02530636
v -0.05611383 0.05340610 0.02537831
v -0.05379230 0.05551166 0.02536894
v -0.05291875 0.05736994 0.02531247
v -0.05507050 0.05434584 0.02530636
v -0.05507050 0.05434584 0.02530636
v -0.05725163 0.05296684 0.02531100
v -0.05611383 0.05340610 0.02537831
v -0.05332722 -0.05824956 0.02499693
v -0.05305840 -0.05809771 0.02529952
v -0.05436988 -0.05604382 0.02499693
v -0.05436988 -0.05604382 0.02499693
v -0.05305840 -0.05809771 0.02529952
v -0.05416919 -0.05580918 0.02529954
v -0.05436988 -0.05604382 0.02499693
v -0.05416919 -0.05580918 0.02529954
v -0.05610405 -0.05432770 0.02499693
v -0.05610405 -0.05432770 0.02499693
v -0.05416919 -0.05580918 0.02529954
v -0.05599575 -0.05403860 0.02529952
v -0.05610405 -0.05432770 0.02499693
v -0.05599575 -0.05403860 0.02529952
v -0.05832061 -0.05330819 0.02499693
v -0.05832061 -0.05330819 0.02499693
v -0.05599575 -0.05403860 0.02529952
v -0.05831771 -0.05299949 0.02529952
v -0.05832061 -0.05330819 0.02499693
v -0.05831771 -0.05299949 0.02529952
v -0.06075218 -0.05310829 0.02499693
v -0.06075218 -0.05310829 0.02499693
v -0.05831771 -0.05299949 0.02529952
v -0.06071775 -0.05278737 0.02529153
v -0.06075218 -0.05310829 0.02499693
v -0.06071775 -0.05278737 0.02529153
v -0.06249738 -0.05352554 0.02499968
v -0.06249738 -0.05352554 0.02499968
v -0.06071775 -0.05278737 0.02529153
v -0.06392777 -0.05380402 0.02529887
v -0.06249738 -0.05352554 0.02499968
v -0.06392777 -0.05380402 0.02529887
v -0.06416276 -0.05436990 0.02499693
v -0.06416276 -0.05436990 0.02499693
v -0.06392777 -0.05380402 0.02529887
v -0.06587888 -0.05610407 0.02499693
v -0.06587888 -0.05610407 0.02499693
v -0.06392777 -0.05380402 0.02529887
v -0.06616804 -0.05599573 0.02529958
v -0.06587888 -0.05610407 0.02499693
v -0.06616804 -0.05599573 0.02529958
v -0.06689839 -0.05832064 0.02499693
v -0.06689839 -0.05832064 0.02499693
v -0.06616804 -0.05599573 0.02529958
v -0.06720707 -0.05831779 0.02529947
v -0.06689839 -0.05832064 0.02499693
v -0.06720707 -0.05831779 0.02529947
v -0.06709831 -0.06075216 0.02499694
v -0.06709831 -0.06075216 0.02499694
v -0.06720707 -0.05831779 0.02529947
v -0.06738924 -0.06085508 0.02529937
v -0.06709831 -0.06075216 0.02499694
v -0.06738924 -0.06085508 0.02529937
v -0.06645451 -0.06310554 0.02499693
v -0.06645451 -0.06310554 0.02499693
v -0.06738924 -0.06085508 0.02529937
v -0.06640247 -0.06392778 0.02529875
v -0.06645451 -0.06310554 0.02499693
v -0.06640247 -0.06392778 0.02529875
v -0.06546553 -0.06460277 0.02499968
v -0.06546553 -0.06460277 0.02499968
v -0.06640247 -0.06392778 0.02529875
v -0.06410251 -0.06587892 0.02499693
v -0.06410251 -0.06587892 0.02499693
v -0.06640247 -0.06392778 0.02529875
v -0.06421076 -0.06616796 0.02529944
v -0.06410251 -0.06587892 0.02499693
v -0.06421076 -0.06616796 0.02529944
v -0.06188593 -0.06689843 0.02499693
v -0.06188593 -0.06689843 0.02499693
v -0.06421076 -0.06616796 0.02529944
v -0.06188880 -0.06720706 0.02529944
v -0.06188593 -0.06689843 0.02499693
v -0.06188880 -0.06720706 0.02529944
v -0.05945443 -0.06709834 0.02499694
v -0.05945443 -0.06709834 0.02499694
v -0.06188880 -0.06720706 0.02529944
v -0.05935152 -0.06738928 0.02529937
v -0.05945443 -0.06709834 0.02499694
v -0.05935152 -0.06738928 0.02529937
v -0.05710107 -0.06645455 0.02499693
v -0.05710107 -0.06645455 0.02499693
v -0.05935152 -0.06738928 0.02529937
v -0.05627854 -0.06640292 0.02529924
v -0.05710107 -0.06645455 0.02499693
v -0.05627854 -0.06640292 0.02529924
v -0.05560382 -0.06546557 0.02499968
v -0.05560382 -0.06546557 0.02499968
v -0.05627854 -0.06640292 0.02529924
v -0.05432765 -0.06410252 0.02499693
v -0.05432765 -0.06410252 0.02499693
v -0.05627854 -0.06640292 0.02529924
v -0.05403859 -0.06421081 0.02529948
v -0.05432765 -0.06410252 0.02499693
v -0.05403859 -0.06421081 0.02529948
v -0.05352550 -0.06249742 0.02499968
v -0.05352550 -0.06249742 0.02499968
v -0.05403859 -0.06421081 0.02529948
v -0.05281923 -0.06122268 0.02529903
v -0.05352550 -0.06249742 0.02499968
v -0.05281923 -0.06122268 0.02529903
v -0.05310184 -0.06067892 0.02499693
v -0.05310184 -0.06067892 0.02499693
v -0.05281923 -0.06122268 0.02529903
v -0.05332722 -0.05824956 0.02499693
v -0.05332722 -0.05824956 0.02499693
v -0.05281923 -0.06122268 0.02529903
v -0.05305840 -0.05809771 0.02529952
v -0.05250449 -0.05887391 0.02531181
v -0.05248120 -0.06623806 0.02530207
v -0.05233268 -0.06322073 0.02540205
v -0.05250449 -0.05887391 0.02531181
v -0.05233268 -0.06322073 0.02540205
v -0.05213878 -0.05984293 0.02556053
v -0.05213878 -0.05984293 0.02556053
v -0.05233268 -0.06322073 0.02540205
v -0.05214413 -0.06363196 0.02567662
v -0.04870699 -0.07752784 0.02566253
v -0.04754356 -0.07986252 0.02552640
v -0.04742789 -0.07991968 0.02566115
v -0.04883017 -0.07768262 0.02539561
v -0.04754356 -0.07986252 0.02552640
v -0.04870699 -0.07752784 0.02566253
v -0.04883017 -0.07768262 0.02539561
v -0.04793377 -0.07965313 0.02532263
v -0.04754356 -0.07986252 0.02552640
v -0.04842270 -0.07930884 0.02527504
v -0.04793377 -0.07965313 0.02532263
v -0.04883017 -0.07768262 0.02539561
v -0.05041757 -0.07429959 0.02531280
v -0.04842270 -0.07930884 0.02527504
v -0.04883017 -0.07768262 0.02539561
v -0.05041757 -0.07429959 0.02531280
v -0.04883017 -0.07768262 0.02539561
v -0.05016499 -0.07404611 0.02560419
v -0.05016499 -0.07404611 0.02560419
v -0.04883017 -0.07768262 0.02539561
v -0.04870699 -0.07752784 0.02566253
v -0.05248120 -0.06623806 0.02530207
v -0.05041757 -0.07429959 0.02531280
v -0.05137257 -0.07064276 0.02537834
v -0.05137257 -0.07064276 0.02537834
v -0.05041757 -0.07429959 0.02531280
v -0.05016499 -0.07404611 0.02560419
v -0.05137257 -0.07064276 0.02537834
v -0.05016499 -0.07404611 0.02560419
v -0.05119814 -0.07051392 0.02568874
v -0.05205909 -0.06697697 0.02537834
v -0.05248120 -0.06623806 0.02530207
v -0.05137257 -0.07064276 0.02537834
v -0.05205909 -0.06697697 0.02537834
v -0.05137257 -0.07064276 0.02537834
v -0.05187332 -0.06688888 0.02567724
v -0.05187332 -0.06688888 0.02567724
v -0.05137257 -0.07064276 0.02537834
v -0.05119814 -0.07051392 0.02568874
v -0.05248120 -0.06623806 0.02530207
v -0.05205909 -0.06697697 0.02537834
v -0.05233268 -0.06322073 0.02540205
v -0.05233268 -0.06322073 0.02540205
v -0.05205909 -0.06697697 0.02537834
v -0.05214413 -0.06363196 0.02567662
v -0.05214413 -0.06363196 0.02567662
v -0.05205909 -0.06697697 0.02537834
v -0.05187332 -0.06688888 0.02567724
v -0.05986460 -0.05214142 0.02555246
v -0.06364026 -0.05214562 0.02567745
v -0.06322018 -0.05231346 0.02541823
v -0.05986460 -0.05214142 0.02555246
v -0.06322018 -0.05231346 0.02541823
v -0.05879822 -0.05248852 0.02531615
v -0.05879822 -0.05248852 0.02531615
v -0.06322018 -0.05231346 0.02541823
v -0.06071775 -0.05278737 0.02529153
v -0.07759067 -0.04869287 0.02559519
v -0.07986819 -0.04748694 0.02559672
v -0.07937028 -0.04825770 0.02529405
v -0.07937028 -0.04825770 0.02529405
v -0.07986819 -0.04748694 0.02559672
v -0.07972803 -0.04787152 0.02532718
v -0.06687994 -0.05221319 0.02531141
v -0.06071775 -0.05278737 0.02529153
v -0.06322018 -0.05231346 0.02541823
v -0.06687994 -0.05221319 0.02531141
v -0.06322018 -0.05231346 0.02541823
v -0.06692844 -0.05188514 0.02559303
v -0.06692844 -0.05188514 0.02559303
v -0.06322018 -0.05231346 0.02541823
v -0.06364026 -0.05214562 0.02567745
v -0.07250717 -0.05118867 0.02530081
v -0.06687994 -0.05221319 0.02531141
v -0.07056900 -0.05139043 0.02537833
v -0.07056900 -0.05139043 0.02537833
v -0.06687994 -0.05221319 0.02531141
v -0.06692844 -0.05188514 0.02559303
v -0.07056900 -0.05139043 0.02537833
v -0.06692844 -0.05188514 0.02559303
v -0.07052182 -0.05119513 0.02569129
v -0.07414383 -0.05032765 0.02537834
v -0.07250717 -0.05118867 0.02530081
v -0.07056900 -0.05139043 0.02537833
v -0.07414383 -0.05032765 0.02537834
v -0.07056900 -0.05139043 0.02537833
v -0.07411743 -0.05012936 0.02567640
v -0.07411743 -0.05012936 0.02567640
v -0.07056900 -0.05139043 0.02537833
v -0.07052182 -0.05119513 0.02569129
v -0.07937028 -0.04825770 0.02529405
v -0.07250717 -0.05118867 0.02530081
v -0.07414383 -0.05032765 0.02537834
v -0.07937028 -0.04825770 0.02529405
v -0.07414383 -0.05032765 0.02537834
v -0.07759067 -0.04869287 0.02559519
v -0.07759067 -0.04869287 0.02559519
v -0.07414383 -0.05032765 0.02537834
v -0.07411743 -0.05012936 0.02567640
v -0.05986460 -0.05214142 0.02555246
v -0.05879822 -0.05248852 0.02531615
v -0.05851594 -0.05226905 0.02568342
v -0.05851594 -0.05226905 0.02568342
v -0.05879822 -0.05248852 0.02531615
v -0.05723763 -0.05264778 0.02564185
v -0.05496323 -0.05399595 0.02560557
v -0.05416486 -0.05505322 0.02537830
v -0.05399449 -0.05494522 0.02568812
v -0.05399449 -0.05494522 0.02568812
v -0.05416486 -0.05505322 0.02537830
v -0.05321830 -0.05606818 0.02560241
v -0.05879822 -0.05248852 0.02531615
v -0.05737427 -0.05291869 0.02531168
v -0.05723763 -0.05264778 0.02564185
v -0.05723763 -0.05264778 0.02564185
v -0.05737427 -0.05291869 0.02531168
v -0.05580685 -0.05371565 0.02530984
v -0.05723763 -0.05264778 0.02564185
v -0.05580685 -0.05371565 0.02530984
v -0.05604362 -0.05322490 0.02564130
v -0.05604362 -0.05322490 0.02564130
v -0.05580685 -0.05371565 0.02530984
v -0.05496323 -0.05399595 0.02560557
v -0.05321830 -0.05606818 0.02560241
v -0.05311649 -0.05685328 0.02531511
v -0.05263896 -0.05725976 0.02564264
v -0.05263896 -0.05725976 0.02564264
v -0.05311649 -0.05685328 0.02531511
v -0.05250449 -0.05887391 0.02531181
v -0.05263896 -0.05725976 0.02564264
v -0.05250449 -0.05887391 0.02531181
v -0.05226933 -0.05854798 0.02564115
v -0.05226933 -0.05854798 0.02564115
v -0.05250449 -0.05887391 0.02531181
v -0.05213878 -0.05984293 0.02556053
v -0.05496323 -0.05399595 0.02560557
v -0.05580685 -0.05371565 0.02530984
v -0.05416486 -0.05505322 0.02537830
v -0.05416486 -0.05505322 0.02537830
v -0.05311649 -0.05685328 0.02531511
v -0.05321830 -0.05606818 0.02560241
v -0.05416486 -0.05505322 0.02537830
v -0.05580685 -0.05371565 0.02530984
v -0.05311649 -0.05685328 0.02531511
v 0.01399346 -0.09396248 0.00000000
v 0.00540867 -0.09486839 0.00000000
v 0.00000000 0.00000000 0.00000000
v 0.08503942 -0.04234456 0.00000000
v 0.08167996 -0.04850925 0.00000000
v 0.07137561 0.06269200 -0.00000000
v 0.07581063 0.05724958 -0.00000000
v -0.08920276 0.03267464 -0.00000000
v -0.08654603 0.03917333 -0.00000000
v -0.05001043 0.08076956 -0.00000000
v -0.04390882 0.08424238 -0.00000000
v 0.03431753 -0.08858370 0.00000000
v 0.02768172 -0.09087622 0.00000000
v 0.06655070 0.06779210 -0.00000000
v 0.01051186 0.09441539 -0.00000000
v 0.01745587 0.09338125 -0.00000000
v -0.09227051 -0.02260351 0.00000000
v -0.09368785 -0.01572745 0.00000000
v 0.09034919 -0.02935620 0.00000000
v 0.08793443 -0.03594860 0.00000000
v 0.09498254 -0.00175543 0.00000000
v 0.09459352 -0.00876541 0.00000000
v -0.08341670 0.04545790 -0.00000000
v 0.09137223 0.02599767 -0.00000000
v 0.09304271 0.01917865 -0.00000000
v 0.07787433 -0.05440912 0.00000000
v 0.07364343 -0.06001175 0.00000000
v -0.08503939 -0.04234462 0.00000000
v -0.08793441 -0.03594864 0.00000000
v 0.07983163 0.05149442 -0.00000000
v -0.06901027 -0.06528666 0.00000000
v -0.07364339 -0.06001181 0.00000000
v -0.07983166 0.05149436 -0.00000000
v -0.07581066 0.05724954 -0.00000000
v 0.06901032 -0.06528661 0.00000000
v -0.05583889 0.07685560 -0.00000000
v 0.03102062 0.08979135 -0.00000000
v 0.03756741 0.08725511 -0.00000000
v 0.08341669 0.04545792 -0.00000000
v 0.02089457 -0.09267245 0.00000000
v -0.09459353 -0.00876527 0.00000000
v -0.09498254 -0.00175571 0.00000000
v 0.09227053 -0.02260344 0.00000000
v -0.03756748 0.08725509 -0.00000000
v -0.09485281 0.00526399 -0.00000000
v -0.00471761 -0.09493263 0.00000000
v -0.01399351 -0.09396248 0.00000000
v -0.03102084 0.08979127 -0.00000000
v -0.02430477 0.09183704 -0.00000000
v 0.08654599 0.03917342 -0.00000000
v 0.08920273 0.03267473 -0.00000000
v -0.09420502 0.01225476 -0.00000000
v -0.09304273 0.01917857 -0.00000000
v -0.05864063 -0.07473981 0.00000000
v -0.06400021 -0.07020496 0.00000000
v -0.09034917 -0.02935626 0.00000000
v -0.05296072 -0.07886652 0.00000000
v 0.09368786 -0.01572739 0.00000000
v 0.05001034 0.08076962 -0.00000000
v 0.05583884 0.07685563 -0.00000000
v 0.05864069 -0.07473977 0.00000000
v 0.05296090 -0.07886639 0.00000000
v 0.06136236 0.07252189 -0.00000000
v 0.04699166 -0.08256240 0.00000000
v 0.00351036 0.09493389 -0.00000000
v -0.09137225 0.02599761 -0.00000000
v -0.03431745 -0.08858373 0.00000000
v -0.04076590 -0.08580738 0.00000000
v -0.07137560 0.06269202 -0.00000000
v 0.04390876 0.08424241 -0.00000000
v -0.04699165 -0.08256240 0.00000000
v -0.02768156 -0.09087627 0.00000000
v -0.00351038 0.09493388 -0.00000000
v -0.06136232 0.07252192 -0.00000000
v 0.04076597 -0.08580734 0.00000000
v -0.07787434 -0.05440911 0.00000000
v -0.08167989 -0.04850938 0.00000000
v -0.02089460 -0.09267243 0.00000000
v 0.09485281 0.00526405 -0.00000000
v -0.06655074 0.06779206 -0.00000000
v 0.09420501 0.01225483 -0.00000000
v 0.02430471 0.09183706 -0.00000000
v -0.01745591 0.09338124 -0.00000000
v -0.01051183 0.09441540 -0.00000000
v 0.06400027 -0.07020491 0.00000000
v 0.05210719 0.05980062 0.06263150
v 0.05213968 0.05986965 0.02555875
v 0.05212677 0.06290808 0.05621042
v 0.05214396 0.06363306 0.02567695
v 0.05178577 0.06726045 0.04752029
v 0.05204874 0.06502675 0.05187631
v 0.05214396 0.06363306 0.02567695
v 0.05214396 0.06363306 0.02567695
v 0.05204874 0.06502675 0.05187631
v 0.05212677 0.06290808 0.05621042
v 0.04996339 0.07445269 0.03435215
v 0.05074670 0.07206095 0.03852240
v 0.05119814 0.07051392 0.02568873
v 0.05119814 0.07051392 0.02568873
v 0.05074670 0.07206095 0.03852240
v 0.05137028 0.06969010 0.04290168
v 0.05119814 0.07051392 0.02568873
v 0.05137028 0.06969010 0.04290168
v 0.05187332 0.06688888 0.02567723
v 0.05187332 0.06688888 0.02567723
v 0.05137028 0.06969010 0.04290168
v 0.05214396 0.06363306 0.02567695
v 0.05214396 0.06363306 0.02567695
v 0.05137028 0.06969010 0.04290168
v 0.05178577 0.06726045 0.04752029
v 0.04749512 0.07985389 0.02559401
v 0.04882569 0.07723425 0.02977856
v 0.04871996 0.07754648 0.02557751
v 0.04871996 0.07754648 0.02557751
v 0.04882569 0.07723425 0.02977856
v 0.05016499 0.07404611 0.02560418
v 0.04996339 0.07445269 0.03435215
v 0.05119814 0.07051392 0.02568873
v 0.05016499 0.07404611 0.02560418
v 0.04996339 0.07445269 0.03435215
v 0.05016499 0.07404611 0.02560418
v 0.04882569 0.07723425 0.02977856
v 0.06188880 0.06720706 0.02529943
v 0.06590599 0.06547554 0.02529271
v 0.05558045 0.07445240 0.02529081
v 0.05935152 0.06738928 0.02529937
v 0.06640247 0.06392778 0.02529875
v 0.06590599 0.06547554 0.02529271
v 0.06421076 0.06616796 0.02529943
v 0.06421076 0.06616796 0.02529943
v 0.06590599 0.06547554 0.02529271
v 0.06188880 0.06720706 0.02529943
v 0.04829487 0.07927220 0.02530196
v 0.05627854 0.06640292 0.02529924
v 0.07464932 0.05529462 0.02529221
v 0.07464932 0.05529462 0.02529221
v 0.06640247 0.06392778 0.02529875
v 0.06738924 0.06085508 0.02529937
v 0.06585192 0.05549175 0.02529924
v 0.07271546 0.05112451 0.02530124
v 0.07929238 0.04824124 0.02530912
v 0.06720707 0.05831780 0.02529947
v 0.06686204 0.05221666 0.02531146
v 0.05599575 0.05403860 0.02529952
v 0.05736994 0.05291875 0.02531247
v 0.05831771 0.05299951 0.02529950
v 0.05599575 0.05403860 0.02529952
v 0.05416921 0.05580919 0.02529952
v 0.05434584 0.05507050 0.02530636
v 0.05416921 0.05580919 0.02529952
v 0.05296683 0.05725164 0.02531100
v 0.05434584 0.05507050 0.02530636
v 0.05250436 0.05887397 0.02531187
v 0.05296683 0.05725164 0.02531100
v 0.05305839 0.05809771 0.02529954
v 0.05305839 0.05809771 0.02529954
v 0.05296683 0.05725164 0.02531100
v 0.05416921 0.05580919 0.02529952
v 0.05248120 0.06623806 0.02530207
v 0.05250436 0.05887397 0.02531187
v 0.05281923 0.06122268 0.02529903
v 0.05305839 0.05809771 0.02529954
v 0.06330169 0.05351378 0.02529947
v 0.06071792 0.05278742 0.02529163
v 0.05736994 0.05291875 0.02531247
v 0.05879785 0.05248864 0.02531607
v 0.05831771 0.05299951 0.02529950
v 0.06071792 0.05278742 0.02529163
v 0.05599575 0.05403860 0.02529952
v 0.05434584 0.05507050 0.02530636
v 0.05736994 0.05291875 0.02531247
v 0.05248120 0.06623806 0.02530207
v 0.05403859 0.06421082 0.02529947
v 0.05281923 0.06122268 0.02529903
v 0.05627854 0.06640292 0.02529924
v 0.04829487 0.07927220 0.02530196
v 0.05041757 0.07429959 0.02531280
v 0.05041757 0.07429959 0.02531280
v 0.07416437 0.05009501 0.02572406
v 0.07596746 0.04938998 0.03174176
v 0.07758478 0.04869444 0.02559700
v 0.07758478 0.04869444 0.02559700
v 0.07596746 0.04938998 0.03174176
v 0.07991362 0.04743859 0.02565368
v 0.07242061 0.05067035 0.03787599
v 0.07056736 0.05118594 0.02568639
v 0.06900360 0.05152747 0.04409939
v 0.07596746 0.04938998 0.03174176
v 0.07416437 0.05009501 0.02572406
v 0.07458320 0.04994200 0.03432237
v 0.07458320 0.04994200 0.03432237
v 0.07416437 0.05009501 0.02572406
v 0.07242061 0.05067035 0.03787599
v 0.07242061 0.05067035 0.03787599
v 0.07416437 0.05009501 0.02572406
v 0.07056736 0.05118594 0.02568639
v 0.06900360 0.05152747 0.04409939
v 0.07056736 0.05118594 0.02568639
v 0.06690082 0.05188675 0.02559606
v 0.06900360 0.05152747 0.04409939
v 0.06690082 0.05188675 0.02559606
v 0.06320199 0.05219427 0.02552263
v 0.06000192 0.05210674 0.06224531
v 0.06432308 0.05211518 0.05320803
v 0.05981559 0.05214069 0.02555456
v 0.05981559 0.05214069 0.02555456
v 0.06432308 0.05211518 0.05320803
v 0.06320199 0.05219427 0.02552263
v 0.06320199 0.05219427 0.02552263
v 0.06432308 0.05211518 0.05320803
v 0.06900360 0.05152747 0.04409939
v 0.05981559 0.05214069 0.02555456
v 0.05909699 0.05215789 0.06415087
v 0.06000192 0.05210674 0.06224531
v 0.05909699 0.05215789 0.06415087
v 0.05981559 0.05214069 0.02555456
v 0.05851545 0.05227118 0.02567801
v 0.05909699 0.05215789 0.06415087
v 0.05851545 0.05227118 0.02567801
v 0.05803867 0.05235750 0.06624038
v 0.05803867 0.05235750 0.06624038
v 0.05851545 0.05227118 0.02567801
v 0.05724555 0.05264493 0.02564139
v 0.05604544 0.05322297 0.02564273
v 0.05689368 0.05276144 0.06780344
v 0.05724555 0.05264493 0.02564139
v 0.05724555 0.05264493 0.02564139
v 0.05689368 0.05276144 0.06780344
v 0.05803867 0.05235750 0.06624038
v 0.05493573 0.05400204 0.02568922
v 0.05538583 0.05362349 0.06922687
v 0.05604544 0.05322297 0.02564273
v 0.05604544 0.05322297 0.02564273
v 0.05538583 0.05362349 0.06922687
v 0.05689368 0.05276144 0.06780344
v 0.05493573 0.05400204 0.02568922
v 0.05398567 0.05497906 0.02560222
v 0.05394579 0.05496105 0.06946225
v 0.05493573 0.05400204 0.02568922
v 0.05394579 0.05496105 0.06946225
v 0.05538583 0.05362349 0.06922687
v 0.05263981 0.05725922 0.02564141
v 0.05243231 0.05775432 0.06667823
v 0.05321499 0.05604787 0.02568357
v 0.05321499 0.05604787 0.02568357
v 0.05243231 0.05775432 0.06667823
v 0.05309679 0.05623449 0.06849244
v 0.05321499 0.05604787 0.02568357
v 0.05309679 0.05623449 0.06849244
v 0.05398567 0.05497906 0.02560222
v 0.05398567 0.05497906 0.02560222
v 0.05309679 0.05623449 0.06849244
v 0.05394579 0.05496105 0.06946225
v 0.05213968 0.05986965 0.02555875
v 0.05210719 0.05980062 0.06263150
v 0.05226814 0.05854636 0.02564410
v 0.05226814 0.05854636 0.02564410
v 0.05210719 0.05980062 0.06263150
v 0.05217092 0.05890737 0.06468045
v 0.05226814 0.05854636 0.02564410
v 0.05217092 0.05890737 0.06468045
v 0.05263981 0.05725922 0.02564141
v 0.05263981 0.05725922 0.02564141
v 0.05217092 0.05890737 0.06468045
v 0.05243231 0.05775432 0.06667823
v 0.07732155 -0.04876189 0.02985097
v 0.07456351 -0.04993655 0.03440706
v 0.07412045 -0.05014241 0.02559782
v 0.06367043 -0.05214426 0.02567211
v 0.06488213 -0.05205227 0.05244346
v 0.06283455 -0.05215268 0.05639308
v 0.06367043 -0.05214426 0.02567211
v 0.06283455 -0.05215268 0.05639308
v 0.05985221 -0.05213801 0.02556128
v 0.05985221 -0.05213801 0.02556128
v 0.06283455 -0.05215268 0.05639308
v 0.05999120 -0.05210597 0.06226322
v 0.06737854 -0.05178312 0.04741888
v 0.06488213 -0.05205227 0.05244346
v 0.06367043 -0.05214426 0.02567211
v 0.07412045 -0.05014241 0.02559782
v 0.07456351 -0.04993655 0.03440706
v 0.07051731 -0.05119680 0.02569009
v 0.07051731 -0.05119680 0.02569009
v 0.07456351 -0.04993655 0.03440706
v 0.07201369 -0.05078488 0.03884231
v 0.07051731 -0.05119680 0.02569009
v 0.07201369 -0.05078488 0.03884231
v 0.06976597 -0.05134855 0.04296536
v 0.07051731 -0.05119680 0.02569009
v 0.06976597 -0.05134855 0.04296536
v 0.06688976 -0.05187320 0.02567723
v 0.06688976 -0.05187320 0.02567723
v 0.06976597 -0.05134855 0.04296536
v 0.06367043 -0.05214426 0.02567211
v 0.06367043 -0.05214426 0.02567211
v 0.06976597 -0.05134855 0.04296536
v 0.06737854 -0.05178312 0.04741888
v 0.07751523 -0.04871401 0.02566105
v 0.07991701 -0.04743126 0.02566105
v 0.07892310 -0.04798276 0.02696569
v 0.07751523 -0.04871401 0.02566105
v 0.07892310 -0.04798276 0.02696569
v 0.07412045 -0.05014241 0.02559782
v 0.07412045 -0.05014241 0.02559782
v 0.07892310 -0.04798276 0.02696569
v 0.07732155 -0.04876189 0.02985097
v 0.05278802 -0.06071914 0.02529120
v 0.05199019 -0.06921771 0.02530104
v 0.05380402 -0.06392777 0.02529887
v 0.05883464 -0.05251615 0.02530807
v 0.05809772 -0.05305840 0.02529952
v 0.06122269 -0.05281917 0.02529909
v 0.06623806 -0.05248119 0.02530207
v 0.06738928 -0.05935152 0.02529937
v 0.06720706 -0.06188879 0.02529943
v 0.07244032 -0.05806506 0.02529248
v 0.06547554 -0.06590599 0.02529271
v 0.06392778 -0.06640247 0.02529875
v 0.05529462 -0.07464931 0.02529221
v 0.05529462 -0.07464931 0.02529221
v 0.06392778 -0.06640247 0.02529875
v 0.06085508 -0.06738924 0.02529937
v 0.05299947 -0.05831771 0.02529954
v 0.05248852 -0.05879748 0.02531632
v 0.05278802 -0.06071914 0.02529120
v 0.05580919 -0.05416921 0.02529952
v 0.05609912 -0.05358846 0.02530632
v 0.05403860 -0.05599574 0.02529952
v 0.05403860 -0.05599574 0.02529952
v 0.05609912 -0.05358846 0.02530632
v 0.05369041 -0.05583458 0.02531461
v 0.06640292 -0.05627854 0.02529924
v 0.06623806 -0.05248119 0.02530207
v 0.06421082 -0.05403859 0.02529947
v 0.06122269 -0.05281917 0.02529909
v 0.06616796 -0.06421076 0.02529943
v 0.05599573 -0.06616804 0.02529958
v 0.05299947 -0.05831771 0.02529954
v 0.05290082 -0.05739245 0.02531846
v 0.05248852 -0.05879748 0.02531632
v 0.05403860 -0.05599574 0.02529952
v 0.05369041 -0.05583458 0.02531461
v 0.05299947 -0.05831771 0.02529954
v 0.05290082 -0.05739245 0.02531846
v 0.05809772 -0.05305840 0.02529952
v 0.05883464 -0.05251615 0.02530807
v 0.05580919 -0.05416921 0.02529952
v 0.05580919 -0.05416921 0.02529952
v 0.05883464 -0.05251615 0.02530807
v 0.05609912 -0.05358846 0.02530632
v 0.06640292 -0.05627854 0.02529924
v 0.07938344 -0.04819889 0.02530148
v 0.07429959 -0.05041757 0.02531280
v 0.07429959 -0.05041757 0.02531280
v 0.06547554 -0.06590599 0.02529271
v 0.06547554 -0.06590599 0.02529271
v 0.06720706 -0.06188879 0.02529943
v 0.06616796 -0.06421076 0.02529943
v 0.07938344 -0.04819889 0.02530148
v 0.06640292 -0.05627854 0.02529924
v 0.07659486 -0.05254756 0.02528347
v 0.07659486 -0.05254756 0.02528347
v 0.05047078 -0.07415219 0.02531253
v 0.05599573 -0.06616804 0.02529958
v 0.05047078 -0.07415219 0.02531253
v 0.04818377 -0.07942790 0.02529496
v 0.05831780 -0.06720707 0.02529948
v 0.04818377 -0.07942790 0.02529496
v 0.04875186 -0.07747114 0.02559368
v 0.04938998 -0.07596746 0.03174176
v 0.04744082 -0.07991681 0.02563856
v 0.05119171 -0.07054068 0.02568798
v 0.05152746 -0.06900359 0.04409939
v 0.05068833 -0.07235916 0.03798585
v 0.05014162 -0.07413270 0.02559316
v 0.04992143 -0.07462703 0.03415030
v 0.04875186 -0.07747114 0.02559368
v 0.04875186 -0.07747114 0.02559368
v 0.04992143 -0.07462703 0.03415030
v 0.04938998 -0.07596746 0.03174176
v 0.05119171 -0.07054068 0.02568798
v 0.05068833 -0.07235916 0.03798585
v 0.04992143 -0.07462703 0.03415030
v 0.05119171 -0.07054068 0.02568798
v 0.04992143 -0.07462703 0.03415030
v 0.05014162 -0.07413270 0.02559316
v 0.05152746 -0.06900359 0.04409939
v 0.05119171 -0.07054068 0.02568798
v 0.05187069 -0.06690739 0.02567748
v 0.05152746 -0.06900359 0.04409939
v 0.05187069 -0.06690739 0.02567748
v 0.05219427 -0.06320199 0.02552263
v 0.05211047 -0.05962057 0.06316488
v 0.05209657 -0.06453368 0.05278592
v 0.05214169 -0.05980054 0.02555374
v 0.05214169 -0.05980054 0.02555374
v 0.05209657 -0.06453368 0.05278592
v 0.05219427 -0.06320199 0.02552263
v 0.05219427 -0.06320199 0.02552263
v 0.05209657 -0.06453368 0.05278592
v 0.05152746 -0.06900359 0.04409939
v 0.05214169 -0.05980054 0.02555374
v 0.05220512 -0.05881024 0.06464322
v 0.05211047 -0.05962057 0.06316488
v 0.05220512 -0.05881024 0.06464322
v 0.05214169 -0.05980054 0.02555374
v 0.05227157 -0.05851362 0.02567802
v 0.05220512 -0.05881024 0.06464322
v 0.05227157 -0.05851362 0.02567802
v 0.05248365 -0.05763623 0.06667731
v 0.05248365 -0.05763623 0.06667731
v 0.05227157 -0.05851362 0.02567802
v 0.05264778 -0.05723763 0.02564185
v 0.05322490 -0.05604361 0.02564130
v 0.05292176 -0.05658474 0.06810211
v 0.05248365 -0.05763623 0.06667731
v 0.05322490 -0.05604361 0.02564130
v 0.05248365 -0.05763623 0.06667731
v 0.05264778 -0.05723763 0.02564185
v 0.05349156 -0.05559214 0.06904728
v 0.05401246 -0.05493769 0.02561173
v 0.05420488 -0.05468442 0.06949694
v 0.05401246 -0.05493769 0.02561173
v 0.05349156 -0.05559214 0.06904728
v 0.05322490 -0.05604361 0.02564130
v 0.05322490 -0.05604361 0.02564130
v 0.05349156 -0.05559214 0.06904728
v 0.05292176 -0.05658474 0.06810211
v 0.05420488 -0.05468442 0.06949694
v 0.05401246 -0.05493769 0.02561173
v 0.05536432 -0.05363470 0.06925531
v 0.05495661 -0.05398779 0.02568231
v 0.05536432 -0.05363470 0.06925531
v 0.05401246 -0.05493769 0.02561173
v 0.05606818 -0.05321830 0.02560241
v 0.05639318 -0.05301269 0.06835854
v 0.05536432 -0.05363470 0.06925531
v 0.05606818 -0.05321830 0.02560241
v 0.05536432 -0.05363470 0.06925531
v 0.05495661 -0.05398779 0.02568231
v 0.05837971 -0.05229086 0.06538452
v 0.05780383 -0.05238590 0.06670399
v 0.05725976 -0.05263896 0.02564264
v 0.05725976 -0.05263896 0.02564264
v 0.05780383 -0.05238590 0.06670399
v 0.05606818 -0.05321830 0.02560241
v 0.05606818 -0.05321830 0.02560241
v 0.05780383 -0.05238590 0.06670399
v 0.05639318 -0.05301269 0.06835854
v 0.05999120 -0.05210597 0.06226322
v 0.05854798 -0.05226933 0.02564115
v 0.05985221 -0.05213801 0.02556128
v 0.05999120 -0.05210597 0.06226322
v 0.05837971 -0.05229086 0.06538452
v 0.05854798 -0.05226933 0.02564115
v 0.05854798 -0.05226933 0.02564115
v 0.05837971 -0.05229086 0.06538452
v 0.05725976 -0.05263896 0.02564264
v -0.06726045 0.05178578 0.04752029
v -0.06502626 0.05204880 0.05187730
v -0.06363196 0.05214413 0.02567661
v -0.06363196 0.05214413 0.02567661
v -0.06502626 0.05204880 0.05187730
v -0.05986199 0.05213838 0.02556057
v -0.05986199 0.05213838 0.02556057
v -0.06502626 0.05204880 0.05187730
v -0.05970172 0.05211303 0.06285181
v -0.07053497 0.05119370 0.02568653
v -0.06963405 0.05137273 0.04320908
v -0.06688888 0.05187333 0.02567723
v -0.06688888 0.05187333 0.02567723
v -0.06963405 0.05137273 0.04320908
v -0.06363196 0.05214413 0.02567661
v -0.06363196 0.05214413 0.02567661
v -0.06963405 0.05137273 0.04320908
v -0.06726045 0.05178578 0.04752029
v -0.07983400 0.04748965 0.02565776
v -0.07723426 0.04882569 0.02977856
v -0.07754763 0.04871955 0.02557729
v -0.07754763 0.04871955 0.02557729
v -0.07723426 0.04882569 0.02977856
v -0.07408306 0.05013934 0.02568289
v -0.07408306 0.05013934 0.02568289
v -0.07723426 0.04882569 0.02977856
v -0.07456158 0.04994825 0.03427252
v -0.07408306 0.05013934 0.02568289
v -0.07456158 0.04994825 0.03427252
v -0.07053497 0.05119370 0.02568653
v -0.07053497 0.05119370 0.02568653
v -0.07456158 0.04994825 0.03427252
v -0.07336953 0.05037333 0.03620653
v -0.07053497 0.05119370 0.02568653
v -0.07336953 0.05037333 0.03620653
v -0.06963405 0.05137273 0.04320908
v -0.06392778 0.06640247 0.02529875
v -0.06547554 0.06590599 0.02529271
v -0.06616796 0.06421076 0.02529943
v -0.06085508 0.06738924 0.02529937
v -0.05529462 0.07464931 0.02529221
v -0.06392778 0.06640247 0.02529875
v -0.05529462 0.07464931 0.02529221
v -0.06738928 0.05935152 0.02529937
v -0.07244032 0.05806506 0.02529248
v -0.06640292 0.05627854 0.02529924
v -0.07667481 0.05244381 0.02528219
v -0.06640292 0.05627854 0.02529924
v -0.07667481 0.05244381 0.02528219
v -0.07927219 0.04829487 0.02530196
v -0.06720706 0.06188880 0.02529943
v -0.06547554 0.06590599 0.02529271
v -0.06547554 0.06590599 0.02529271
v -0.06720706 0.06188880 0.02529943
v -0.06616796 0.06421076 0.02529943
v -0.05199019 0.06921771 0.02530104
v -0.05047078 0.07415219 0.02531253
v -0.05599573 0.06616805 0.02529958
v -0.05599573 0.06616805 0.02529958
v -0.05047078 0.07415219 0.02531253
v -0.04824220 0.07929350 0.02530832
v -0.05831780 0.06720707 0.02529947
v -0.04824220 0.07929350 0.02530832
v -0.05380402 0.06392777 0.02529887
v -0.05278737 0.06071775 0.02529153
v -0.06460394 0.05254628 0.02530297
v -0.05887393 0.05250456 0.02531175
v -0.06122268 0.05281923 0.02529903
v -0.06122268 0.05281923 0.02529903
v -0.05887393 0.05250456 0.02531175
v -0.05809771 0.05305839 0.02529954
v -0.05299951 0.05831772 0.02529950
v -0.05248845 0.05879817 0.02531615
v -0.05278737 0.06071775 0.02529153
v -0.05403860 0.05599575 0.02529952
v -0.05291875 0.05736994 0.02531247
v -0.05299951 0.05831772 0.02529950
v -0.05291875 0.05736994 0.02531247
v -0.05403860 0.05599575 0.02529952
v -0.05507050 0.05434584 0.02530636
v -0.05291875 0.05736994 0.02531247
v -0.05887393 0.05250456 0.02531175
v -0.05725163 0.05296684 0.02531100
v -0.05809771 0.05305839 0.02529954
v -0.05809771 0.05305839 0.02529954
v -0.05725163 0.05296684 0.02531100
v -0.05580919 0.05416921 0.02529952
v -0.06460394 0.05254628 0.02530297
v -0.06421082 0.05403859 0.02529947
v -0.06122268 0.05281923 0.02529903
v -0.05580919 0.05416921 0.02529952
v -0.05507050 0.05434584 0.02530636
v -0.05403860 0.05599575 0.02529952
v -0.05580919 0.05416921 0.02529952
v -0.05725163 0.05296684 0.02531100
v -0.05507050 0.05434584 0.02530636
v -0.07927219 0.04829487 0.02530196
v -0.07229104 0.05125342 0.02530117
v -0.04875186 0.07747114 0.02559367
v -0.04938998 0.07596746 0.03174175
v -0.04743309 0.07992318 0.02565073
v -0.05119171 0.07054069 0.02568797
v -0.05137593 0.06965317 0.04298104
v -0.05068833 0.07235917 0.03798584
v -0.05014162 0.07413270 0.02559315
v -0.04992143 0.07462704 0.03415029
v -0.04875186 0.07747114 0.02559367
v -0.04875186 0.07747114 0.02559367
v -0.04992143 0.07462704 0.03415029
v -0.04938998 0.07596746 0.03174175
v -0.05119171 0.07054069 0.02568797
v -0.05068833 0.07235917 0.03798584
v -0.04992143 0.07462704 0.03415029
v -0.05119171 0.07054069 0.02568797
v -0.04992143 0.07462704 0.03415029
v -0.05014162 0.07413270 0.02559315
v -0.05208630 0.06455782 0.05267388
v -0.05167247 0.06818637 0.04568220
v -0.05214898 0.06371691 0.02565894
v -0.05214898 0.06371691 0.02565894
v -0.05167247 0.06818637 0.04568220
v -0.05137593 0.06965317 0.04298104
v -0.05137593 0.06965317 0.04298104
v -0.05119171 0.07054069 0.02568797
v -0.05187007 0.06692062 0.02567453
v -0.05137593 0.06965317 0.04298104
v -0.05187007 0.06692062 0.02567453
v -0.05214898 0.06371691 0.02565894
v -0.05211259 0.05958561 0.06319062
v -0.05208630 0.06455782 0.05267388
v -0.05214044 0.05982531 0.02555459
v -0.05208630 0.06455782 0.05267388
v -0.05214898 0.06371691 0.02565894
v -0.05214044 0.05982531 0.02555459
v -0.05250369 0.05755126 0.06695624
v -0.05230749 0.05828901 0.06559453
v -0.05264694 0.05723739 0.02564359
v -0.05264694 0.05723739 0.02564359
v -0.05230749 0.05828901 0.06559453
v -0.05227064 0.05851805 0.02567798
v -0.05227064 0.05851805 0.02567798
v -0.05230749 0.05828901 0.06559453
v -0.05214044 0.05982531 0.02555459
v -0.05214044 0.05982531 0.02555459
v -0.05230749 0.05828901 0.06559453
v -0.05211259 0.05958561 0.06319062
v -0.05322565 0.05604224 0.02564142
v -0.05308297 0.05625915 0.06843622
v -0.05250369 0.05755126 0.06695624
v -0.05322565 0.05604224 0.02564142
v -0.05250369 0.05755126 0.06695624
v -0.05264694 0.05723739 0.02564359
v -0.05400161 0.05493620 0.02568929
v -0.05308297 0.05625915 0.06843622
v -0.05322565 0.05604224 0.02564142
v -0.05400161 0.05493620 0.02568929
v -0.05374774 0.05523044 0.06929856
v -0.05308297 0.05625915 0.06843622
v -0.05400161 0.05493620 0.02568929
v -0.05471281 0.05417738 0.06949562
v -0.05374774 0.05523044 0.06929856
v -0.05598039 0.05322861 0.06877864
v -0.05471281 0.05417738 0.06949562
v -0.05498283 0.05398161 0.02560326
v -0.05498283 0.05398161 0.02560326
v -0.05471281 0.05417738 0.06949562
v -0.05400161 0.05493620 0.02568929
v -0.05604823 0.05321524 0.02568248
v -0.05598039 0.05322861 0.06877864
v -0.05498283 0.05398161 0.02560326
v -0.05832731 0.05227732 0.06579339
v -0.05729648 0.05261195 0.06718707
v -0.05726104 0.05263844 0.02564269
v -0.05726104 0.05263844 0.02564269
v -0.05729648 0.05261195 0.06718707
v -0.05604823 0.05321524 0.02568248
v -0.05604823 0.05321524 0.02568248
v -0.05729648 0.05261195 0.06718707
v -0.05598039 0.05322861 0.06877864
v -0.05970172 0.05211303 0.06285181
v -0.05832731 0.05227732 0.06579339
v -0.05854621 0.05226877 0.02564291
v -0.05854621 0.05226877 0.02564291
v -0.05832731 0.05227732 0.06579339
v -0.05726104 0.05263844 0.02564269
v -0.05986199 0.05213838 0.02556057
v -0.05970172 0.05211303 0.06285181
v -0.05854621 0.05226877 0.02564291
v -0.05178577 -0.06726045 0.04752029
v -0.05205345 -0.06499415 0.05190030
v -0.05214413 -0.06363196 0.02567662
v -0.05214413 -0.06363196 0.02567662
v -0.05205345 -0.06499415 0.05190030
v -0.05213878 -0.05984293 0.02556053
v -0.05213878 -0.05984293 0.02556053
v -0.05205345 -0.06499415 0.05190030
v -0.05210986 -0.05996279 0.06231415
v -0.04996339 -0.07445269 0.03435216
v -0.05074670 -0.07206095 0.03852240
v -0.05119814 -0.07051392 0.02568874
v -0.05119814 -0.07051392 0.02568874
v -0.05074670 -0.07206095 0.03852240
v -0.05137028 -0.06969010 0.04290169
v -0.05119814 -0.07051392 0.02568874
v -0.05137028 -0.06969010 0.04290169
v -0.05187332 -0.06688888 0.02567724
v -0.05187332 -0.06688888 0.02567724
v -0.05137028 -0.06969010 0.04290169
v -0.05214413 -0.06363196 0.02567662
v -0.05214413 -0.06363196 0.02567662
v -0.05137028 -0.06969010 0.04290169
v -0.05178577 -0.06726045 0.04752029
v -0.04742789 -0.07991968 0.02566115
v -0.04882569 -0.07723425 0.02977857
v -0.04870699 -0.07752784 0.02566253
v -0.04870699 -0.07752784 0.02566253
v -0.04882569 -0.07723425 0.02977857
v -0.05016499 -0.07404611 0.02560419
v -0.04996339 -0.07445269 0.03435216
v -0.05119814 -0.07051392 0.02568874
v -0.05016499 -0.07404611 0.02560419
v -0.04996339 -0.07445269 0.03435216
v -0.05016499 -0.07404611 0.02560419
v -0.04882569 -0.07723425 0.02977857
v -0.05879822 -0.05248852 0.02531615
v -0.06071775 -0.05278737 0.02529153
v -0.05831771 -0.05299949 0.02529952
v -0.05737427 -0.05291869 0.02531168
v -0.06590599 -0.06547554 0.02529271
v -0.06640247 -0.06392778 0.02529875
v -0.07464931 -0.05529462 0.02529221
v -0.07464931 -0.05529462 0.02529221
v -0.06640247 -0.06392778 0.02529875
v -0.06738924 -0.06085508 0.02529937
v -0.05935152 -0.06738928 0.02529937
v -0.06188880 -0.06720706 0.02529944
v -0.05806506 -0.07244032 0.02529249
v -0.05737427 -0.05291869 0.02531168
v -0.05831771 -0.05299949 0.02529952
v -0.05599575 -0.05403860 0.02529952
v -0.05737427 -0.05291869 0.02531168
v -0.05599575 -0.05403860 0.02529952
v -0.05580685 -0.05371565 0.02530984
v -0.05580685 -0.05371565 0.02530984
v -0.05599575 -0.05403860 0.02529952
v -0.05416919 -0.05580918 0.02529954
v -0.05416919 -0.05580918 0.02529954
v -0.05311649 -0.05685328 0.02531511
v -0.05580685 -0.05371565 0.02530984
v -0.06421076 -0.06616796 0.02529944
v -0.06392777 -0.05380402 0.02529887
v -0.06687994 -0.05221319 0.02531141
v -0.06616804 -0.05599573 0.02529958
v -0.07250717 -0.05118867 0.02530081
v -0.06071775 -0.05278737 0.02529153
v -0.06590599 -0.06547554 0.02529271
v -0.06590599 -0.06547554 0.02529271
v -0.06188880 -0.06720706 0.02529944
v -0.06421076 -0.06616796 0.02529944
v -0.07937028 -0.04825770 0.02529405
v -0.05305840 -0.05809771 0.02529952
v -0.05250449 -0.05887391 0.02531181
v -0.05311649 -0.05685328 0.02531511
v -0.05305840 -0.05809771 0.02529952
v -0.05311649 -0.05685328 0.02531511
v -0.05416919 -0.05580918 0.02529954
v -0.05248120 -0.06623806 0.02530207
v -0.05250449 -0.05887391 0.02531181
v -0.05281923 -0.06122268 0.02529903
v -0.05305840 -0.05809771 0.02529952
v -0.04842270 -0.07930884 0.02527504
v -0.05627854 -0.06640292 0.02529924
v -0.05244381 -0.07667481 0.02528220
v -0.06720707 -0.05831779 0.02529947
v -0.05248120 -0.06623806 0.02530207
v -0.05403859 -0.06421081 0.02529948
v -0.05281923 -0.06122268 0.02529903
v -0.05627854 -0.06640292 0.02529924
v -0.04842270 -0.07930884 0.02527504
v -0.05041757 -0.07429959 0.02531280
v -0.05041757 -0.07429959 0.02531280
v -0.07986819 -0.04748694 0.02559672
v -0.07759067 -0.04869287 0.02559519
v -0.07697600 -0.04893964 0.03035792
v -0.07697600 -0.04893964 0.03035792
v -0.07759067 -0.04869287 0.02559519
v -0.07411743 -0.05012936 0.02567640
v -0.07052182 -0.05119513 0.02569129
v -0.07008696 -0.05130146 0.04199837
v -0.07258168 -0.05064778 0.03758332
v -0.07411743 -0.05012936 0.02567640
v -0.07525438 -0.04969972 0.03300384
v -0.07697600 -0.04893964 0.03035792
v -0.07052182 -0.05119513 0.02569129
v -0.07258168 -0.05064778 0.03758332
v -0.07525438 -0.04969972 0.03300384
v -0.07052182 -0.05119513 0.02569129
v -0.07525438 -0.04969972 0.03300384
v -0.07411743 -0.05012936 0.02567640
v -0.06531135 -0.05203943 0.05122170
v -0.06784394 -0.05172867 0.04622936
v -0.06364026 -0.05214562 0.02567745
v -0.06364026 -0.05214562 0.02567745
v -0.06784394 -0.05172867 0.04622936
v -0.07008696 -0.05130146 0.04199837
v -0.07008696 -0.05130146 0.04199837
v -0.07052182 -0.05119513 0.02569129
v -0.06692844 -0.05188514 0.02559303
v -0.07008696 -0.05130146 0.04199837
v -0.06692844 -0.05188514 0.02559303
v -0.06364026 -0.05214562 0.02567745
v -0.05986460 -0.05214142 0.02555246
v -0.06030970 -0.05211820 0.06148373
v -0.06297786 -0.05215624 0.05605276
v -0.05986460 -0.05214142 0.02555246
v -0.06297786 -0.05215624 0.05605276
v -0.06531135 -0.05203943 0.05122170
v -0.06531135 -0.05203943 0.05122170
v -0.06364026 -0.05214562 0.02567745
v -0.05986460 -0.05214142 0.02555246
v -0.05851594 -0.05226905 0.02568342
v -0.05840520 -0.05227820 0.06545422
v -0.06030970 -0.05211820 0.06148373
v -0.05851594 -0.05226905 0.02568342
v -0.06030970 -0.05211820 0.06148373
v -0.05986460 -0.05214142 0.02555246
v -0.05840520 -0.05227820 0.06545422
v -0.05851594 -0.05226905 0.02568342
v -0.05736202 -0.05258640 0.06705689
v -0.05723763 -0.05264778 0.02564185
v -0.05604362 -0.05322490 0.02564130
v -0.05658445 -0.05292162 0.06811001
v -0.05736202 -0.05258640 0.06705689
v -0.05604362 -0.05322490 0.02564130
v -0.05736202 -0.05258640 0.06705689
v -0.05723763 -0.05264778 0.02564185
v -0.05468612 -0.05420376 0.06949610
v -0.05559221 -0.05349151 0.06904726
v -0.05496323 -0.05399595 0.02560557
v -0.05496323 -0.05399595 0.02560557
v -0.05559221 -0.05349151 0.06904726
v -0.05604362 -0.05322490 0.02564130
v -0.05604362 -0.05322490 0.02564130
v -0.05559221 -0.05349151 0.06904726
v -0.05658445 -0.05292162 0.06811001
v -0.05364289 -0.05535100 0.06926789
v -0.05468612 -0.05420376 0.06949610
v -0.05399449 -0.05494522 0.02568812
v -0.05399449 -0.05494522 0.02568812
v -0.05468612 -0.05420376 0.06949610
v -0.05496323 -0.05399595 0.02560557
v -0.05321830 -0.05606818 0.02560241
v -0.05301269 -0.05639317 0.06835854
v -0.05364289 -0.05535100 0.06926789
v -0.05321830 -0.05606818 0.02560241
v -0.05364289 -0.05535100 0.06926789
v -0.05399449 -0.05494522 0.02568812
v -0.05226933 -0.05854798 0.02564115
v -0.05229086 -0.05837971 0.06538452
v -0.05263896 -0.05725976 0.02564264
v -0.05229086 -0.05837971 0.06538452
v -0.05238590 -0.05780382 0.06670399
v -0.05263896 -0.05725976 0.02564264
v -0.05263896 -0.05725976 0.02564264
v -0.05238590 -0.05780382 0.06670399
v -0.05321830 -0.05606818 0.02560241
v -0.05321830 -0.05606818 0.02560241
v -0.05238590 -0.05780382 0.06670399
v -0.05301269 -0.05639317 0.06835854
v -0.05213878 -0.05984293 0.02556053
v -0.05210986 -0.05996279 0.06231415
v -0.05226933 -0.05854798 0.02564115
v -0.05226933 -0.05854798 0.02564115
v -0.05210986 -0.05996279 0.06231415
v -0.05229086 -0.05837971 0.06538452
v 0.05299068 -0.07877882 0.01759945
v 0.05296090 -0.07886639 0.00000000
v 0.05862170 -0.07467919 0.01755478
v 0.02422961 0.09180420 0.01750263
v 0.02430471 0.09183706 -0.00000000
v 0.01745587 0.09338125 -0.00000000
v 0.00327997 0.09487456 0.01768134
v 0.00351036 0.09493389 -0.00000000
v -0.00367261 0.09487711 0.01748044
v 0.09478258 0.00552935 0.01752096
v 0.09420501 0.01225483 -0.00000000
v 0.09410102 0.01238903 0.01781006
v -0.01375793 -0.09392901 0.01768130
v -0.01399351 -0.09396248 0.00000000
v -0.00670321 -0.09471820 0.01743017
v 0.09225891 -0.02236593 0.01768132
v 0.09227053 -0.02260344 0.00000000
v 0.09363301 -0.01569537 0.01755474
v -0.02068248 -0.09266125 0.01751764
v -0.01399351 -0.09396248 0.00000000
v -0.01375793 -0.09392901 0.01768130
v 0.05204874 0.06502675 0.05187631
v 0.05178577 0.06726045 0.04752029
v 0.05182640 0.06643755 0.04952658
v 0.05178577 0.06726045 0.04752029
v 0.05137028 0.06969010 0.04290168
v 0.05182640 0.06643755 0.04952658
v 0.05182640 0.06643755 0.04952658
v 0.05137028 0.06969010 0.04290168
v 0.05091448 0.07136668 0.04017399
v 0.05204346 0.06297132 0.05657217
v 0.05204874 0.06502675 0.05187631
v 0.05182640 0.06643755 0.04952658
v 0.04882569 0.07723425 0.02977856
v 0.04749512 0.07985389 0.02559401
v 0.04736885 0.07997097 0.02564549
v 0.04882569 0.07723425 0.02977856
v 0.04736885 0.07997097 0.02564549
v 0.04866654 0.07743721 0.02973024
v 0.05204436 0.05955501 0.06370570
v 0.05210719 0.05980062 0.06263150
v 0.05212677 0.06290808 0.05621042
v 0.04991763 0.07462235 0.03428507
v 0.04882569 0.07723425 0.02977856
v 0.04866654 0.07743721 0.02973024
v 0.05204346 0.06297132 0.05657217
v 0.05204436 0.05955501 0.06370570
v 0.05212677 0.06290808 0.05621042
v 0.05204346 0.06297132 0.05657217
v 0.05212677 0.06290808 0.05621042
v 0.05204874 0.06502675 0.05187631
v 0.05091448 0.07136668 0.04017399
v 0.05137028 0.06969010 0.04290168
v 0.05074670 0.07206095 0.03852240
v 0.05091448 0.07136668 0.04017399
v 0.05074670 0.07206095 0.03852240
v 0.04991763 0.07462235 0.03428507
v 0.04991763 0.07462235 0.03428507
v 0.05074670 0.07206095 0.03852240
v 0.04996339 0.07445269 0.03435215
v 0.04991763 0.07462235 0.03428507
v 0.04996339 0.07445269 0.03435215
v 0.04882569 0.07723425 0.02977856
v 0.04797057 0.07984297 0.02510497
v 0.04749512 0.07985389 0.02559401
v 0.04789202 0.07968059 0.02533694
v 0.04736885 0.07997097 0.02564549
v 0.04749512 0.07985389 0.02559401
v 0.04797057 0.07984297 0.02510497
v 0.04797057 0.07984297 0.02510497
v 0.04789202 0.07968059 0.02533694
v 0.04831764 0.07947616 0.02522266
v 0.04831764 0.07947616 0.02522266
v 0.04789202 0.07968059 0.02533694
v 0.04829487 0.07927220 0.02530196
v 0.07676575 0.05271331 0.02511812
v 0.07960294 0.04813030 0.02523510
v 0.07987417 0.04790713 0.02511395
v 0.07464932 0.05529462 0.02529221
v 0.07960294 0.04813030 0.02523510
v 0.07676575 0.05271331 0.02511812
v 0.07929238 0.04824124 0.02530912
v 0.07960294 0.04813030 0.02523510
v 0.07464932 0.05529462 0.02529221
v 0.05558045 0.07445240 0.02529081
v 0.04831764 0.07947616 0.02522266
v 0.04829487 0.07927220 0.02530196
v 0.05264913 0.07681189 0.02511427
v 0.04831764 0.07947616 0.02522266
v 0.05558045 0.07445240 0.02529081
v 0.05264913 0.07681189 0.02511427
v 0.04797057 0.07984297 0.02510497
v 0.04831764 0.07947616 0.02522266
v 0.05558045 0.07445240 0.02529081
v 0.05814724 0.07273677 0.02511684
v 0.05264913 0.07681189 0.02511427
v 0.05558045 0.07445240 0.02529081
v 0.06590599 0.06547554 0.02529271
v 0.06355941 0.06809749 0.02508756
v 0.05558045 0.07445240 0.02529081
v 0.06355941 0.06809749 0.02508756
v 0.05814724 0.07273677 0.02511684
v 0.06590599 0.06547554 0.02529271
v 0.06820374 0.06340460 0.02511589
v 0.06355941 0.06809749 0.02508756
v 0.06590599 0.06547554 0.02529271
v 0.07464932 0.05529462 0.02529221
v 0.07270785 0.05818189 0.02511783
v 0.06590599 0.06547554 0.02529271
v 0.07270785 0.05818189 0.02511783
v 0.06820374 0.06340460 0.02511589
v 0.06820374 0.06340460 0.02511589
v 0.07270785 0.05818189 0.02511783
v 0.07008044 0.06190019 0.02408883
v 0.07464932 0.05529462 0.02529221
v 0.07676575 0.05271331 0.02511812
v 0.07270785 0.05818189 0.02511783
v 0.07980664 0.04770657 0.02539496
v 0.07991362 0.04743859 0.02565368
v 0.07987417 0.04790713 0.02511395
v 0.07987417 0.04790713 0.02511395
v 0.07960294 0.04813030 0.02523510
v 0.07980664 0.04770657 0.02539496
v 0.07929238 0.04824124 0.02530912
v 0.07980664 0.04770657 0.02539496
v 0.07960294 0.04813030 0.02523510
v 0.06432308 0.05211518 0.05320803
v 0.06000192 0.05210674 0.06224531
v 0.05921734 0.05205330 0.06440577
v 0.05921734 0.05205330 0.06440577
v 0.06288516 0.05206675 0.05670244
v 0.06432308 0.05211518 0.05320803
v 0.07596746 0.04938998 0.03174176
v 0.07458320 0.04994200 0.03432237
v 0.07704041 0.04890238 0.03027016
v 0.07991362 0.04743859 0.02565368
v 0.07596746 0.04938998 0.03174176
v 0.07704041 0.04890238 0.03027016
v 0.07148965 0.05087999 0.03994831
v 0.07458320 0.04994200 0.03432237
v 0.07242061 0.05067035 0.03787599
v 0.06900360 0.05152747 0.04409939
v 0.07148965 0.05087999 0.03994831
v 0.07242061 0.05067035 0.03787599
v 0.06732828 0.05179337 0.04737689
v 0.06900360 0.05152747 0.04409939
v 0.06432308 0.05211518 0.05320803
v 0.06432308 0.05211518 0.05320803
v 0.06288516 0.05206675 0.05670244
v 0.06657012 0.05179938 0.04930157
v 0.06432308 0.05211518 0.05320803
v 0.06657012 0.05179938 0.04930157
v 0.06732828 0.05179337 0.04737689
v 0.06732828 0.05179337 0.04737689
v 0.06657012 0.05179938 0.04930157
v 0.06900360 0.05152747 0.04409939
v 0.06900360 0.05152747 0.04409939
v 0.06657012 0.05179938 0.04930157
v 0.07148965 0.05087999 0.03994831
v 0.05243231 0.05775432 0.06667823
v 0.05217092 0.05890737 0.06468045
v 0.05204436 0.05955501 0.06370570
v 0.05210719 0.05980062 0.06263150
v 0.05204436 0.05955501 0.06370570
v 0.05217092 0.05890737 0.06468045
v 0.06000192 0.05210674 0.06224531
v 0.05909699 0.05215789 0.06415087
v 0.05921734 0.05205330 0.06440577
v 0.05803867 0.05235750 0.06624038
v 0.05921734 0.05205330 0.06440577
v 0.05909699 0.05215789 0.06415087
v 0.06488213 -0.05205227 0.05244346
v 0.05954837 -0.05203698 0.06373804
v 0.06283455 -0.05215268 0.05639308
v 0.07732155 -0.04876189 0.02985097
v 0.07892310 -0.04798276 0.02696569
v 0.07991701 -0.04743126 0.02566105
v 0.06976597 -0.05134855 0.04296536
v 0.06488213 -0.05205227 0.05244346
v 0.06737854 -0.05178312 0.04741888
v 0.06283455 -0.05215268 0.05639308
v 0.05954837 -0.05203698 0.06373804
v 0.05999120 -0.05210597 0.06226322
v 0.07991701 -0.04743126 0.02566105
v 0.07980682 -0.04768352 0.02541639
v 0.07984686 -0.04795196 0.02511501
v 0.07938344 -0.04819889 0.02530148
v 0.07947616 -0.04831764 0.02522266
v 0.07980682 -0.04768352 0.02541639
v 0.07984686 -0.04795196 0.02511501
v 0.07980682 -0.04768352 0.02541639
v 0.07947616 -0.04831764 0.02522266
v 0.04803376 -0.07977611 0.02514786
v 0.05257707 -0.07688538 0.02509550
v 0.04818377 -0.07942790 0.02529496
v 0.04818377 -0.07942790 0.02529496
v 0.05257707 -0.07688538 0.02509550
v 0.05529462 -0.07464931 0.02529221
v 0.07659486 -0.05254756 0.02528347
v 0.07947616 -0.04831764 0.02522266
v 0.07938344 -0.04819889 0.02530148
v 0.07676030 -0.05282420 0.02503247
v 0.07984686 -0.04795196 0.02511501
v 0.07947616 -0.04831764 0.02522266
v 0.07676030 -0.05282420 0.02503247
v 0.07947616 -0.04831764 0.02522266
v 0.07659486 -0.05254756 0.02528347
v 0.07659486 -0.05254756 0.02528347
v 0.07244032 -0.05806506 0.02529248
v 0.07262211 -0.05833207 0.02509087
v 0.07659486 -0.05254756 0.02528347
v 0.07262211 -0.05833207 0.02509087
v 0.07676030 -0.05282420 0.02503247
v 0.07244032 -0.05806506 0.02529248
v 0.06547554 -0.06590599 0.02529271
v 0.06820630 -0.06343380 0.02509351
v 0.07244032 -0.05806506 0.02529248
v 0.06820630 -0.06343380 0.02509351
v 0.07262211 -0.05833207 0.02509087
v 0.06547554 -0.06590599 0.02529271
v 0.06321529 -0.06842309 0.02508182
v 0.06820630 -0.06343380 0.02509351
v 0.06547554 -0.06590599 0.02529271
v 0.05529462 -0.07464931 0.02529221
v 0.05809099 -0.07280249 0.02510048
v 0.06547554 -0.06590599 0.02529271
v 0.05809099 -0.07280249 0.02510048
v 0.06321529 -0.06842309 0.02508182
v 0.05529462 -0.07464931 0.02529221
v 0.05257707 -0.07688538 0.02509550
v 0.05809099 -0.07280249 0.02510048
v 0.04744082 -0.07991681 0.02563856
v 0.04803376 -0.07977611 0.02514786
v 0.04770657 -0.07980664 0.02539496
v 0.04818377 -0.07942790 0.02529496
v 0.04770657 -0.07980664 0.02539496
v 0.04803376 -0.07977611 0.02514786
v 0.05214415 -0.06284327 0.05639256
v 0.05211047 -0.05962057 0.06316488
v 0.05205127 -0.05897765 0.06492276
v 0.05209657 -0.06453368 0.05278592
v 0.05211047 -0.05962057 0.06316488
v 0.05214415 -0.06284327 0.05639256
v 0.04938998 -0.07596746 0.03174176
v 0.04992143 -0.07462703 0.03415030
v 0.04890240 -0.07704038 0.03027022
v 0.04744082 -0.07991681 0.02563856
v 0.04938998 -0.07596746 0.03174176
v 0.04890240 -0.07704038 0.03027022
v 0.05038936 -0.07315385 0.03697877
v 0.04992143 -0.07462703 0.03415030
v 0.05068833 -0.07235916 0.03798585
v 0.05038936 -0.07315385 0.03697877
v 0.04890240 -0.07704038 0.03027022
v 0.04992143 -0.07462703 0.03415030
v 0.05152746 -0.06900359 0.04409939
v 0.05038936 -0.07315385 0.03697877
v 0.05068833 -0.07235916 0.03798585
v 0.05214415 -0.06284327 0.05639256
v 0.05205127 -0.05897765 0.06492276
v 0.05198556 -0.06424709 0.05399385
v 0.05179337 -0.06732828 0.04737690
v 0.05152746 -0.06900359 0.04409939
v 0.05209657 -0.06453368 0.05278592
v 0.05209657 -0.06453368 0.05278592
v 0.05214415 -0.06284327 0.05639256
v 0.05198556 -0.06424709 0.05399385
v 0.05209657 -0.06453368 0.05278592
v 0.05198556 -0.06424709 0.05399385
v 0.05179337 -0.06732828 0.04737690
v 0.05179337 -0.06732828 0.04737690
v 0.05198556 -0.06424709 0.05399385
v 0.05147235 -0.06878118 0.04500644
v 0.05179337 -0.06732828 0.04737690
v 0.05147235 -0.06878118 0.04500644
v 0.05152746 -0.06900359 0.04409939
v 0.05152746 -0.06900359 0.04409939
v 0.05147235 -0.06878118 0.04500644
v 0.05038936 -0.07315385 0.03697877
v 0.05292176 -0.05658474 0.06810211
v 0.05205127 -0.05897765 0.06492276
v 0.05248365 -0.05763623 0.06667731
v 0.05205127 -0.05897765 0.06492276
v 0.05211047 -0.05962057 0.06316488
v 0.05248365 -0.05763623 0.06667731
v 0.05248365 -0.05763623 0.06667731
v 0.05211047 -0.05962057 0.06316488
v 0.05220512 -0.05881024 0.06464322
v 0.05999120 -0.05210597 0.06226322
v 0.05954837 -0.05203698 0.06373804
v 0.05837971 -0.05229086 0.06538452
v 0.05837971 -0.05229086 0.06538452
v 0.05954837 -0.05203698 0.06373804
v 0.05780383 -0.05238590 0.06670399
v -0.05952241 0.05203760 0.06379166
v -0.05970172 0.05211303 0.06285181
v -0.06316832 0.05214453 0.05585849
v -0.06502626 0.05204880 0.05187730
v -0.06726045 0.05178578 0.04752029
v -0.06643755 0.05182641 0.04952658
v -0.06726045 0.05178578 0.04752029
v -0.06963405 0.05137273 0.04320908
v -0.06643755 0.05182641 0.04952658
v -0.06316832 0.05214453 0.05585849
v -0.06502626 0.05204880 0.05187730
v -0.06643755 0.05182641 0.04952658
v -0.07723426 0.04882569 0.02977856
v -0.07983400 0.04748965 0.02565776
v -0.07997037 0.04740102 0.02559383
v -0.07723426 0.04882569 0.02977856
v -0.07997037 0.04740102 0.02559383
v -0.07743721 0.04866654 0.02973024
v -0.06502626 0.05204880 0.05187730
v -0.06316832 0.05214453 0.05585849
v -0.05970172 0.05211303 0.06285181
v -0.07456158 0.04994825 0.03427252
v -0.07723426 0.04882569 0.02977856
v -0.07743721 0.04866654 0.02973024
v -0.07456158 0.04994825 0.03427252
v -0.07743721 0.04866654 0.02973024
v -0.07298758 0.05045053 0.03724674
v -0.07298758 0.05045053 0.03724674
v -0.06963405 0.05137273 0.04320908
v -0.07336953 0.05037333 0.03620653
v -0.07298758 0.05045053 0.03724674
v -0.07336953 0.05037333 0.03620653
v -0.07456158 0.04994825 0.03427252
v -0.07984755 0.04794913 0.02511653
v -0.07997037 0.04740102 0.02559383
v -0.07968059 0.04789202 0.02533694
v -0.07984755 0.04794913 0.02511653
v -0.07968059 0.04789202 0.02533694
v -0.07947742 0.04831627 0.02522257
v -0.07947742 0.04831627 0.02522257
v -0.07968059 0.04789202 0.02533694
v -0.07927219 0.04829487 0.02530196
v -0.04790698 0.07987333 0.02511509
v -0.05267166 0.07679299 0.02511927
v -0.04812835 0.07960290 0.02523640
v -0.04812835 0.07960290 0.02523640
v -0.05267166 0.07679299 0.02511927
v -0.05529462 0.07464931 0.02529221
v -0.05529462 0.07464931 0.02529221
v -0.04824220 0.07929350 0.02530832
v -0.04812835 0.07960290 0.02523640
v -0.07667481 0.05244381 0.02528219
v -0.07947742 0.04831627 0.02522257
v -0.07927219 0.04829487 0.02530196
v -0.07682001 0.05267406 0.02507530
v -0.07984755 0.04794913 0.02511653
v -0.07667481 0.05244381 0.02528219
v -0.07984755 0.04794913 0.02511653
v -0.07947742 0.04831627 0.02522257
v -0.07667481 0.05244381 0.02528219
v -0.07667481 0.05244381 0.02528219
v -0.07244032 0.05806506 0.02529248
v -0.07272761 0.05815584 0.02511880
v -0.07667481 0.05244381 0.02528219
v -0.07272761 0.05815584 0.02511880
v -0.07682001 0.05267406 0.02507530
v -0.07682001 0.05267406 0.02507530
v -0.07272761 0.05815584 0.02511880
v -0.07467161 0.05628338 0.02407615
v -0.07244032 0.05806506 0.02529248
v -0.06547554 0.06590599 0.02529271
v -0.06824752 0.06335576 0.02511736
v -0.07244032 0.05806506 0.02529248
v -0.06824752 0.06335576 0.02511736
v -0.07272761 0.05815584 0.02511880
v -0.07272761 0.05815584 0.02511880
v -0.06824752 0.06335576 0.02511736
v -0.07017570 0.06179478 0.02408369
v -0.06547554 0.06590599 0.02529271
v -0.06333604 0.06827335 0.02511191
v -0.06824752 0.06335576 0.02511736
v -0.06547554 0.06590599 0.02529271
v -0.05529462 0.07464931 0.02529221
v -0.05864227 0.07238749 0.02507913
v -0.06547554 0.06590599 0.02529271
v -0.05864227 0.07238749 0.02507913
v -0.06333604 0.06827335 0.02511191
v -0.05529462 0.07464931 0.02529221
v -0.05267166 0.07679299 0.02511927
v -0.05864227 0.07238749 0.02507913
v -0.04770657 0.07980664 0.02539496
v -0.04743309 0.07992318 0.02565073
v -0.04790698 0.07987333 0.02511509
v -0.04790698 0.07987333 0.02511509
v -0.04812835 0.07960290 0.02523640
v -0.04770657 0.07980664 0.02539496
v -0.04824220 0.07929350 0.02530832
v -0.04770657 0.07980664 0.02539496
v -0.04812835 0.07960290 0.02523640
v -0.05214352 0.06289520 0.05632718
v -0.05211259 0.05958561 0.06319062
v -0.05205330 0.05921738 0.06440570
v -0.05208630 0.06455782 0.05267388
v -0.05211259 0.05958561 0.06319062
v -0.05214352 0.06289520 0.05632718
v -0.05214352 0.06289520 0.05632718
v -0.05198242 0.06481936 0.05274949
v -0.05208630 0.06455782 0.05267388
v -0.05208630 0.06455782 0.05267388
v -0.05198242 0.06481936 0.05274949
v -0.05167247 0.06818637 0.04568220
v -0.04938998 0.07596746 0.03174175
v -0.04992143 0.07462704 0.03415029
v -0.04890238 0.07704041 0.03027016
v -0.04743309 0.07992318 0.02565073
v -0.04938998 0.07596746 0.03174175
v -0.04890238 0.07704041 0.03027016
v -0.05038975 0.07315135 0.03698510
v -0.04992143 0.07462704 0.03415029
v -0.05068833 0.07235917 0.03798584
v -0.05038975 0.07315135 0.03698510
v -0.04890238 0.07704041 0.03027016
v -0.04992143 0.07462704 0.03415029
v -0.05137593 0.06965317 0.04298104
v -0.05038975 0.07315135 0.03698510
v -0.05068833 0.07235917 0.03798584
v -0.05214352 0.06289520 0.05632718
v -0.05205330 0.05921738 0.06440570
v -0.05198242 0.06481936 0.05274949
v -0.05167247 0.06818637 0.04568220
v -0.05198242 0.06481936 0.05274949
v -0.05145208 0.06885497 0.04488587
v -0.05167247 0.06818637 0.04568220
v -0.05145208 0.06885497 0.04488587
v -0.05137593 0.06965317 0.04298104
v -0.05137593 0.06965317 0.04298104
v -0.05145208 0.06885497 0.04488587
v -0.05038975 0.07315135 0.03698510
v -0.05308297 0.05625915 0.06843622
v -0.05374774 0.05523044 0.06929856
v -0.05250369 0.05755126 0.06695624
v -0.05250369 0.05755126 0.06695624
v -0.05205330 0.05921738 0.06440570
v -0.05230749 0.05828901 0.06559453
v -0.05230749 0.05828901 0.06559453
v -0.05205330 0.05921738 0.06440570
v -0.05211259 0.05958561 0.06319062
v -0.05970172 0.05211303 0.06285181
v -0.05952241 0.05203760 0.06379166
v -0.05832731 0.05227732 0.06579339
v -0.05598039 0.05322861 0.06877864
v -0.05729648 0.05261195 0.06718707
v -0.05832731 0.05227732 0.06579339
v -0.05205345 -0.06499415 0.05190030
v -0.05178577 -0.06726045 0.04752029
v -0.05182640 -0.06643754 0.04952659
v -0.05178577 -0.06726045 0.04752029
v -0.05137028 -0.06969010 0.04290169
v -0.05182640 -0.06643754 0.04952659
v -0.05182640 -0.06643754 0.04952659
v -0.05137028 -0.06969010 0.04290169
v -0.05091448 -0.07136668 0.04017399
v -0.05214435 -0.06317415 0.05584638
v -0.05205345 -0.06499415 0.05190030
v -0.05182640 -0.06643754 0.04952659
v -0.04882569 -0.07723425 0.02977857
v -0.04742789 -0.07991968 0.02566115
v -0.04866641 -0.07743756 0.02972958
v -0.05203699 -0.05954837 0.06373802
v -0.05210986 -0.05996279 0.06231415
v -0.05214435 -0.06317415 0.05584638
v -0.05205345 -0.06499415 0.05190030
v -0.05214435 -0.06317415 0.05584638
v -0.05210986 -0.05996279 0.06231415
v -0.04991763 -0.07462234 0.03428508
v -0.04882569 -0.07723425 0.02977857
v -0.04866641 -0.07743756 0.02972958
v -0.05091448 -0.07136668 0.04017399
v -0.05137028 -0.06969010 0.04290169
v -0.05074670 -0.07206095 0.03852240
v -0.05091448 -0.07136668 0.04017399
v -0.05074670 -0.07206095 0.03852240
v -0.04991763 -0.07462234 0.03428508
v -0.04991763 -0.07462234 0.03428508
v -0.05074670 -0.07206095 0.03852240
v -0.04996339 -0.07445269 0.03435216
v -0.04991763 -0.07462234 0.03428508
v -0.04996339 -0.07445269 0.03435216
v -0.04882569 -0.07723425 0.02977857
v -0.04795070 -0.07984701 0.02511593
v -0.04754356 -0.07986252 0.02552640
v -0.04793377 -0.07965313 0.02532263
v -0.04742789 -0.07991968 0.02566115
v -0.04754356 -0.07986252 0.02552640
v -0.04795070 -0.07984701 0.02511593
v -0.04795070 -0.07984701 0.02511593
v -0.04793377 -0.07965313 0.02532263
v -0.04842270 -0.07930884 0.02527504
v -0.07956637 -0.04837744 0.02512119
v -0.07666148 -0.05291875 0.02508649
v -0.07937028 -0.04825770 0.02529405
v -0.07937028 -0.04825770 0.02529405
v -0.07666148 -0.05291875 0.02508649
v -0.07464931 -0.05529462 0.02529221
v -0.05241309 -0.07704838 0.02502059
v -0.04795070 -0.07984701 0.02511593
v -0.05244381 -0.07667481 0.02528220
v -0.04795070 -0.07984701 0.02511593
v -0.04842270 -0.07930884 0.02527504
v -0.05244381 -0.07667481 0.02528220
v -0.05244381 -0.07667481 0.02528220
v -0.05806506 -0.07244032 0.02529249
v -0.05805017 -0.07284557 0.02509253
v -0.05244381 -0.07667481 0.02528220
v -0.05805017 -0.07284557 0.02509253
v -0.05241309 -0.07704838 0.02502059
v -0.05806506 -0.07244032 0.02529249
v -0.06590599 -0.06547554 0.02529271
v -0.06316934 -0.06847139 0.02507736
v -0.05806506 -0.07244032 0.02529249
v -0.06316934 -0.06847139 0.02507736
v -0.05805017 -0.07284557 0.02509253
v -0.06590599 -0.06547554 0.02529271
v -0.06808998 -0.06358493 0.02507576
v -0.06316934 -0.06847139 0.02507736
v -0.06590599 -0.06547554 0.02529271
v -0.07464931 -0.05529462 0.02529221
v -0.07265587 -0.05829503 0.02508771
v -0.06590599 -0.06547554 0.02529271
v -0.07265587 -0.05829503 0.02508771
v -0.06808998 -0.06358493 0.02507576
v -0.07464931 -0.05529462 0.02529221
v -0.07666148 -0.05291875 0.02508649
v -0.07265587 -0.05829503 0.02508771
v -0.08000777 -0.04735561 0.02556791
v -0.07972803 -0.04787152 0.02532718
v -0.07986819 -0.04748694 0.02559672
v -0.07956637 -0.04837744 0.02512119
v -0.07937028 -0.04825770 0.02529405
v -0.07972803 -0.04787152 0.02532718
v -0.07956637 -0.04837744 0.02512119
v -0.07972803 -0.04787152 0.02532718
v -0.08000777 -0.04735561 0.02556791
v -0.06297786 -0.05215624 0.05605276
v -0.06030970 -0.05211820 0.06148373
v -0.05961088 -0.05209929 0.06327217
v -0.06531135 -0.05203943 0.05122170
v -0.06848679 -0.05155853 0.04550205
v -0.06784394 -0.05172867 0.04622936
v -0.06784394 -0.05172867 0.04622936
v -0.06848679 -0.05155853 0.04550205
v -0.07008696 -0.05130146 0.04199837
v -0.07986819 -0.04748694 0.02559672
v -0.07697600 -0.04893964 0.03035792
v -0.08000777 -0.04735561 0.02556791
v -0.07370803 -0.05018637 0.03604086
v -0.07697600 -0.04893964 0.03035792
v -0.07525438 -0.04969972 0.03300384
v -0.07370803 -0.05018637 0.03604086
v -0.07525438 -0.04969972 0.03300384
v -0.07258168 -0.05064778 0.03758332
v -0.06848679 -0.05155853 0.04550205
v -0.07258168 -0.05064778 0.03758332
v -0.07008696 -0.05130146 0.04199837
v -0.06297786 -0.05215624 0.05605276
v -0.05961088 -0.05209929 0.06327217
v -0.06424710 -0.05198555 0.05399385
v -0.06531135 -0.05203943 0.05122170
v -0.06297786 -0.05215624 0.05605276
v -0.06424710 -0.05198555 0.05399385
v -0.06531135 -0.05203943 0.05122170
v -0.06424710 -0.05198555 0.05399385
v -0.06848679 -0.05155853 0.04550205
v -0.07258168 -0.05064778 0.03758332
v -0.06848679 -0.05155853 0.04550205
v -0.07370803 -0.05018637 0.03604086
v -0.06030970 -0.05211820 0.06148373
v -0.05840520 -0.05227820 0.06545422
v -0.05961088 -0.05209929 0.06327217
v -0.05866874 -0.05214512 0.06538110
v -0.06424710 -0.05198555 0.05399385
v -0.05961088 -0.05209929 0.06327217
v -0.05658445 -0.05292162 0.06811001
v -0.05866874 -0.05214512 0.06538110
v -0.05736202 -0.05258640 0.06705689
v -0.05736202 -0.05258640 0.06705689
v -0.05866874 -0.05214512 0.06538110
v -0.05840520 -0.05227820 0.06545422
v -0.05866874 -0.05214512 0.06538110
v -0.05210986 -0.05996279 0.06231415
v -0.05203699 -0.05954837 0.06373802
v -0.05229086 -0.05837971 0.06538452
v -0.05229086 -0.05837971 0.06538452
v -0.05203699 -0.05954837 0.06373802
v -0.05238590 -0.05780382 0.06670399
v 0.04034386 -0.08503347 0.02222753
v 0.04664218 -0.08194824 0.02149727
v 0.04643170 -0.08118115 0.02402080
v 0.04643170 -0.08118115 0.02402080
v 0.04664218 -0.08194824 0.02149727
v 0.05256689 -0.07827982 0.02149727
v 0.04643170 -0.08118115 0.02402080
v 0.05256689 -0.07827982 0.02149727
v 0.05257707 -0.07688538 0.02509550
v 0.05257707 -0.07688538 0.02509550
v 0.05256689 -0.07827982 0.02149727
v 0.05820450 -0.07418384 0.02149727
v 0.05257707 -0.07688538 0.02509550
v 0.05820450 -0.07418384 0.02149727
v 0.05809099 -0.07280249 0.02510048
v 0.05809099 -0.07280249 0.02510048
v 0.05820450 -0.07418384 0.02149727
v 0.06321529 -0.06842309 0.02508182
v 0.06321529 -0.06842309 0.02508182
v 0.05820450 -0.07418384 0.02149727
v 0.06352422 -0.06968270 0.02149727
v 0.06321529 -0.06842309 0.02508182
v 0.06352422 -0.06968270 0.02149727
v 0.06849700 -0.06480099 0.02149727
v 0.06321529 -0.06842309 0.02508182
v 0.06849700 -0.06480099 0.02149727
v 0.06820630 -0.06343380 0.02509351
v 0.08107238 -0.04814848 0.02149727
v 0.07676030 -0.05282420 0.02503247
v 0.07729510 -0.05400439 0.02149727
v 0.07729510 -0.05400439 0.02149727
v 0.07676030 -0.05282420 0.02503247
v 0.07309566 -0.05956535 0.02149727
v 0.07309566 -0.05956535 0.02149727
v 0.07676030 -0.05282420 0.02503247
v 0.07262211 -0.05833207 0.02509087
v 0.07309566 -0.05956535 0.02149727
v 0.07262211 -0.05833207 0.02509087
v 0.06849700 -0.06480099 0.02149727
v 0.06849700 -0.06480099 0.02149727
v 0.07262211 -0.05833207 0.02509087
v 0.06820630 -0.06343380 0.02509351
v 0.08425437 -0.04200519 0.02215283
v 0.08044570 -0.04762908 0.02414096
v 0.08107238 -0.04814848 0.02149727
v 0.08044570 -0.04762908 0.02414096
v 0.07465882 0.05629089 0.02408943
v 0.07917906 0.05093846 0.02207605
v 0.07524673 0.05682373 0.02149727
v 0.07465882 0.05629089 0.02408943
v 0.07524673 0.05682373 0.02149727
v 0.07084467 0.06222572 0.02149727
v 0.07008044 0.06190019 0.02408883
v 0.07008044 0.06190019 0.02408883
v 0.07084467 0.06222572 0.02149727
v 0.06605568 0.06728784 0.02149727
v 0.07008044 0.06190019 0.02408883
v 0.06605568 0.06728784 0.02149727
v 0.06355941 0.06809749 0.02508756
v 0.06355941 0.06809749 0.02508756
v 0.06605568 0.06728784 0.02149727
v 0.06043063 0.07132418 0.02412958
v 0.06090592 0.07198248 0.02149727
v 0.06043063 0.07132418 0.02412958
v 0.06090592 0.07198248 0.02149727
v 0.05542351 0.07628396 0.02149727
v 0.05495415 0.07563796 0.02413888
v 0.05495415 0.07563796 0.02413888
v 0.05542351 0.07628396 0.02149727
v 0.04963839 0.08016881 0.02149727
v 0.05495415 0.07563796 0.02413888
v 0.04963839 0.08016881 0.02149727
v 0.04797057 0.07984297 0.02510497
v 0.04963839 0.08016881 0.02149727
v 0.04347911 0.08350579 0.02214581
v 0.04736885 0.07997097 0.02564549
v 0.04963839 0.08016881 0.02149727
v 0.04736885 0.07997097 0.02564549
v 0.04797057 0.07984297 0.02510497
v -0.06333604 0.06827335 0.02511191
v -0.05864227 0.07238749 0.02507913
v -0.06090596 0.07198244 0.02149727
v -0.06090596 0.07198244 0.02149727
v -0.05864227 0.07238749 0.02507913
v -0.05495420 0.07563792 0.02413888
v -0.05542356 0.07628392 0.02149727
v -0.05542356 0.07628392 0.02149727
v -0.05495420 0.07563792 0.02413888
v -0.04941619 0.08014156 0.02209515
v -0.04941619 0.08014156 0.02209515
v -0.04743309 0.07992318 0.02565073
v -0.04364510 0.08342425 0.02212948
v -0.06333604 0.06827335 0.02511191
v -0.06090596 0.07198244 0.02149727
v -0.06586769 0.06717409 0.02234329
v -0.07017570 0.06179478 0.02408369
v -0.06586769 0.06717409 0.02234329
v -0.07084471 0.06222567 0.02149727
v -0.07017570 0.06179478 0.02408369
v -0.07084471 0.06222567 0.02149727
v -0.07524677 0.05682368 0.02149727
v -0.07467161 0.05628338 0.02407615
v -0.08265534 0.04512327 0.02203878
v -0.07997037 0.04740102 0.02559383
v -0.07907619 0.05108861 0.02210122
v -0.07524677 0.05682368 0.02149727
v -0.07907619 0.05108861 0.02210122
v -0.07467161 0.05628338 0.02407615
v -0.09060401 0.02560389 0.02212655
v -0.08783225 0.03168251 0.02451222
v -0.08853923 0.03243165 0.02149727
v -0.08853923 0.03243165 0.02149727
v -0.08783225 0.03168251 0.02451222
v -0.08562075 0.03903374 0.02231537
v -0.07729507 -0.05400444 0.02149727
v -0.07666148 -0.05291875 0.02508649
v -0.08043692 -0.04767257 0.02409282
v -0.07729507 -0.05400444 0.02149727
v -0.08043692 -0.04767257 0.02409282
v -0.08107235 -0.04814853 0.02149727
v -0.08107235 -0.04814853 0.02149727
v -0.08043692 -0.04767257 0.02409282
v -0.08432699 -0.04185617 0.02215659
v -0.07666148 -0.05291875 0.02508649
v -0.07729507 -0.05400444 0.02149727
v -0.07265587 -0.05829503 0.02508771
v -0.07265587 -0.05829503 0.02508771
v -0.07729507 -0.05400444 0.02149727
v -0.07309562 -0.05956540 0.02149727
v -0.07265587 -0.05829503 0.02508771
v -0.07309562 -0.05956540 0.02149727
v -0.06808998 -0.06358493 0.02507576
v -0.06808998 -0.06358493 0.02507576
v -0.07309562 -0.05956540 0.02149727
v -0.06849695 -0.06480104 0.02149727
v -0.06808998 -0.06358493 0.02507576
v -0.06849695 -0.06480104 0.02149727
v -0.06352417 -0.06968275 0.02149727
v -0.06808998 -0.06358493 0.02507576
v -0.06352417 -0.06968275 0.02149727
v -0.06316934 -0.06847139 0.02507736
v -0.06316934 -0.06847139 0.02507736
v -0.06352417 -0.06968275 0.02149727
v -0.05820445 -0.07418388 0.02149727
v -0.06316934 -0.06847139 0.02507736
v -0.05820445 -0.07418388 0.02149727
v -0.05805017 -0.07284557 0.02509253
v -0.05805017 -0.07284557 0.02509253
v -0.05820445 -0.07418388 0.02149727
v -0.05241309 -0.07704838 0.02502059
v -0.05241309 -0.07704838 0.02502059
v -0.05820445 -0.07418388 0.02149727
v -0.05256684 -0.07827985 0.02149727
v -0.05241309 -0.07704838 0.02502059
v -0.05256684 -0.07827985 0.02149727
v -0.04627775 -0.08190395 0.02240530
v -0.00670321 -0.09471820 0.01743017
v -0.00471761 -0.09493263 0.00000000
v -0.00194547 -0.09498749 0.01563545
v -0.00670321 -0.09471820 0.01743017
v -0.00194547 -0.09498749 0.01563545
v 0.00000003 -0.09484645 0.01835089
v 0.01414841 -0.09388810 0.01748047
v 0.00700468 -0.09458744 0.01835089
v 0.00585873 -0.09484103 0.01563182
v 0.00000003 -0.09484645 0.01835089
v -0.00194547 -0.09498749 0.01563545
v 0.00585873 -0.09484103 0.01563182
v 0.00000003 -0.09484645 0.01835089
v 0.00585873 -0.09484103 0.01563182
v 0.00700468 -0.09458744 0.01835089
v -0.05844420 -0.07482075 0.01751768
v -0.05296072 -0.07886652 0.00000000
v -0.05273373 -0.07893728 0.01768128
v 0.00010243 -0.09414872 0.02213979
v 0.00000003 -0.09484645 0.01835089
v 0.00706303 -0.09382762 0.02233783
v 0.00706303 -0.09382762 0.02233783
v 0.00000003 -0.09484645 0.01835089
v 0.00700468 -0.09458744 0.01835089
v 0.00706303 -0.09382762 0.02233783
v 0.00700468 -0.09458744 0.01835089
v 0.01401665 -0.09310199 0.02213076
v 0.01401665 -0.09310199 0.02213076
v 0.00700468 -0.09458744 0.01835089
v 0.01414841 -0.09388810 0.01748047
v 0.01401665 -0.09310199 0.02213076
v 0.01414841 -0.09388810 0.01748047
v 0.02059642 -0.09182878 0.02225889
v 0.02104373 -0.09258680 0.01748044
v 0.02059642 -0.09182878 0.02225889
v 0.02104373 -0.09258680 0.01748044
v 0.02727434 -0.09006760 0.02228071
v 0.02786053 -0.09076157 0.01751770
v 0.02727434 -0.09006760 0.02228071
v 0.02786053 -0.09076157 0.01751770
v 0.03394264 -0.08781277 0.02215327
v 0.03450568 -0.08843811 0.01768132
v 0.03394264 -0.08781277 0.02215327
v 0.03450568 -0.08843811 0.01768132
v 0.04034386 -0.08503347 0.02222753
v 0.04034386 -0.08503347 0.02222753
v 0.03450568 -0.08843811 0.01768132
v 0.04089257 -0.08569103 0.01748044
v 0.04034386 -0.08503347 0.02222753
v 0.04089257 -0.08569103 0.01748044
v 0.04664218 -0.08194824 0.02149727
v 0.04664218 -0.08194824 0.02149727
v 0.04089257 -0.08569103 0.01748044
v 0.04709566 -0.08243100 0.01756709
v 0.04664218 -0.08194824 0.02149727
v 0.04709566 -0.08243100 0.01756709
v 0.05256689 -0.07827982 0.02149727
v 0.05299068 -0.07877882 0.01759945
v 0.05256689 -0.07827982 0.02149727
v 0.05299068 -0.07877882 0.01759945
v 0.05820450 -0.07418384 0.02149727
v 0.05820450 -0.07418384 0.02149727
v 0.05299068 -0.07877882 0.01759945
v 0.05862170 -0.07467919 0.01755478
v 0.05820450 -0.07418384 0.02149727
v 0.05862170 -0.07467919 0.01755478
v 0.06352422 -0.06968270 0.02149727
v 0.06405558 -0.07009217 0.01744048
v 0.06352422 -0.06968270 0.02149727
v 0.06405558 -0.07009217 0.01744048
v 0.06849700 -0.06480099 0.02149727
v 0.06911775 -0.06507439 0.01768134
v 0.06849700 -0.06480099 0.02149727
v 0.06911775 -0.06507439 0.01768134
v 0.07309566 -0.05956535 0.02149727
v 0.07309566 -0.05956535 0.02149727
v 0.06911775 -0.06507439 0.01768134
v 0.07370783 -0.05985239 0.01748046
v 0.07309566 -0.05956535 0.02149727
v 0.07370783 -0.05985239 0.01748046
v 0.07729510 -0.05400439 0.02149727
v 0.07792682 -0.05424542 0.01748047
v 0.07729510 -0.05400439 0.02149727
v 0.07792682 -0.05424542 0.01748047
v 0.08107238 -0.04814848 0.02149727
v 0.08173488 -0.04830407 0.01751768
v 0.08107238 -0.04814848 0.02149727
v 0.08173488 -0.04830407 0.01751768
v 0.08425437 -0.04200519 0.02215283
v 0.08425437 -0.04200519 0.02215283
v 0.08173488 -0.04830407 0.01751768
v 0.08499454 -0.04225080 0.01780097
v 0.08425437 -0.04200519 0.02215283
v 0.08499454 -0.04225080 0.01780097
v 0.08696966 -0.03587845 0.02238113
v 0.08696966 -0.03587845 0.02238113
v 0.08499454 -0.04225080 0.01780097
v 0.08793601 -0.03582300 0.01744045
v 0.08696966 -0.03587845 0.02238113
v 0.08793601 -0.03582300 0.01744045
v 0.08955526 -0.02899057 0.02222015
v 0.08955526 -0.02899057 0.02222015
v 0.08793601 -0.03582300 0.01744045
v 0.09035517 -0.02911842 0.01768136
v 0.08955526 -0.02899057 0.02222015
v 0.09035517 -0.02911842 0.01768136
v 0.09139019 -0.02240374 0.02232429
v 0.09139019 -0.02240374 0.02232429
v 0.09035517 -0.02911842 0.01768136
v 0.09225891 -0.02236593 0.01768132
v 0.09139019 -0.02240374 0.02232429
v 0.09225891 -0.02236593 0.01768132
v 0.09286724 -0.01548284 0.02213874
v 0.09286724 -0.01548284 0.02213874
v 0.09225891 -0.02236593 0.01768132
v 0.09363301 -0.01569537 0.01755474
v 0.09286724 -0.01548284 0.02213874
v 0.09363301 -0.01569537 0.01755474
v 0.09369359 -0.00882645 0.02226555
v 0.09369359 -0.00882645 0.02226555
v 0.09363301 -0.01569537 0.01755474
v 0.09453826 -0.00877807 0.01750735
v 0.09369359 -0.00882645 0.02226555
v 0.09453826 -0.00877807 0.01750735
v 0.09408310 -0.00195554 0.02229513
v 0.09408310 -0.00195554 0.02229513
v 0.09453826 -0.00877807 0.01750735
v 0.09493456 -0.00170118 0.01746009
v 0.09408310 -0.00195554 0.02229513
v 0.09493456 -0.00170118 0.01746009
v 0.09400677 0.00506697 0.02215663
v 0.09400677 0.00506697 0.02215663
v 0.09493456 -0.00170118 0.01746009
v 0.09478258 0.00552935 0.01752096
v 0.09400677 0.00506697 0.02215663
v 0.09478258 0.00552935 0.01752096
v 0.09334861 0.01203333 0.02221313
v 0.09410102 0.01238903 0.01781006
v 0.09334861 0.01203333 0.02221313
v 0.09410102 0.01238903 0.01781006
v 0.09218900 0.01883064 0.02233980
v 0.09218900 0.01883064 0.02233980
v 0.09410102 0.01238903 0.01781006
v 0.09298397 0.01922098 0.01746003
v 0.09218900 0.01883064 0.02233980
v 0.09298397 0.01922098 0.01746003
v 0.09055671 0.02574387 0.02215272
v 0.09124463 0.02619841 0.01768137
v 0.09055671 0.02574387 0.02215272
v 0.09124463 0.02619841 0.01768137
v 0.08842942 0.03210842 0.02238833
v 0.08842942 0.03210842 0.02238833
v 0.09124463 0.02619841 0.01768137
v 0.08909861 0.03281146 0.01748042
v 0.08842942 0.03210842 0.02238833
v 0.08909861 0.03281146 0.01748042
v 0.08569487 0.03888776 0.02228965
v 0.08569487 0.03888776 0.02228965
v 0.08909861 0.03281146 0.01748042
v 0.08643205 0.03930209 0.01748044
v 0.08569487 0.03888776 0.02228965
v 0.08643205 0.03930209 0.01748044
v 0.08264099 0.04514688 0.02197223
v 0.08328720 0.04556443 0.01756708
v 0.08264099 0.04514688 0.02197223
v 0.08328720 0.04556443 0.01756708
v 0.07917906 0.05093846 0.02207605
v 0.07974460 0.05152586 0.01759948
v 0.07917906 0.05093846 0.02207605
v 0.07974460 0.05152586 0.01759948
v 0.07524673 0.05682373 0.02149727
v 0.07524673 0.05682373 0.02149727
v 0.07974460 0.05152586 0.01759948
v 0.07567119 0.05735002 0.01748047
v 0.07524673 0.05682373 0.02149727
v 0.07567119 0.05735002 0.01748047
v 0.07084467 0.06222572 0.02149727
v 0.07084467 0.06222572 0.02149727
v 0.07567119 0.05735002 0.01748047
v 0.07119737 0.06280770 0.01751763
v 0.07084467 0.06222572 0.02149727
v 0.07119737 0.06280770 0.01751763
v 0.06605568 0.06728784 0.02149727
v 0.06634051 0.06790346 0.01768127
v 0.06605568 0.06728784 0.02149727
v 0.06634051 0.06790346 0.01768127
v 0.06090592 0.07198248 0.02149727
v 0.06090592 0.07198248 0.02149727
v 0.06634051 0.06790346 0.01768127
v 0.06120420 0.07258925 0.01748052
v 0.06090592 0.07198248 0.02149727
v 0.06120420 0.07258925 0.01748052
v 0.05542351 0.07628396 0.02149727
v 0.05561452 0.07693481 0.01768135
v 0.05542351 0.07628396 0.02149727
v 0.05561452 0.07693481 0.01768135
v 0.04963839 0.08016881 0.02149727
v 0.04963839 0.08016881 0.02149727
v 0.05561452 0.07693481 0.01768135
v 0.04980617 0.08082833 0.01751761
v 0.04963839 0.08016881 0.02149727
v 0.04980617 0.08082833 0.01751761
v 0.04347911 0.08350579 0.02214581
v 0.04347911 0.08350579 0.02214581
v 0.04980617 0.08082833 0.01751761
v 0.04367524 0.08428768 0.01768135
v 0.04347911 0.08350579 0.02214581
v 0.04367524 0.08428768 0.01768135
v 0.03725345 0.08640403 0.02233610
v 0.03739652 0.08727344 0.01748050
v 0.03725345 0.08640403 0.02233610
v 0.03739652 0.08727344 0.01748050
v 0.03067854 0.08895361 0.02232847
v 0.03067854 0.08895361 0.02232847
v 0.03739652 0.08727344 0.01748050
v 0.03085330 0.08978276 0.01756712
v 0.03067854 0.08895361 0.02232847
v 0.03085330 0.08978276 0.01756712
v 0.02395881 0.09105115 0.02213292
v 0.02422961 0.09180420 0.01750263
v 0.02395881 0.09105115 0.02213292
v 0.02422961 0.09180420 0.01750263
v 0.01740439 0.09249062 0.02224356
v 0.01740439 0.09249062 0.02224356
v 0.02422961 0.09180420 0.01750263
v 0.01742994 0.09331348 0.01769917
v 0.01740439 0.09249062 0.02224356
v 0.01742994 0.09331348 0.01769917
v 0.01063597 0.09349162 0.02233138
v 0.01063597 0.09349162 0.02233138
v 0.01742994 0.09331348 0.01769917
v 0.01045346 0.09437261 0.01746005
v 0.01063597 0.09349162 0.02233138
v 0.01045346 0.09437261 0.01746005
v 0.00364427 0.09403419 0.02228925
v 0.00364427 0.09403419 0.02228925
v 0.01045346 0.09437261 0.01746005
v 0.00327997 0.09487456 0.01768134
v 0.00364427 0.09403419 0.02228925
v 0.00327997 0.09487456 0.01768134
v -0.00341721 0.09408262 0.02215281
v -0.00341721 0.09408262 0.02215281
v 0.00327997 0.09487456 0.01768134
v -0.00367261 0.09487711 0.01748044
v -0.00341721 0.09408262 0.02215281
v -0.00367261 0.09487711 0.01748044
v -0.01045197 0.09351890 0.02230536
v -0.01045197 0.09351890 0.02230536
v -0.00367261 0.09487711 0.01748044
v -0.01066953 0.09434678 0.01748043
v -0.01045197 0.09351890 0.02230536
v -0.01066953 0.09434678 0.01748043
v -0.01721362 0.09251110 0.02231274
v -0.01721362 0.09251110 0.02231274
v -0.01066953 0.09434678 0.01748043
v -0.01764641 0.09328706 0.01751768
v -0.01721362 0.09251110 0.02231274
v -0.01764641 0.09328706 0.01751768
v -0.02414664 0.09099830 0.02214413
v -0.02434560 0.09174146 0.01780094
v -0.02414664 0.09099830 0.02214413
v -0.02434560 0.09174146 0.01780094
v -0.03055152 0.08900881 0.02227353
v -0.03098640 0.08974621 0.01750735
v -0.03055152 0.08900881 0.02227353
v -0.03098640 0.08974621 0.01750735
v -0.03716011 0.08642836 0.02239978
v -0.03754629 0.08720605 0.01750364
v -0.03716011 0.08642836 0.02239978
v -0.03754629 0.08720605 0.01750364
v -0.04364510 0.08342425 0.02212948
v -0.04394811 0.08415865 0.01759947
v -0.04364510 0.08342425 0.02212948
v -0.04394811 0.08415865 0.01759947
v -0.04941619 0.08014156 0.02209515
v -0.05012336 0.08063996 0.01748041
v -0.04941619 0.08014156 0.02209515
v -0.05012336 0.08063996 0.01748041
v -0.05542356 0.07628392 0.02149727
v -0.05542356 0.07628392 0.02149727
v -0.05012336 0.08063996 0.01748041
v -0.05598350 0.07666673 0.01768136
v -0.05542356 0.07628392 0.02149727
v -0.05598350 0.07666673 0.01768136
v -0.06090596 0.07198244 0.02149727
v -0.06090596 0.07198244 0.02149727
v -0.05598350 0.07666673 0.01768136
v -0.06144043 0.07237365 0.01756720
v -0.06090596 0.07198244 0.02149727
v -0.06144043 0.07237365 0.01756720
v -0.06586769 0.06717409 0.02234329
v -0.06586769 0.06717409 0.02234329
v -0.06144043 0.07237365 0.01756720
v -0.06656400 0.06770045 0.01759939
v -0.06586769 0.06717409 0.02234329
v -0.06656400 0.06770045 0.01759939
v -0.07084471 0.06222567 0.02149727
v -0.07084471 0.06222567 0.02149727
v -0.06656400 0.06770045 0.01759939
v -0.07144590 0.06253508 0.01748042
v -0.07084471 0.06222567 0.02149727
v -0.07144590 0.06253508 0.01748042
v -0.07524677 0.05682368 0.02149727
v -0.07524677 0.05682368 0.02149727
v -0.07144590 0.06253508 0.01748042
v -0.07588796 0.05705163 0.01751765
v -0.07524677 0.05682368 0.02149727
v -0.07588796 0.05705163 0.01751765
v -0.07907619 0.05108861 0.02210122
v -0.07907619 0.05108861 0.02210122
v -0.07588796 0.05705163 0.01751765
v -0.07989829 0.05126602 0.01768131
v -0.07907619 0.05108861 0.02210122
v -0.07989829 0.05126602 0.01768131
v -0.08265534 0.04512327 0.02203878
v -0.08265534 0.04512327 0.02203878
v -0.07989829 0.05126602 0.01768131
v -0.08345068 0.04528950 0.01748037
v -0.08265534 0.04512327 0.02203878
v -0.08345068 0.04528950 0.01748037
v -0.08562075 0.03903374 0.02231537
v -0.08657793 0.03896322 0.01751769
v -0.08562075 0.03903374 0.02231537
v -0.08657793 0.03896322 0.01751769
v -0.08853923 0.03243165 0.02149727
v -0.08853923 0.03243165 0.02149727
v -0.08657793 0.03896322 0.01751769
v -0.08924315 0.03240325 0.01752093
v -0.08853923 0.03243165 0.02149727
v -0.08924315 0.03240325 0.01752093
v -0.09060401 0.02560389 0.02212655
v -0.09060401 0.02560389 0.02212655
v -0.08924315 0.03240325 0.01752093
v -0.09138971 0.02567446 0.01768963
v -0.09060401 0.02560389 0.02212655
v -0.09138971 0.02567446 0.01768963
v -0.09215540 0.01905855 0.02228132
v -0.09302618 0.01900749 0.01748039
v -0.09215540 0.01905855 0.02228132
v -0.09302618 0.01900749 0.01748039
v -0.09330360 0.01226540 0.02228191
v -0.09417431 0.01204452 0.01751764
v -0.09330360 0.01226540 0.02228191
v -0.09417431 0.01204452 0.01751764
v -0.09400024 0.00523071 0.02214982
v -0.09479775 0.00503257 0.01768132
v -0.09400024 0.00523071 0.02214982
v -0.09479775 0.00503257 0.01768132
v -0.09409359 -0.00177809 0.02226711
v -0.09409359 -0.00177809 0.02226711
v -0.09479775 0.00503257 0.01768132
v -0.09492877 -0.00191883 0.01748047
v -0.09409359 -0.00177809 0.02226711
v -0.09492877 -0.00191883 0.01748047
v -0.09369565 -0.00865833 0.02232985
v -0.09451732 -0.00896368 0.01751767
v -0.09369565 -0.00865833 0.02232985
v -0.09451732 -0.00896368 0.01751767
v -0.09283336 -0.01568373 0.02213929
v -0.09283336 -0.01568373 0.02213929
v -0.09451732 -0.00896368 0.01751767
v -0.09358323 -0.01594111 0.01768127
v -0.09283336 -0.01568373 0.02213929
v -0.09358323 -0.01594111 0.01768127
v -0.09138420 -0.02243168 0.02232291
v -0.09218214 -0.02275097 0.01748048
v -0.09138420 -0.02243168 0.02232291
v -0.09218214 -0.02275097 0.01748048
v -0.08959586 -0.02889977 0.02216264
v -0.09021425 -0.02955214 0.01768133
v -0.08959586 -0.02889977 0.02216264
v -0.09021425 -0.02955214 0.01768133
v -0.08704662 -0.03570434 0.02237444
v -0.08704662 -0.03570434 0.02237444
v -0.09021425 -0.02955214 0.01768133
v -0.08780374 -0.03611614 0.01751766
v -0.08704662 -0.03570434 0.02237444
v -0.08780374 -0.03611614 0.01751766
v -0.08432699 -0.04185617 0.02215659
v -0.08432699 -0.04185617 0.02215659
v -0.08780374 -0.03611614 0.01751766
v -0.08487705 -0.04251853 0.01768136
v -0.08432699 -0.04185617 0.02215659
v -0.08487705 -0.04251853 0.01768136
v -0.08107235 -0.04814853 0.02149727
v -0.08107235 -0.04814853 0.02149727
v -0.08487705 -0.04251853 0.01768136
v -0.08155244 -0.04862462 0.01748047
v -0.08107235 -0.04814853 0.02149727
v -0.08155244 -0.04862462 0.01748047
v -0.07729507 -0.05400444 0.02149727
v -0.07729507 -0.05400444 0.02149727
v -0.08155244 -0.04862462 0.01748047
v -0.07773389 -0.05450058 0.01756713
v -0.07729507 -0.05400444 0.02149727
v -0.07773389 -0.05450058 0.01756713
v -0.07309562 -0.05956540 0.02149727
v -0.07309562 -0.05956540 0.02149727
v -0.07773389 -0.05450058 0.01756713
v -0.07353327 -0.06007285 0.01746315
v -0.07309562 -0.05956540 0.02149727
v -0.07353327 -0.06007285 0.01746315
v -0.06849695 -0.06480104 0.02149727
v -0.06874137 -0.06546664 0.01768965
v -0.06849695 -0.06480104 0.02149727
v -0.06874137 -0.06546664 0.01768965
v -0.06352417 -0.06968275 0.02149727
v -0.06352417 -0.06968275 0.02149727
v -0.06874137 -0.06546664 0.01768965
v -0.06381035 -0.07030015 0.01751770
v -0.06352417 -0.06968275 0.02149727
v -0.06381035 -0.07030015 0.01751770
v -0.05820445 -0.07418388 0.02149727
v -0.05820445 -0.07418388 0.02149727
v -0.06381035 -0.07030015 0.01751770
v -0.05844420 -0.07482075 0.01751768
v -0.05820445 -0.07418388 0.02149727
v -0.05844420 -0.07482075 0.01751768
v -0.05256684 -0.07827985 0.02149727
v -0.05273373 -0.07893728 0.01768128
v -0.05256684 -0.07827985 0.02149727
v -0.05273373 -0.07893728 0.01768128
v -0.04627775 -0.08190395 0.02240530
v -0.04627775 -0.08190395 0.02240530
v -0.05273373 -0.07893728 0.01768128
v -0.04682382 -0.08259954 0.01748039
v -0.04627775 -0.08190395 0.02240530
v -0.04682382 -0.08259954 0.01748039
v -0.04049697 -0.08495794 0.02224057
v -0.04053084 -0.08584400 0.01768128
v -0.04049697 -0.08495794 0.02224057
v -0.04053084 -0.08584400 0.01768128
v -0.03409714 -0.08775243 0.02215449
v -0.03409714 -0.08775243 0.02215449
v -0.04053084 -0.08584400 0.01768128
v -0.03427508 -0.08853646 0.01755479
v -0.03409714 -0.08775243 0.02215449
v -0.03427508 -0.08853646 0.01755479
v -0.02745009 -0.09001841 0.02226199
v -0.02755642 -0.09086624 0.01744048
v -0.02745009 -0.09001841 0.02226199
v -0.02755642 -0.09086624 0.01744048
v -0.02080364 -0.09176691 0.02232729
v -0.02068248 -0.09266125 0.01751764
v -0.02080364 -0.09176691 0.02232729
v -0.02068248 -0.09266125 0.01751764
v -0.01383512 -0.09312428 0.02214793
v -0.01383512 -0.09312428 0.02214793
v -0.02068248 -0.09266125 0.01751764
v -0.01375793 -0.09392901 0.01768130
v -0.01383512 -0.09312428 0.02214793
v -0.01375793 -0.09392901 0.01768130
v -0.00704732 -0.09382286 0.02235773
v -0.00704732 -0.09382286 0.02235773
v -0.01375793 -0.09392901 0.01768130
v -0.00670321 -0.09471820 0.01743017
v -0.00704732 -0.09382286 0.02235773
v -0.00670321 -0.09471820 0.01743017
v 0.00010243 -0.09414872 0.02213979
v 0.00000003 -0.09484645 0.01835089
v 0.07987417 0.04790713 0.02511395
v 0.08264099 0.04514688 0.02197223
v 0.07917906 0.05093846 0.02207605
v 0.07987417 0.04790713 0.02511395
v 0.07917906 0.05093846 0.02207605
v 0.07676575 0.05271331 0.02511812
v 0.07676575 0.05271331 0.02511812
v 0.07917906 0.05093846 0.02207605
v 0.07465882 0.05629089 0.02408943
v 0.07676575 0.05271331 0.02511812
v 0.07465882 0.05629089 0.02408943
v 0.07270785 0.05818189 0.02511783
v 0.08264099 0.04514688 0.02197223
v 0.07987417 0.04790713 0.02511395
v 0.07991362 0.04743859 0.02565368
v 0.06429873 0.04200849 0.07003204
v 0.07458320 0.04994200 0.03432237
v 0.07148965 0.05087999 0.03994831
v 0.06429873 0.04200849 0.07003204
v 0.07148965 0.05087999 0.03994831
v 0.06096358 0.04712169 0.06916985
v 0.07704041 0.04890238 0.03027016
v 0.07458320 0.04994200 0.03432237
v 0.07991362 0.04743859 0.02565368
v 0.07991362 0.04743859 0.02565368
v 0.07458320 0.04994200 0.03432237
v 0.06429873 0.04200849 0.07003204
v 0.07991362 0.04743859 0.02565368
v 0.06429873 0.04200849 0.07003204
v 0.06747152 0.03682740 0.06980064
v 0.07270785 0.05818189 0.02511783
v 0.06820374 0.06340460 0.02511589
v 0.07008044 0.06190019 0.02408883
v 0.06355941 0.06809749 0.02508756
v 0.05495415 0.07563796 0.02413888
v 0.05264913 0.07681189 0.02511427
v 0.05814724 0.07273677 0.02511684
v 0.06355941 0.06809749 0.02508756
v 0.06043063 0.07132418 0.02412958
v 0.05814724 0.07273677 0.02511684
v 0.05814724 0.07273677 0.02511684
v 0.04200844 0.06429876 0.07003204
v 0.04866654 0.07743721 0.02973024
v 0.03714754 0.06727074 0.06985723
v 0.03714754 0.06727074 0.06985723
v 0.04866654 0.07743721 0.02973024
v 0.04736885 0.07997097 0.02564549
v 0.04730899 0.06086374 0.06908715
v 0.05091448 0.07136668 0.04017399
v 0.04200844 0.06429876 0.07003204
v 0.05091448 0.07136668 0.04017399
v 0.04991763 0.07462235 0.03428507
v 0.04200844 0.06429876 0.07003204
v 0.04200844 0.06429876 0.07003204
v 0.04991763 0.07462235 0.03428507
v 0.04866654 0.07743721 0.02973024
v 0.05495415 0.07563796 0.02413888
v 0.04797057 0.07984297 0.02510497
v 0.05264913 0.07681189 0.02511427
v 0.04730899 0.06086374 0.06908715
v 0.05210248 0.05645033 0.06997485
v 0.05243231 0.05775432 0.06667823
v 0.04730899 0.06086374 0.06908715
v 0.05243231 0.05775432 0.06667823
v 0.05204436 0.05955501 0.06370570
v 0.04730899 0.06086374 0.06908715
v 0.05204436 0.05955501 0.06370570
v 0.05204346 0.06297132 0.05657217
v 0.05204346 0.06297132 0.05657217
v 0.05182640 0.06643755 0.04952658
v 0.04730899 0.06086374 0.06908715
v 0.04730899 0.06086374 0.06908715
v 0.05182640 0.06643755 0.04952658
v 0.05091448 0.07136668 0.04017399
v 0.05646619 0.05208550 0.06997861
v 0.05803867 0.05235750 0.06624038
v 0.05689368 0.05276144 0.06780344
v 0.05538583 0.05362349 0.06922687
v 0.05394579 0.05496105 0.06946225
v 0.05210248 0.05645033 0.06997485
v 0.05646619 0.05208550 0.06997861
v 0.05394579 0.05496105 0.06946225
v 0.05646619 0.05208550 0.06997861
v 0.05538583 0.05362349 0.06922687
v 0.05309679 0.05623449 0.06849244
v 0.05243231 0.05775432 0.06667823
v 0.05210248 0.05645033 0.06997485
v 0.05210248 0.05645033 0.06997485
v 0.05394579 0.05496105 0.06946225
v 0.05309679 0.05623449 0.06849244
v 0.06657012 0.05179938 0.04930157
v 0.06657012 0.05179938 0.04930157
v 0.06288516 0.05206675 0.05670244
v 0.06096358 0.04712169 0.06916985
v 0.06096358 0.04712169 0.06916985
v 0.06288516 0.05206675 0.05670244
v 0.05921734 0.05205330 0.06440577
v 0.06096358 0.04712169 0.06916985
v 0.05921734 0.05205330 0.06440577
v 0.05803867 0.05235750 0.06624038
v 0.06096358 0.04712169 0.06916985
v 0.05803867 0.05235750 0.06624038
v 0.05646619 0.05208550 0.06997861
v 0.04643170 -0.08118115 0.02402080
v 0.04803376 -0.07977611 0.02514786
v 0.04744082 -0.07991681 0.02563856
v 0.04200849 -0.06429873 0.07003204
v 0.05038936 -0.07315385 0.03697877
v 0.05147235 -0.06878118 0.04500644
v 0.04712169 -0.06096358 0.06916986
v 0.04890240 -0.07704038 0.03027022
v 0.05038936 -0.07315385 0.03697877
v 0.04744082 -0.07991681 0.02563856
v 0.04744082 -0.07991681 0.02563856
v 0.05038936 -0.07315385 0.03697877
v 0.04200849 -0.06429873 0.07003204
v 0.04744082 -0.07991681 0.02563856
v 0.04200849 -0.06429873 0.07003204
v 0.03667073 -0.06750438 0.06996682
v 0.06429876 -0.04200844 0.07003204
v 0.07732155 -0.04876189 0.02985097
v 0.06738749 -0.03688306 0.06995569
v 0.06738749 -0.03688306 0.06995569
v 0.07732155 -0.04876189 0.02985097
v 0.07991701 -0.04743126 0.02566105
v 0.06086375 -0.04730897 0.06908716
v 0.06976597 -0.05134855 0.04296536
v 0.06429876 -0.04200844 0.07003204
v 0.06429876 -0.04200844 0.07003204
v 0.06976597 -0.05134855 0.04296536
v 0.07201369 -0.05078488 0.03884231
v 0.07201369 -0.05078488 0.03884231
v 0.07456351 -0.04993655 0.03440706
v 0.06429876 -0.04200844 0.07003204
v 0.06429876 -0.04200844 0.07003204
v 0.07456351 -0.04993655 0.03440706
v 0.07732155 -0.04876189 0.02985097
v 0.08044570 -0.04762908 0.02414096
v 0.07991701 -0.04743126 0.02566105
v 0.07984686 -0.04795196 0.02511501
v 0.08044570 -0.04762908 0.02414096
v 0.07984686 -0.04795196 0.02511501
v 0.07676030 -0.05282420 0.02503247
v 0.04643170 -0.08118115 0.02402080
v 0.05257707 -0.07688538 0.02509550
v 0.04803376 -0.07977611 0.02514786
v 0.06086375 -0.04730897 0.06908716
v 0.05645032 -0.05210248 0.06997485
v 0.05780383 -0.05238590 0.06670399
v 0.05954837 -0.05203698 0.06373804
v 0.06086375 -0.04730897 0.06908716
v 0.05954837 -0.05203698 0.06373804
v 0.06488213 -0.05205227 0.05244346
v 0.06086375 -0.04730897 0.06908716
v 0.06488213 -0.05205227 0.05244346
v 0.06976597 -0.05134855 0.04296536
v 0.05205127 -0.05897765 0.06492276
v 0.05292176 -0.05658474 0.06810211
v 0.05208549 -0.05646620 0.06997860
v 0.05208549 -0.05646620 0.06997860
v 0.05292176 -0.05658474 0.06810211
v 0.05349156 -0.05559214 0.06904728
v 0.05349156 -0.05559214 0.06904728
v 0.05420488 -0.05468442 0.06949694
v 0.05208549 -0.05646620 0.06997860
v 0.05420488 -0.05468442 0.06949694
v 0.05645032 -0.05210248 0.06997485
v 0.05208549 -0.05646620 0.06997860
v 0.05420488 -0.05468442 0.06949694
v 0.05536432 -0.05363470 0.06925531
v 0.05645032 -0.05210248 0.06997485
v 0.05639318 -0.05301269 0.06835854
v 0.05780383 -0.05238590 0.06670399
v 0.05645032 -0.05210248 0.06997485
v 0.05645032 -0.05210248 0.06997485
v 0.05536432 -0.05363470 0.06925531
v 0.05639318 -0.05301269 0.06835854
v 0.05198556 -0.06424709 0.05399385
v 0.05205127 -0.05897765 0.06492276
v 0.04712169 -0.06096358 0.06916986
v 0.05147235 -0.06878118 0.04500644
v 0.05198556 -0.06424709 0.05399385
v 0.04712169 -0.06096358 0.06916986
v 0.04712169 -0.06096358 0.06916986
v 0.05205127 -0.05897765 0.06492276
v 0.05208549 -0.05646620 0.06997860
v -0.04941619 0.08014156 0.02209515
v -0.05495420 0.07563792 0.02413888
v -0.05267166 0.07679299 0.02511927
v -0.05267166 0.07679299 0.02511927
v -0.04790698 0.07987333 0.02511509
v -0.04941619 0.08014156 0.02209515
v -0.04941619 0.08014156 0.02209515
v -0.04790698 0.07987333 0.02511509
v -0.04743309 0.07992318 0.02565073
v 0.02089457 -0.09267245 0.00000000
v 0.01414841 -0.09388810 0.01748047
v 0.01399346 -0.09396248 0.00000000
v -0.05038975 0.07315135 0.03698510
v -0.05145208 0.06885497 0.04488587
v -0.04200849 0.06429874 0.07003204
v -0.04200849 0.06429874 0.07003204
v -0.05145208 0.06885497 0.04488587
v -0.04712169 0.06096359 0.06916985
v -0.04890238 0.07704041 0.03027016
v -0.05038975 0.07315135 0.03698510
v -0.04743309 0.07992318 0.02565073
v -0.04743309 0.07992318 0.02565073
v -0.05038975 0.07315135 0.03698510
v -0.04200849 0.06429874 0.07003204
v -0.04743309 0.07992318 0.02565073
v -0.04200849 0.06429874 0.07003204
v -0.03680490 0.06751398 0.06971483
v -0.06734620 0.03697498 0.06992325
v -0.06429876 0.04200845 0.07003204
v -0.07743721 0.04866654 0.02973024
v -0.06734620 0.03697498 0.06992325
v -0.07743721 0.04866654 0.02973024
v -0.07997037 0.04740102 0.02559383
v -0.06086375 0.04730898 0.06908715
v -0.06963405 0.05137273 0.04320908
v -0.06429876 0.04200845 0.07003204
v -0.07298758 0.05045053 0.03724674
v -0.06429876 0.04200845 0.07003204
v -0.07298758 0.05045053 0.03724674
v -0.07743721 0.04866654 0.02973024
v -0.07997037 0.04740102 0.02559383
v -0.07984755 0.04794913 0.02511653
v -0.07907619 0.05108861 0.02210122
v -0.07907619 0.05108861 0.02210122
v -0.07984755 0.04794913 0.02511653
v -0.07682001 0.05267406 0.02507530
v -0.07907619 0.05108861 0.02210122
v -0.07682001 0.05267406 0.02507530
v -0.07467161 0.05628338 0.02407615
v -0.07467161 0.05628338 0.02407615
v -0.07272761 0.05815584 0.02511880
v -0.07017570 0.06179478 0.02408369
v -0.07017570 0.06179478 0.02408369
v -0.06824752 0.06335576 0.02511736
v -0.06586769 0.06717409 0.02234329
v -0.06586769 0.06717409 0.02234329
v -0.06824752 0.06335576 0.02511736
v -0.06333604 0.06827335 0.02511191
v -0.05495420 0.07563792 0.02413888
v -0.05864227 0.07238749 0.02507913
v -0.05267166 0.07679299 0.02511927
v -0.06086375 0.04730898 0.06908715
v -0.05645032 0.05210249 0.06997485
v -0.05832731 0.05227732 0.06579339
v -0.06086375 0.04730898 0.06908715
v -0.05832731 0.05227732 0.06579339
v -0.05952241 0.05203760 0.06379166
v -0.06086375 0.04730898 0.06908715
v -0.05952241 0.05203760 0.06379166
v -0.06316832 0.05214453 0.05585849
v -0.06316832 0.05214453 0.05585849
v -0.06643755 0.05182641 0.04952658
v -0.06086375 0.04730898 0.06908715
v -0.06643755 0.05182641 0.04952658
v -0.05208549 0.05646620 0.06997860
v -0.05250369 0.05755126 0.06695624
v -0.05374774 0.05523044 0.06929856
v -0.05471281 0.05417738 0.06949562
v -0.05645032 0.05210249 0.06997485
v -0.05208549 0.05646620 0.06997860
v -0.05471281 0.05417738 0.06949562
v -0.05208549 0.05646620 0.06997860
v -0.05374774 0.05523044 0.06929856
v -0.05598039 0.05322861 0.06877864
v -0.05832731 0.05227732 0.06579339
v -0.05645032 0.05210249 0.06997485
v -0.05471281 0.05417738 0.06949562
v -0.05598039 0.05322861 0.06877864
v -0.05645032 0.05210249 0.06997485
v -0.04712169 0.06096359 0.06916985
v -0.05145208 0.06885497 0.04488587
v -0.05198242 0.06481936 0.05274949
v -0.04712169 0.06096359 0.06916985
v -0.05198242 0.06481936 0.05274949
v -0.05205330 0.05921738 0.06440570
v -0.04712169 0.06096359 0.06916985
v -0.05205330 0.05921738 0.06440570
v -0.05250369 0.05755126 0.06695624
v -0.04712169 0.06096359 0.06916985
v -0.05250369 0.05755126 0.06695624
v -0.05208549 0.05646620 0.06997860
v -0.06429873 -0.04200848 0.07003204
v -0.07370803 -0.05018637 0.03604086
v -0.06848679 -0.05155853 0.04550205
v -0.06096358 -0.04712168 0.06916986
v -0.06753876 -0.03669888 0.06981997
v -0.08000777 -0.04735561 0.02556791
v -0.06429873 -0.04200848 0.07003204
v -0.07370803 -0.05018637 0.03604086
v -0.06429873 -0.04200848 0.07003204
v -0.08000777 -0.04735561 0.02556791
v -0.07370803 -0.05018637 0.03604086
v -0.08000777 -0.04735561 0.02556791
v -0.07697600 -0.04893964 0.03035792
v -0.03674439 -0.06744844 0.07000810
v -0.04200844 -0.06429876 0.07003204
v -0.04866641 -0.07743756 0.02972958
v -0.03674439 -0.06744844 0.07000810
v -0.04866641 -0.07743756 0.02972958
v -0.04742789 -0.07991968 0.02566115
v -0.04730899 -0.06086373 0.06908716
v -0.05091448 -0.07136668 0.04017399
v -0.04200844 -0.06429876 0.07003204
v -0.05091448 -0.07136668 0.04017399
v -0.04991763 -0.07462234 0.03428508
v -0.04200844 -0.06429876 0.07003204
v -0.04200844 -0.06429876 0.07003204
v -0.04991763 -0.07462234 0.03428508
v -0.04866641 -0.07743756 0.02972958
v -0.03674439 -0.06744844 0.07000810
v -0.04742789 -0.07991968 0.02566115
v -0.04627775 -0.08190395 0.02240530
v -0.04742789 -0.07991968 0.02566115
v -0.04795070 -0.07984701 0.02511593
v -0.04627775 -0.08190395 0.02240530
v -0.04795070 -0.07984701 0.02511593
v -0.08043692 -0.04767257 0.02409282
v -0.07666148 -0.05291875 0.02508649
v -0.07956637 -0.04837744 0.02512119
v -0.08043692 -0.04767257 0.02409282
v -0.07956637 -0.04837744 0.02512119
v -0.08000777 -0.04735561 0.02556791
v -0.04730899 -0.06086373 0.06908716
v -0.05210248 -0.05645032 0.06997485
v -0.05238590 -0.05780382 0.06670399
v -0.05203699 -0.05954837 0.06373802
v -0.04730899 -0.06086373 0.06908716
v -0.05203699 -0.05954837 0.06373802
v -0.05214435 -0.06317415 0.05584638
v -0.05214435 -0.06317415 0.05584638
v -0.05182640 -0.06643754 0.04952659
v -0.04730899 -0.06086373 0.06908716
v -0.04730899 -0.06086373 0.06908716
v -0.05182640 -0.06643754 0.04952659
v -0.05091448 -0.07136668 0.04017399
v -0.05646619 -0.05208550 0.06997862
v -0.05866874 -0.05214512 0.06538110
v -0.05658445 -0.05292162 0.06811001
v -0.05646619 -0.05208550 0.06997862
v -0.05658445 -0.05292162 0.06811001
v -0.05559221 -0.05349151 0.06904726
v -0.05559221 -0.05349151 0.06904726
v -0.05468612 -0.05420376 0.06949610
v -0.05646619 -0.05208550 0.06997862
v -0.05468612 -0.05420376 0.06949610
v -0.05210248 -0.05645032 0.06997485
v -0.05646619 -0.05208550 0.06997862
v -0.05468612 -0.05420376 0.06949610
v -0.05364289 -0.05535100 0.06926789
v -0.05210248 -0.05645032 0.06997485
v -0.05301269 -0.05639317 0.06835854
v -0.05238590 -0.05780382 0.06670399
v -0.05210248 -0.05645032 0.06997485
v -0.05210248 -0.05645032 0.06997485
v -0.05364289 -0.05535100 0.06926789
v -0.05301269 -0.05639317 0.06835854
v -0.06424710 -0.05198555 0.05399385
v -0.05866874 -0.05214512 0.06538110
v -0.06096358 -0.04712168 0.06916986
v -0.06848679 -0.05155853 0.04550205
v -0.06424710 -0.05198555 0.05399385
v -0.06096358 -0.04712168 0.06916986
v -0.06096358 -0.04712168 0.06916986
v -0.05866874 -0.05214512 0.06538110
v -0.05646619 -0.05208550 0.06997862
v 0.03667073 -0.06750438 0.06996682
v 0.04643170 -0.08118115 0.02402080
v 0.03667073 -0.06750438 0.06996682
v 0.04034386 -0.08503347 0.02222753
v 0.04034386 -0.08503347 0.02222753
v 0.03667073 -0.06750438 0.06996682
v 0.03088643 -0.07033482 0.06998747
v 0.04034386 -0.08503347 0.02222753
v 0.03088643 -0.07033482 0.06998747
v 0.03394264 -0.08781277 0.02215327
v 0.03394264 -0.08781277 0.02215327
v 0.03088643 -0.07033482 0.06998747
v 0.02490064 -0.07269961 0.06989369
v 0.03394264 -0.08781277 0.02215327
v 0.02490064 -0.07269961 0.06989369
v 0.02727434 -0.09006760 0.02228071
v 0.02727434 -0.09006760 0.02228071
v 0.02490064 -0.07269961 0.06989369
v 0.01869560 -0.07445280 0.07015861
v 0.07991701 -0.04743126 0.02566105
v 0.08044570 -0.04762908 0.02414096
v 0.06738749 -0.03688306 0.06995569
v 0.08044570 -0.04762908 0.02414096
v 0.08425437 -0.04200519 0.02215283
v 0.06738749 -0.03688306 0.06995569
v 0.08425437 -0.04200519 0.02215283
v 0.07034285 -0.03086061 0.07000008
v 0.07034285 -0.03086061 0.07000008
v 0.08425437 -0.04200519 0.02215283
v 0.08696966 -0.03587845 0.02238113
v 0.07034285 -0.03086061 0.07000008
v 0.08696966 -0.03587845 0.02238113
v 0.07264369 -0.02493860 0.07003207
v 0.07264369 -0.02493860 0.07003207
v 0.08696966 -0.03587845 0.02238113
v 0.08955526 -0.02899057 0.02222015
v 0.09408310 -0.00195554 0.02229513
v 0.07603119 -0.00002754 0.07236996
v 0.07653614 -0.00635456 0.07005058
v 0.07264369 -0.02493860 0.07003207
v 0.08955526 -0.02899057 0.02222015
v 0.07445131 -0.01883217 0.07006062
v 0.07445131 -0.01883217 0.07006062
v 0.08955526 -0.02899057 0.02222015
v 0.09139019 -0.02240374 0.02232429
v 0.07445131 -0.01883217 0.07006062
v 0.09139019 -0.02240374 0.02232429
v 0.07501922 -0.01224847 0.07246571
v 0.07501922 -0.01224847 0.07246571
v 0.09139019 -0.02240374 0.02232429
v 0.09286724 -0.01548284 0.02213874
v 0.07501922 -0.01224847 0.07246571
v 0.09286724 -0.01548284 0.02213874
v 0.07653614 -0.00635456 0.07005058
v 0.07653614 -0.00635456 0.07005058
v 0.09286724 -0.01548284 0.02213874
v 0.09369359 -0.00882645 0.02226555
v 0.09369359 -0.00882645 0.02226555
v 0.07494524 0.01284871 0.07235468
v 0.07654288 0.00634252 0.07003204
v 0.09334861 0.01203333 0.02221313
v 0.09334861 0.01203333 0.02221313
v 0.07654288 0.00634252 0.07003204
v 0.09400677 0.00506697 0.02215663
v 0.09400677 0.00506697 0.02215663
v 0.07654288 0.00634252 0.07003204
v 0.07603119 -0.00002754 0.07236996
v 0.09400677 0.00506697 0.02215663
v 0.07603119 -0.00002754 0.07236996
v 0.09408310 -0.00195554 0.02229513
v 0.08264099 0.04514688 0.02197223
v 0.07991362 0.04743859 0.02565368
v 0.06747152 0.03682740 0.06980064
v 0.08264099 0.04514688 0.02197223
v 0.06747152 0.03682740 0.06980064
v 0.08569487 0.03888776 0.02228965
v 0.08569487 0.03888776 0.02228965
v 0.06747152 0.03682740 0.06980064
v 0.07032355 0.03091620 0.06997942
v 0.08569487 0.03888776 0.02228965
v 0.07032355 0.03091620 0.06997942
v 0.08842942 0.03210842 0.02238833
v 0.08842942 0.03210842 0.02238833
v 0.07032355 0.03091620 0.06997942
v 0.07266808 0.02494114 0.06995176
v 0.08842942 0.03210842 0.02238833
v 0.07266808 0.02494114 0.06995176
v 0.09055671 0.02574387 0.02215272
v 0.09055671 0.02574387 0.02215272
v 0.07266808 0.02494114 0.06995176
v 0.07454480 0.01879441 0.06978466
v 0.09055671 0.02574387 0.02215272
v 0.07454480 0.01879441 0.06978466
v 0.09218900 0.01883064 0.02233980
v 0.09218900 0.01883064 0.02233980
v 0.07454480 0.01879441 0.06978466
v 0.07494524 0.01284871 0.07235468
v 0.09218900 0.01883064 0.02233980
v 0.07494524 0.01284871 0.07235468
v 0.09334861 0.01203333 0.02221313
v 0.03714754 0.06727074 0.06985723
v 0.04736885 0.07997097 0.02564549
v 0.04347911 0.08350579 0.02214581
v 0.03714754 0.06727074 0.06985723
v 0.04347911 0.08350579 0.02214581
v 0.03085184 0.07034024 0.07002027
v 0.03085184 0.07034024 0.07002027
v 0.04347911 0.08350579 0.02214581
v 0.03725345 0.08640403 0.02233610
v 0.03085184 0.07034024 0.07002027
v 0.03725345 0.08640403 0.02233610
v 0.02495269 0.07264646 0.07000904
v 0.03067854 0.08895361 0.02232847
v 0.02495269 0.07264646 0.07000904
v 0.03067854 0.08895361 0.02232847
v 0.01891212 0.07448133 0.06990371
v 0.02395881 0.09105115 0.02213292
v 0.01891212 0.07448133 0.06990371
v 0.02395881 0.09105115 0.02213292
v 0.01740439 0.09249062 0.02224356
v 0.01891212 0.07448133 0.06990371
v 0.01740439 0.09249062 0.02224356
v 0.01228273 0.07503956 0.07235099
v 0.01228273 0.07503956 0.07235099
v 0.01740439 0.09249062 0.02224356
v 0.01063597 0.09349162 0.02233138
v 0.01228273 0.07503956 0.07235099
v 0.01063597 0.09349162 0.02233138
v 0.00645331 0.07659548 0.06982120
v 0.00645331 0.07659548 0.06982120
v 0.01063597 0.09349162 0.02233138
v 0.00364427 0.09403419 0.02228925
v 0.00645331 0.07659548 0.06982120
v 0.00364427 0.09403419 0.02228925
v -0.00011568 0.07603522 0.07235739
v -0.03716011 0.08642836 0.02239978
v -0.03085237 0.07033614 0.07003201
v -0.02494813 0.07264603 0.07001467
v -0.00011568 0.07603522 0.07235739
v 0.00364427 0.09403419 0.02228925
v -0.00341721 0.09408262 0.02215281
v -0.00011568 0.07603522 0.07235739
v -0.00341721 0.09408262 0.02215281
v -0.00648615 0.07658320 0.06984634
v -0.00648615 0.07658320 0.06984634
v -0.00341721 0.09408262 0.02215281
v -0.01045197 0.09351890 0.02230536
v -0.00648615 0.07658320 0.06984634
v -0.01045197 0.09351890 0.02230536
v -0.01269151 0.07494692 0.07245605
v -0.01269151 0.07494692 0.07245605
v -0.01045197 0.09351890 0.02230536
v -0.01721362 0.09251110 0.02231274
v -0.01269151 0.07494692 0.07245605
v -0.01721362 0.09251110 0.02231274
v -0.01887849 0.07448428 0.06991849
v -0.02414664 0.09099830 0.02214413
v -0.01887849 0.07448428 0.06991849
v -0.02414664 0.09099830 0.02214413
v -0.02494813 0.07264603 0.07001467
v -0.03055152 0.08900881 0.02227353
v -0.03055152 0.08900881 0.02227353
v -0.04743309 0.07992318 0.02565073
v -0.03680490 0.06751398 0.06971483
v -0.04364510 0.08342425 0.02212948
v -0.04364510 0.08342425 0.02212948
v -0.03680490 0.06751398 0.06971483
v -0.03716011 0.08642836 0.02239978
v -0.03716011 0.08642836 0.02239978
v -0.03680490 0.06751398 0.06971483
v -0.03085237 0.07033614 0.07003201
v -0.07997037 0.04740102 0.02559383
v -0.08265534 0.04512327 0.02203878
v -0.06734620 0.03697498 0.06992325
v -0.06734620 0.03697498 0.06992325
v -0.08265534 0.04512327 0.02203878
v -0.08562075 0.03903374 0.02231537
v -0.07033347 0.03090530 0.06996675
v -0.07033347 0.03090530 0.06996675
v -0.08562075 0.03903374 0.02231537
v -0.08783225 0.03168251 0.02451222
v -0.07033347 0.03090530 0.06996675
v -0.08783225 0.03168251 0.02451222
v -0.07264369 0.02493860 0.07003206
v -0.07264369 0.02493860 0.07003206
v -0.08783225 0.03168251 0.02451222
v -0.07377650 0.01829037 0.07248314
v -0.09060401 0.02560389 0.02212655
v -0.07377650 0.01829037 0.07248314
v -0.09060401 0.02560389 0.02212655
v -0.07551617 0.01319770 0.07047140
v -0.09060401 0.02560389 0.02212655
v -0.09215540 0.01905855 0.02228132
v -0.07551617 0.01319770 0.07047140
v -0.07551617 0.01319770 0.07047140
v -0.09215540 0.01905855 0.02228132
v -0.09330360 0.01226540 0.02228191
v -0.07551617 0.01319770 0.07047140
v -0.09330360 0.01226540 0.02228191
v -0.07658108 0.00637185 0.06989523
v -0.07658108 0.00637185 0.06989523
v -0.09330360 0.01226540 0.02228191
v -0.09400024 0.00523071 0.02214982
v -0.07658108 0.00637185 0.06989523
v -0.09400024 0.00523071 0.02214982
v -0.07603627 -0.00025066 0.07235765
v -0.09400024 0.00523071 0.02214982
v -0.09409359 -0.00177809 0.02226711
v -0.07603627 -0.00025066 0.07235765
v -0.07603627 -0.00025066 0.07235765
v -0.09409359 -0.00177809 0.02226711
v -0.07653316 -0.00636135 0.07005760
v -0.09369565 -0.00865833 0.02232985
v -0.07653316 -0.00636135 0.07005760
v -0.09369565 -0.00865833 0.02232985
v -0.07493307 -0.01276663 0.07246412
v -0.07493307 -0.01276663 0.07246412
v -0.09369565 -0.00865833 0.02232985
v -0.09283336 -0.01568373 0.02213929
v -0.07493307 -0.01276663 0.07246412
v -0.09283336 -0.01568373 0.02213929
v -0.07445111 -0.01883897 0.07005638
v -0.07445111 -0.01883897 0.07005638
v -0.09283336 -0.01568373 0.02213929
v -0.09138420 -0.02243168 0.02232291
v -0.07445111 -0.01883897 0.07005638
v -0.09138420 -0.02243168 0.02232291
v -0.07264244 -0.02490619 0.07006972
v -0.07264244 -0.02490619 0.07006972
v -0.09138420 -0.02243168 0.02232291
v -0.08959586 -0.02889977 0.02216264
v -0.07264244 -0.02490619 0.07006972
v -0.08959586 -0.02889977 0.02216264
v -0.08704662 -0.03570434 0.02237444
v -0.07264244 -0.02490619 0.07006972
v -0.08704662 -0.03570434 0.02237444
v -0.07034167 -0.03086219 0.07000121
v -0.07034167 -0.03086219 0.07000121
v -0.08704662 -0.03570434 0.02237444
v -0.08432699 -0.04185617 0.02215659
v -0.07034167 -0.03086219 0.07000121
v -0.08432699 -0.04185617 0.02215659
v -0.06753876 -0.03669888 0.06981997
v -0.06753876 -0.03669888 0.06981997
v -0.08432699 -0.04185617 0.02215659
v -0.08043692 -0.04767257 0.02409282
v -0.06753876 -0.03669888 0.06981997
v -0.08043692 -0.04767257 0.02409282
v -0.08000777 -0.04735561 0.02556791
v -0.03674439 -0.06744844 0.07000810
v -0.04627775 -0.08190395 0.02240530
v -0.04049697 -0.08495794 0.02224057
v -0.03674439 -0.06744844 0.07000810
v -0.04049697 -0.08495794 0.02224057
v -0.03088001 -0.07034008 0.06998156
v -0.03088001 -0.07034008 0.06998156
v -0.04049697 -0.08495794 0.02224057
v -0.03409714 -0.08775243 0.02215449
v -0.03088001 -0.07034008 0.06998156
v -0.03409714 -0.08775243 0.02215449
v -0.02488165 -0.07270096 0.06990645
v -0.02488165 -0.07270096 0.06990645
v -0.03409714 -0.08775243 0.02215449
v -0.02745009 -0.09001841 0.02226199
v -0.02488165 -0.07270096 0.06990645
v -0.02745009 -0.09001841 0.02226199
v -0.01865303 -0.07444780 0.07020456
v -0.01865303 -0.07444780 0.07020456
v -0.02745009 -0.09001841 0.02226199
v -0.02080364 -0.09176691 0.02232729
v -0.01865303 -0.07444780 0.07020456
v -0.02080364 -0.09176691 0.02232729
v -0.01232583 -0.07500721 0.07245921
v -0.01232583 -0.07500721 0.07245921
v -0.02080364 -0.09176691 0.02232729
v -0.01383512 -0.09312428 0.02214793
v -0.01232583 -0.07500721 0.07245921
v -0.01383512 -0.09312428 0.02214793
v -0.00633614 -0.07656022 0.06997637
v -0.00633614 -0.07656022 0.06997637
v -0.01383512 -0.09312428 0.02214793
v -0.00704732 -0.09382286 0.02235773
v -0.00633614 -0.07656022 0.06997637
v -0.00704732 -0.09382286 0.02235773
v 0.00026338 -0.07601246 0.07246405
v 0.00026338 -0.07601246 0.07246405
v -0.00704732 -0.09382286 0.02235773
v 0.00010243 -0.09414872 0.02213979
v 0.00026338 -0.07601246 0.07246405
v 0.00010243 -0.09414872 0.02213979
v 0.00631766 -0.07656475 0.06996827
v 0.00631766 -0.07656475 0.06996827
v 0.00010243 -0.09414872 0.02213979
v 0.00706303 -0.09382762 0.02233783
v 0.00631766 -0.07656475 0.06996827
v 0.00706303 -0.09382762 0.02233783
v 0.01284067 -0.07491885 0.07247468
v 0.01401665 -0.09310199 0.02213076
v 0.01284067 -0.07491885 0.07247468
v 0.01401665 -0.09310199 0.02213076
v 0.01869560 -0.07445280 0.07015861
v 0.01869560 -0.07445280 0.07015861
v 0.01401665 -0.09310199 0.02213076
v 0.02059642 -0.09182878 0.02225889
v 0.01869560 -0.07445280 0.07015861
v 0.02059642 -0.09182878 0.02225889
v 0.02727434 -0.09006760 0.02228071
v -0.06295622 0.04113132 0.07680439
v -0.06346251 0.04146211 0.07337157
v -0.06666968 0.03607979 0.07337157
v -0.07520153 -0.00000002 0.07680439
v -0.07603627 -0.00025066 0.07235765
v -0.07554739 -0.00626006 0.07337157
v -0.07112690 -0.02441792 0.07680439
v -0.07169891 -0.02461429 0.07337157
v -0.06942139 -0.03045106 0.07337157
v -0.04632955 -0.05908916 0.07772192
v -0.04656117 -0.05982184 0.07337157
v -0.04146210 -0.06346251 0.07337157
v 0.06295622 -0.04113131 0.07680439
v 0.06346251 -0.04146210 0.07337157
v 0.06666968 -0.03607979 0.07337157
v 0.07508585 -0.00026718 0.07772190
v 0.07603119 -0.00002754 0.07236996
v 0.07554739 0.00626006 0.07337157
v 0.07112690 0.02441793 0.07680439
v 0.07169891 0.02461430 0.07337157
v 0.06942139 0.03045107 0.07337157
v 0.04618972 0.05934459 0.07680439
v 0.04656117 0.05982185 0.07337156
v 0.04146210 0.06346251 0.07337156
v -0.05645032 0.05210249 0.06997485
v -0.06086375 0.04730898 0.06908715
v -0.05982185 0.04656118 0.07337157
v -0.06086375 0.04730898 0.06908715
v -0.06429876 0.04200845 0.07003204
v -0.06346251 0.04146211 0.07337157
v -0.06942141 0.03045103 0.07337157
v -0.07033347 0.03090530 0.06996675
v -0.07169893 0.02461425 0.07337157
v -0.07034167 -0.03086219 0.07000121
v -0.06753876 -0.03669888 0.06981997
v -0.06666965 -0.03607983 0.07337157
v -0.02488165 -0.07270096 0.06990645
v -0.01865303 -0.07444780 0.07020456
v -0.01860932 -0.07348666 0.07337157
v 0.05645032 -0.05210248 0.06997485
v 0.06086375 -0.04730897 0.06908716
v 0.05982185 -0.04656117 0.07337157
v 0.06086375 -0.04730897 0.06908716
v 0.06429876 -0.04200844 0.07003204
v 0.06346251 -0.04146210 0.07337157
v 0.06942141 -0.03045102 0.07337157
v 0.07034285 -0.03086061 0.07000008
v 0.07169893 -0.02461424 0.07337157
v 0.07032355 0.03091620 0.06997942
v 0.06747152 0.03682740 0.06980064
v 0.06666965 0.03607984 0.07337157
v 0.00645331 0.07659548 0.06982120
v 0.00626001 0.07554739 0.07337156
v 0.01228273 0.07503956 0.07235099
v 0.01860932 0.07348666 0.07337156
v 0.01891212 0.07448133 0.06990371
v 0.01228273 0.07503956 0.07235099
v 0.03085184 0.07034024 0.07002027
v 0.02495269 0.07264646 0.07000904
v 0.02461425 0.07169893 0.07337156
v 0.02461425 0.07169893 0.07337156
v 0.02495269 0.07264646 0.07000904
v 0.01860932 0.07348666 0.07337156
v 0.01891212 0.07448133 0.06990371
v 0.03714754 0.06727074 0.06985723
v 0.03607979 0.06666968 0.07337156
v 0.04200844 0.06429876 0.07003204
v 0.04200844 0.06429876 0.07003204
v 0.04146210 0.06346251 0.07337156
v 0.04730899 0.06086374 0.06908715
v 0.04656117 0.05982185 0.07337156
v 0.04730899 0.06086374 0.06908715
v 0.04656117 0.05982185 0.07337156
v 0.05210248 0.05645033 0.06997485
v 0.05646619 0.05208550 0.06997861
v 0.05210248 0.05645033 0.06997485
v 0.05134220 0.05577253 0.07337156
v 0.06096358 0.04712169 0.06916985
v 0.05982182 0.04656122 0.07337157
v 0.06429873 0.04200849 0.07003204
v 0.07169891 0.02461430 0.07337157
v 0.07266808 0.02494114 0.06995176
v 0.06942139 0.03045107 0.07337157
v 0.07032355 0.03091620 0.06997942
v 0.07454480 0.01879441 0.06978466
v 0.07348665 0.01860938 0.07337157
v 0.07494524 0.01284871 0.07235468
v 0.07654288 0.00634252 0.07003204
v 0.07554739 0.00626006 0.07337157
v 0.07603119 -0.00002754 0.07236996
v 0.07445131 -0.01883217 0.07006062
v 0.07501922 -0.01224847 0.07246571
v 0.07348666 -0.01860932 0.07337157
v 0.07264369 -0.02493860 0.07003207
v 0.07169893 -0.02461424 0.07337157
v 0.07264369 -0.02493860 0.07003207
v 0.07348666 -0.01860932 0.07337157
v 0.07445131 -0.01883217 0.07006062
v 0.06666968 -0.03607979 0.07337157
v 0.06738749 -0.03688306 0.06995569
v 0.07034285 -0.03086061 0.07000008
v 0.06346251 -0.04146210 0.07337157
v 0.06429876 -0.04200844 0.07003204
v 0.06666968 -0.03607979 0.07337157
v 0.06738749 -0.03688306 0.06995569
v 0.05645032 -0.05210248 0.06997485
v 0.05577253 -0.05134219 0.07337157
v 0.05208549 -0.05646620 0.06997860
v 0.05134223 -0.05577249 0.07337157
v 0.05208549 -0.05646620 0.06997860
v 0.05134223 -0.05577249 0.07337157
v 0.04656121 -0.05982181 0.07337157
v 0.05208549 -0.05646620 0.06997860
v 0.04656121 -0.05982181 0.07337157
v 0.04712169 -0.06096358 0.06916986
v 0.03088643 -0.07033482 0.06998747
v 0.03667073 -0.06750438 0.06996682
v 0.03607983 -0.06666965 0.07337157
v 0.03607983 -0.06666965 0.07337157
v 0.03667073 -0.06750438 0.06996682
v 0.04146214 -0.06346248 0.07337157
v 0.04200849 -0.06429873 0.07003204
v 0.04146214 -0.06346248 0.07337157
v 0.04200849 -0.06429873 0.07003204
v 0.04656121 -0.05982181 0.07337157
v 0.04712169 -0.06096358 0.06916986
v 0.02490064 -0.07269961 0.06989369
v 0.03088643 -0.07033482 0.06998747
v 0.03045107 -0.06942139 0.07337157
v 0.01869560 -0.07445280 0.07015861
v 0.01860937 -0.07348665 0.07337157
v 0.01284067 -0.07491885 0.07247468
v 0.00026338 -0.07601246 0.07246405
v 0.00631766 -0.07656475 0.06996827
v 0.00626006 -0.07554738 0.07337157
v -0.03088001 -0.07034008 0.06998156
v -0.02488165 -0.07270096 0.06990645
v -0.02461425 -0.07169893 0.07337157
v -0.03674439 -0.06744844 0.07000810
v -0.03607979 -0.06666967 0.07337157
v -0.04200844 -0.06429876 0.07003204
v -0.04200844 -0.06429876 0.07003204
v -0.04146210 -0.06346251 0.07337157
v -0.04730899 -0.06086373 0.06908716
v -0.04656117 -0.05982184 0.07337157
v -0.04730899 -0.06086373 0.06908716
v -0.04656117 -0.05982184 0.07337157
v -0.05210248 -0.05645032 0.06997485
v -0.05646619 -0.05208550 0.06997862
v -0.05210248 -0.05645032 0.06997485
v -0.05134220 -0.05577253 0.07337157
v -0.06096358 -0.04712168 0.06916986
v -0.05982182 -0.04656121 0.07337157
v -0.06429873 -0.04200848 0.07003204
v -0.07169891 -0.02461429 0.07337157
v -0.07264244 -0.02490619 0.07006972
v -0.06942139 -0.03045106 0.07337157
v -0.07034167 -0.03086219 0.07000121
v -0.07445111 -0.01883897 0.07005638
v -0.07348665 -0.01860937 0.07337157
v -0.07493307 -0.01276663 0.07246412
v -0.07653316 -0.00636135 0.07005760
v -0.07554739 -0.00626006 0.07337157
v -0.07603627 -0.00025066 0.07235765
v -0.07551617 0.01319770 0.07047140
v -0.07477241 0.01247729 0.07337157
v -0.07377650 0.01829037 0.07248314
v -0.07264369 0.02493860 0.07003206
v -0.07169893 0.02461425 0.07337157
v -0.07264369 0.02493860 0.07003206
v -0.07377650 0.01829037 0.07248314
v -0.06666968 0.03607979 0.07337157
v -0.06734620 0.03697498 0.06992325
v -0.07033347 0.03090530 0.06996675
v -0.06346251 0.04146211 0.07337157
v -0.06429876 0.04200845 0.07003204
v -0.06666968 0.03607979 0.07337157
v -0.06734620 0.03697498 0.06992325
v -0.05645032 0.05210249 0.06997485
v -0.05577253 0.05134220 0.07337157
v -0.05208549 0.05646620 0.06997860
v -0.05134223 0.05577250 0.07337156
v -0.05208549 0.05646620 0.06997860
v -0.05134223 0.05577250 0.07337156
v -0.04656121 0.05982182 0.07337156
v -0.05208549 0.05646620 0.06997860
v -0.04656121 0.05982182 0.07337156
v -0.04712169 0.06096359 0.06916985
v -0.03085237 0.07033614 0.07003201
v -0.03680490 0.06751398 0.06971483
v -0.03607983 0.06666966 0.07337156
v -0.03607983 0.06666966 0.07337156
v -0.03680490 0.06751398 0.06971483
v -0.04146214 0.06346249 0.07337156
v -0.04200849 0.06429874 0.07003204
v -0.04146214 0.06346249 0.07337156
v -0.04200849 0.06429874 0.07003204
v -0.04656121 0.05982182 0.07337156
v -0.04712169 0.06096359 0.06916985
v -0.02494813 0.07264603 0.07001467
v -0.03085237 0.07033614 0.07003201
v -0.03045107 0.06942139 0.07337156
v -0.01887849 0.07448428 0.06991849
v -0.01860937 0.07348665 0.07337156
v -0.01269151 0.07494692 0.07245605
v -0.00011568 0.07603522 0.07235739
v -0.00648615 0.07658320 0.06984634
v -0.00626006 0.07554739 0.07337156
v -0.00011568 0.07603522 0.07235739
v 0.00026720 0.07508586 0.07772190
v 0.00621007 0.07494468 0.07680439
v 0.00626001 0.07554739 0.07337156
v 0.01262231 0.07401781 0.07772194
v 0.01228273 0.07503956 0.07235099
v 0.01228273 0.07503956 0.07235099
v 0.01262231 0.07401781 0.07772194
v 0.01846087 0.07290039 0.07680439
v 0.01860932 0.07348666 0.07337156
v 0.01860932 0.07348666 0.07337156
v 0.01846087 0.07290039 0.07680439
v 0.02441788 0.07112692 0.07680439
v 0.02461425 0.07169893 0.07337156
v 0.03607979 0.06666968 0.07337156
v 0.03579194 0.06613780 0.07680439
v 0.04113132 0.06295622 0.07680439
v 0.05577250 0.05134223 0.07337157
v 0.05577250 0.05134223 0.07337157
v 0.05134220 0.05577253 0.07337156
v 0.05532755 0.05093263 0.07680439
v 0.05532755 0.05093263 0.07680439
v 0.05134220 0.05577253 0.07337156
v 0.05105085 0.05506148 0.07772194
v 0.06096358 0.04712169 0.06916985
v 0.05646619 0.05208550 0.06997861
v 0.05982182 0.04656122 0.07337157
v 0.05982182 0.04656122 0.07337157
v 0.05646619 0.05208550 0.06997861
v 0.05577250 0.05134223 0.07337157
v 0.05982182 0.04656122 0.07337157
v 0.05577250 0.05134223 0.07337157
v 0.05941740 0.04590783 0.07772192
v 0.05532755 0.05093263 0.07680439
v 0.06666965 0.03607984 0.07337157
v 0.06611521 0.03560352 0.07770048
v 0.06886756 0.03020813 0.07680439
v 0.07348665 0.01860938 0.07337157
v 0.07285384 0.01817346 0.07772187
v 0.07417587 0.01237780 0.07680439
v 0.07494524 0.01284871 0.07235468
v 0.07348665 0.01860938 0.07337157
v 0.07417587 0.01237780 0.07680439
v 0.07494524 0.01284871 0.07235468
v 0.07417587 0.01237780 0.07680439
v 0.07494467 0.00621012 0.07680439
v 0.06590888 -0.03597191 0.07772190
v 0.06942141 -0.03045102 0.07337157
v 0.06886758 -0.03020808 0.07680439
v 0.06886758 -0.03020808 0.07680439
v 0.06942141 -0.03045102 0.07337157
v 0.07169893 -0.02461424 0.07337157
v 0.07112691 -0.02441788 0.07680439
v 0.07112691 -0.02441788 0.07680439
v 0.07169893 -0.02461424 0.07337157
v 0.07348666 -0.01860932 0.07337157
v 0.07112691 -0.02441788 0.07680439
v 0.07348666 -0.01860932 0.07337157
v 0.07272266 -0.01869148 0.07772189
v 0.07272266 -0.01869148 0.07772189
v 0.07348666 -0.01860932 0.07337157
v 0.07501922 -0.01224847 0.07246571
v 0.07272266 -0.01869148 0.07772189
v 0.07501922 -0.01224847 0.07246571
v 0.07417588 -0.01237774 0.07680439
v 0.05577253 -0.05134219 0.07337157
v 0.05532758 -0.05093259 0.07680439
v 0.05093263 -0.05532754 0.07680439
v 0.05134223 -0.05577249 0.07337157
v 0.05134223 -0.05577249 0.07337157
v 0.05093263 -0.05532754 0.07680439
v 0.04600014 -0.05935332 0.07770050
v 0.05134223 -0.05577249 0.07337157
v 0.04600014 -0.05935332 0.07770050
v 0.04656121 -0.05982181 0.07337157
v 0.04656121 -0.05982181 0.07337157
v 0.04600014 -0.05935332 0.07770050
v 0.04113136 -0.06295619 0.07680439
v 0.04656121 -0.05982181 0.07337157
v 0.04113136 -0.06295619 0.07680439
v 0.04146214 -0.06346248 0.07337157
v 0.04146214 -0.06346248 0.07337157
v 0.04113136 -0.06295619 0.07680439
v 0.03579199 -0.06613777 0.07680439
v 0.03607983 -0.06666965 0.07337157
v 0.02461429 -0.07169891 0.07337157
v 0.02461429 -0.07169891 0.07337157
v 0.03045107 -0.06942139 0.07337157
v 0.02441793 -0.07112690 0.07680439
v 0.02441793 -0.07112690 0.07680439
v 0.03045107 -0.06942139 0.07337157
v 0.02991695 -0.06886895 0.07772196
v 0.01869560 -0.07445280 0.07015861
v 0.02490064 -0.07269961 0.06989369
v 0.01860937 -0.07348665 0.07337157
v 0.01860937 -0.07348665 0.07337157
v 0.02490064 -0.07269961 0.06989369
v 0.02461429 -0.07169891 0.07337157
v 0.01860937 -0.07348665 0.07337157
v 0.02461429 -0.07169891 0.07337157
v 0.01846091 -0.07290037 0.07680439
v 0.02441793 -0.07112690 0.07680439
v 0.00026338 -0.07601246 0.07246405
v 0.00626006 -0.07554738 0.07337157
v -0.00026720 -0.07508585 0.07772190
v -0.00026720 -0.07508585 0.07772190
v 0.00626006 -0.07554738 0.07337157
v 0.00604659 -0.07484830 0.07770049
v -0.00626001 -0.07554739 0.07337157
v -0.00633614 -0.07656022 0.06997637
v 0.00026338 -0.07601246 0.07246405
v -0.00626001 -0.07554739 0.07337157
v 0.00026338 -0.07601246 0.07246405
v -0.00621007 -0.07494467 0.07680439
v -0.00026720 -0.07508585 0.07772190
v -0.01860932 -0.07348666 0.07337157
v -0.01865303 -0.07444780 0.07020456
v -0.01232583 -0.07500721 0.07245921
v -0.01860932 -0.07348666 0.07337157
v -0.01232583 -0.07500721 0.07245921
v -0.01846087 -0.07290038 0.07680439
v -0.01262229 -0.07401780 0.07772195
v -0.02461425 -0.07169893 0.07337157
v -0.02488165 -0.07270096 0.06990645
v -0.01860932 -0.07348666 0.07337157
v -0.02461425 -0.07169893 0.07337157
v -0.01860932 -0.07348666 0.07337157
v -0.02441788 -0.07112691 0.07680439
v -0.01846087 -0.07290038 0.07680439
v -0.03607979 -0.06666967 0.07337157
v -0.03579194 -0.06613779 0.07680439
v -0.04113132 -0.06295621 0.07680439
v -0.05577250 -0.05134223 0.07337157
v -0.05577250 -0.05134223 0.07337157
v -0.05134220 -0.05577253 0.07337157
v -0.05532755 -0.05093262 0.07680439
v -0.05093259 -0.05532758 0.07680439
v -0.06096358 -0.04712168 0.06916986
v -0.05646619 -0.05208550 0.06997862
v -0.05982182 -0.04656121 0.07337157
v -0.05982182 -0.04656121 0.07337157
v -0.05646619 -0.05208550 0.06997862
v -0.05577250 -0.05134223 0.07337157
v -0.05982182 -0.04656121 0.07337157
v -0.05577250 -0.05134223 0.07337157
v -0.05941740 -0.04590782 0.07772192
v -0.05532755 -0.05093262 0.07680439
v -0.06666965 -0.03607983 0.07337157
v -0.06611521 -0.03560351 0.07770048
v -0.06886756 -0.03020813 0.07680439
v -0.07348665 -0.01860937 0.07337157
v -0.07285384 -0.01817345 0.07772187
v -0.07417587 -0.01237779 0.07680439
v -0.07493307 -0.01276663 0.07246412
v -0.07348665 -0.01860937 0.07337157
v -0.07417587 -0.01237779 0.07680439
v -0.07493307 -0.01276663 0.07246412
v -0.07417587 -0.01237779 0.07680439
v -0.07494467 -0.00621011 0.07680439
v -0.06590888 0.03597192 0.07772190
v -0.06942141 0.03045103 0.07337157
v -0.06886758 0.03020809 0.07680439
v -0.06886758 0.03020809 0.07680439
v -0.06942141 0.03045103 0.07337157
v -0.07169893 0.02461425 0.07337157
v -0.07112691 0.02441788 0.07680439
v -0.07112691 0.02441788 0.07680439
v -0.07169893 0.02461425 0.07337157
v -0.07377650 0.01829037 0.07248314
v -0.07272266 0.01869149 0.07772189
v -0.07272266 0.01869149 0.07772189
v -0.07377650 0.01829037 0.07248314
v -0.07477241 0.01247729 0.07337157
v -0.07272266 0.01869149 0.07772189
v -0.07477241 0.01247729 0.07337157
v -0.07417588 0.01237775 0.07680439
v -0.05577253 0.05134220 0.07337157
v -0.05532758 0.05093259 0.07680439
v -0.05093263 0.05532755 0.07680439
v -0.05134223 0.05577250 0.07337156
v -0.05134223 0.05577250 0.07337156
v -0.05093263 0.05532755 0.07680439
v -0.04600014 0.05935333 0.07770050
v -0.05134223 0.05577250 0.07337156
v -0.04600014 0.05935333 0.07770050
v -0.04656121 0.05982182 0.07337156
v -0.04656121 0.05982182 0.07337156
v -0.04600014 0.05935333 0.07770050
v -0.04113136 0.06295619 0.07680439
v -0.04656121 0.05982182 0.07337156
v -0.04113136 0.06295619 0.07680439
v -0.04146214 0.06346249 0.07337156
v -0.04146214 0.06346249 0.07337156
v -0.04113136 0.06295619 0.07680439
v -0.03579199 0.06613777 0.07680439
v -0.03607983 0.06666966 0.07337156
v -0.02461429 0.07169892 0.07337156
v -0.02461429 0.07169892 0.07337156
v -0.03045107 0.06942139 0.07337156
v -0.02441793 0.07112690 0.07680439
v -0.02441793 0.07112690 0.07680439
v -0.03045107 0.06942139 0.07337156
v -0.02991695 0.06886896 0.07772196
v -0.01887849 0.07448428 0.06991849
v -0.02494813 0.07264603 0.07001467
v -0.01860937 0.07348665 0.07337156
v -0.02461429 0.07169892 0.07337156
v -0.01860937 0.07348665 0.07337156
v -0.02461429 0.07169892 0.07337156
v -0.01846091 0.07290038 0.07680439
v -0.02441793 0.07112690 0.07680439
v -0.00604658 0.07484831 0.07770048
v 0.00026720 0.07508586 0.07772190
v -0.00626006 0.07554739 0.07337156
v -0.00626006 0.07554739 0.07337156
v 0.00026720 0.07508586 0.07772190
v -0.00011568 0.07603522 0.07235739
v 0.00619339 0.07474288 0.08028419
v 0.01262231 0.07401781 0.07772194
v 0.00621007 0.07494468 0.07680439
v 0.00621007 0.07494468 0.07680439
v 0.01262231 0.07401781 0.07772194
v 0.00626001 0.07554739 0.07337156
v 0.00626001 0.07554739 0.07337156
v -0.00011568 0.07603522 0.07235739
v 0.00626001 0.07554739 0.07337156
v 0.00645331 0.07659548 0.06982120
v 0.02435209 0.07093539 0.08028419
v 0.02441788 0.07112692 0.07680439
v 0.01841118 0.07270408 0.08028426
v 0.01846087 0.07290039 0.07680439
v 0.01841118 0.07270408 0.08028426
v 0.01846087 0.07290039 0.07680439
v 0.01262231 0.07401781 0.07772194
v 0.02441788 0.07112692 0.07680439
v 0.02435209 0.07093539 0.08028419
v 0.03040635 0.06865429 0.07772196
v 0.02441788 0.07112692 0.07680439
v 0.03040635 0.06865429 0.07772196
v 0.02461425 0.07169893 0.07337156
v 0.02461425 0.07169893 0.07337156
v 0.03040635 0.06865429 0.07772196
v 0.03045102 0.06942141 0.07337156
v 0.03045102 0.06942141 0.07337156
v 0.03040635 0.06865429 0.07772196
v 0.03579194 0.06613780 0.07680439
v 0.03045102 0.06942141 0.07337156
v 0.03045102 0.06942141 0.07337156
v 0.03579194 0.06613780 0.07680439
v 0.03607979 0.06666968 0.07337156
v 0.03045102 0.06942141 0.07337156
v 0.03607979 0.06666968 0.07337156
v 0.03085184 0.07034024 0.07002027
v 0.03085184 0.07034024 0.07002027
v 0.03607979 0.06666968 0.07337156
v 0.03714754 0.06727074 0.06985723
v 0.03040635 0.06865429 0.07772196
v 0.03569557 0.06595970 0.08028423
v 0.03579194 0.06613780 0.07680439
v 0.03579194 0.06613780 0.07680439
v 0.03569557 0.06595970 0.08028423
v 0.04113132 0.06295622 0.07680439
v 0.04102055 0.06278669 0.08028420
v 0.04146210 0.06346251 0.07337156
v 0.04146210 0.06346251 0.07337156
v 0.04113132 0.06295622 0.07680439
v 0.04618972 0.05934459 0.07680439
v 0.04113132 0.06295622 0.07680439
v 0.04102055 0.06278669 0.08028420
v 0.04606532 0.05918480 0.08028425
v 0.04618972 0.05934459 0.07680439
v 0.04606532 0.05918480 0.08028425
v 0.05105085 0.05506148 0.07772194
v 0.04618972 0.05934459 0.07680439
v 0.05105085 0.05506148 0.07772194
v 0.04656117 0.05982185 0.07337156
v 0.04656117 0.05982185 0.07337156
v 0.05105085 0.05506148 0.07772194
v 0.05134220 0.05577253 0.07337156
v 0.04656117 0.05982185 0.07337156
v 0.05134220 0.05577253 0.07337156
v 0.05210248 0.05645033 0.06997485
v 0.05517857 0.05079547 0.08028417
v 0.05941740 0.04590783 0.07772192
v 0.05532755 0.05093263 0.07680439
v 0.05517857 0.05079547 0.08028417
v 0.05532755 0.05093263 0.07680439
v 0.05105085 0.05506148 0.07772194
v 0.05941740 0.04590783 0.07772192
v 0.06278667 0.04102058 0.08028420
v 0.06295619 0.04113136 0.07680439
v 0.05941740 0.04590783 0.07772192
v 0.06295619 0.04113136 0.07680439
v 0.05982182 0.04656122 0.07337157
v 0.05982182 0.04656122 0.07337157
v 0.06295619 0.04113136 0.07680439
v 0.06346248 0.04146215 0.07337157
v 0.06346248 0.04146215 0.07337157
v 0.06429873 0.04200849 0.07003204
v 0.06346248 0.04146215 0.07337157
v 0.06747152 0.03682740 0.06980064
v 0.06295619 0.04113136 0.07680439
v 0.06278667 0.04102058 0.08028420
v 0.06611521 0.03560352 0.07770048
v 0.06295619 0.04113136 0.07680439
v 0.06611521 0.03560352 0.07770048
v 0.06346248 0.04146215 0.07337157
v 0.06346248 0.04146215 0.07337157
v 0.06611521 0.03560352 0.07770048
v 0.06666965 0.03607984 0.07337157
v 0.06666965 0.03607984 0.07337157
v 0.06886756 0.03020813 0.07680439
v 0.06611521 0.03560352 0.07770048
v 0.06868209 0.03012681 0.08028423
v 0.07032355 0.03091620 0.06997942
v 0.06666965 0.03607984 0.07337157
v 0.06942139 0.03045107 0.07337157
v 0.06942139 0.03045107 0.07337157
v 0.06666965 0.03607984 0.07337157
v 0.06886756 0.03020813 0.07680439
v 0.06886756 0.03020813 0.07680439
v 0.07112690 0.02441793 0.07680439
v 0.06886756 0.03020813 0.07680439
v 0.06868209 0.03012681 0.08028423
v 0.07093537 0.02435220 0.08028416
v 0.07112690 0.02441793 0.07680439
v 0.07093537 0.02435220 0.08028416
v 0.07285384 0.01817346 0.07772187
v 0.07112690 0.02441793 0.07680439
v 0.07285384 0.01817346 0.07772187
v 0.07169891 0.02461430 0.07337157
v 0.07169891 0.02461430 0.07337157
v 0.07285384 0.01817346 0.07772187
v 0.07348665 0.01860938 0.07337157
v 0.07169891 0.02461430 0.07337157
v 0.07348665 0.01860938 0.07337157
v 0.07266808 0.02494114 0.06995176
v 0.07454480 0.01879441 0.06978466
v 0.07285384 0.01817346 0.07772187
v 0.07397613 0.01234450 0.08028423
v 0.07417587 0.01237780 0.07680439
v 0.07417587 0.01237780 0.07680439
v 0.07397613 0.01234450 0.08028423
v 0.07494467 0.00621012 0.07680439
v 0.07474288 0.00619336 0.08028425
v 0.07654288 0.00634252 0.07003204
v 0.07494524 0.01284871 0.07235468
v 0.07554739 0.00626006 0.07337157
v 0.07554739 0.00626006 0.07337157
v 0.07494524 0.01284871 0.07235468
v 0.07494467 0.00621012 0.07680439
v 0.07554739 0.00626006 0.07337157
v 0.07494467 0.00621012 0.07680439
v 0.07508585 -0.00026718 0.07772190
v 0.07508585 -0.00026718 0.07772190
v 0.07494467 0.00621012 0.07680439
v 0.07474288 0.00619336 0.08028425
v 0.07508585 -0.00026718 0.07772190
v 0.07474288 -0.00619330 0.08028423
v 0.07494468 -0.00621007 0.07680439
v 0.07508585 -0.00026718 0.07772190
v 0.07494468 -0.00621007 0.07680439
v 0.07603119 -0.00002754 0.07236996
v 0.07554739 -0.00626001 0.07337157
v 0.07603119 -0.00002754 0.07236996
v 0.07554739 -0.00626001 0.07337157
v 0.07653614 -0.00635456 0.07005058
v 0.07494468 -0.00621007 0.07680439
v 0.07474288 -0.00619330 0.08028423
v 0.07417588 -0.01237774 0.07680439
v 0.07494468 -0.00621007 0.07680439
v 0.07417588 -0.01237774 0.07680439
v 0.07554739 -0.00626001 0.07337157
v 0.07554739 -0.00626001 0.07337157
v 0.07417588 -0.01237774 0.07680439
v 0.07501922 -0.01224847 0.07246571
v 0.07554739 -0.00626001 0.07337157
v 0.07501922 -0.01224847 0.07246571
v 0.07653614 -0.00635456 0.07005058
v 0.07397614 -0.01234444 0.08028417
v 0.07417588 -0.01237774 0.07680439
v 0.07397614 -0.01234444 0.08028417
v 0.07272266 -0.01869148 0.07772189
v 0.07112691 -0.02441788 0.07680439
v 0.07272266 -0.01869148 0.07772189
v 0.07093539 -0.02435211 0.08028423
v 0.07112691 -0.02441788 0.07680439
v 0.07093539 -0.02435211 0.08028423
v 0.06868211 -0.03012677 0.08028422
v 0.06886758 -0.03020808 0.07680439
v 0.06886758 -0.03020808 0.07680439
v 0.06868211 -0.03012677 0.08028422
v 0.06590888 -0.03597191 0.07772190
v 0.07034285 -0.03086061 0.07000008
v 0.06942141 -0.03045102 0.07337157
v 0.06666968 -0.03607979 0.07337157
v 0.06666968 -0.03607979 0.07337157
v 0.06666968 -0.03607979 0.07337157
v 0.06590888 -0.03597191 0.07772190
v 0.06295622 -0.04113131 0.07680439
v 0.06295622 -0.04113131 0.07680439
v 0.06590888 -0.03597191 0.07772190
v 0.06278669 -0.04102054 0.08028420
v 0.06295622 -0.04113131 0.07680439
v 0.06278669 -0.04102054 0.08028420
v 0.05908918 -0.04632953 0.07772193
v 0.06295622 -0.04113131 0.07680439
v 0.05908918 -0.04632953 0.07772193
v 0.06346251 -0.04146210 0.07337157
v 0.05982185 -0.04656117 0.07337157
v 0.05982185 -0.04656117 0.07337157
v 0.05908918 -0.04632953 0.07772193
v 0.05532758 -0.05093259 0.07680439
v 0.05982185 -0.04656117 0.07337157
v 0.05982185 -0.04656117 0.07337157
v 0.05532758 -0.05093259 0.07680439
v 0.05577253 -0.05134219 0.07337157
v 0.05982185 -0.04656117 0.07337157
v 0.05577253 -0.05134219 0.07337157
v 0.05645032 -0.05210248 0.06997485
v 0.05908918 -0.04632953 0.07772193
v 0.05517860 -0.05079543 0.08028419
v 0.05532758 -0.05093259 0.07680439
v 0.05532758 -0.05093259 0.07680439
v 0.05517860 -0.05079543 0.08028419
v 0.05093263 -0.05532754 0.07680439
v 0.05079546 -0.05517856 0.08028422
v 0.05093263 -0.05532754 0.07680439
v 0.05079546 -0.05517856 0.08028422
v 0.04600014 -0.05935332 0.07770050
v 0.03569562 -0.06595967 0.08028417
v 0.03579199 -0.06613777 0.07680439
v 0.04102061 -0.06278665 0.08028420
v 0.04113136 -0.06295619 0.07680439
v 0.04102061 -0.06278665 0.08028420
v 0.04113136 -0.06295619 0.07680439
v 0.04600014 -0.05935332 0.07770050
v 0.03579199 -0.06613777 0.07680439
v 0.03569562 -0.06595967 0.08028417
v 0.02991695 -0.06886895 0.07772196
v 0.03579199 -0.06613777 0.07680439
v 0.02991695 -0.06886895 0.07772196
v 0.03607983 -0.06666965 0.07337157
v 0.03607983 -0.06666965 0.07337157
v 0.02991695 -0.06886895 0.07772196
v 0.03045107 -0.06942139 0.07337157
v 0.03607983 -0.06666965 0.07337157
v 0.03045107 -0.06942139 0.07337157
v 0.03088643 -0.07033482 0.06998747
v 0.01841121 -0.07270406 0.08028423
v 0.01846091 -0.07290037 0.07680439
v 0.02435215 -0.07093537 0.08028423
v 0.02441793 -0.07112690 0.07680439
v 0.02435215 -0.07093537 0.08028423
v 0.02441793 -0.07112690 0.07680439
v 0.02991695 -0.06886895 0.07772196
v 0.01846091 -0.07290037 0.07680439
v 0.01841121 -0.07270406 0.08028423
v 0.01237779 -0.07417587 0.07680439
v 0.01846091 -0.07290037 0.07680439
v 0.01237779 -0.07417587 0.07680439
v 0.01860937 -0.07348665 0.07337157
v 0.01860937 -0.07348665 0.07337157
v 0.01237779 -0.07417587 0.07680439
v 0.01284067 -0.07491885 0.07247468
v 0.01234442 -0.07397614 0.08028422
v 0.01237779 -0.07417587 0.07680439
v 0.01234442 -0.07397614 0.08028422
v 0.00604659 -0.07484830 0.07770049
v 0.01237779 -0.07417587 0.07680439
v 0.00604659 -0.07484830 0.07770049
v 0.01284067 -0.07491885 0.07247468
v 0.01284067 -0.07491885 0.07247468
v 0.00604659 -0.07484830 0.07770049
v 0.00626006 -0.07554738 0.07337157
v 0.01284067 -0.07491885 0.07247468
v 0.00626006 -0.07554738 0.07337157
v 0.00631766 -0.07656475 0.06996827
v -0.00619340 -0.07474287 0.08028423
v -0.00621007 -0.07494467 0.07680439
v -0.00026720 -0.07508585 0.07772190
v -0.00621007 -0.07494467 0.07680439
v -0.00619340 -0.07474287 0.08028423
v -0.01262229 -0.07401780 0.07772195
v -0.00621007 -0.07494467 0.07680439
v -0.01262229 -0.07401780 0.07772195
v -0.00626001 -0.07554739 0.07337157
v -0.00626001 -0.07554739 0.07337157
v -0.01262229 -0.07401780 0.07772195
v -0.01232583 -0.07500721 0.07245921
v -0.00626001 -0.07554739 0.07337157
v -0.01232583 -0.07500721 0.07245921
v -0.00633614 -0.07656022 0.06997637
v -0.02435209 -0.07093539 0.08028420
v -0.02441788 -0.07112691 0.07680439
v -0.01841118 -0.07270408 0.08028426
v -0.01846087 -0.07290038 0.07680439
v -0.01841118 -0.07270408 0.08028426
v -0.01846087 -0.07290038 0.07680439
v -0.01262229 -0.07401780 0.07772195
v -0.02441788 -0.07112691 0.07680439
v -0.02435209 -0.07093539 0.08028420
v -0.03040635 -0.06865428 0.07772196
v -0.02441788 -0.07112691 0.07680439
v -0.03040635 -0.06865428 0.07772196
v -0.02461425 -0.07169893 0.07337157
v -0.02461425 -0.07169893 0.07337157
v -0.03040635 -0.06865428 0.07772196
v -0.03045102 -0.06942141 0.07337157
v -0.03045102 -0.06942141 0.07337157
v -0.03040635 -0.06865428 0.07772196
v -0.03579194 -0.06613779 0.07680439
v -0.03045102 -0.06942141 0.07337157
v -0.03045102 -0.06942141 0.07337157
v -0.03579194 -0.06613779 0.07680439
v -0.03607979 -0.06666967 0.07337157
v -0.03045102 -0.06942141 0.07337157
v -0.03607979 -0.06666967 0.07337157
v -0.03088001 -0.07034008 0.06998156
v -0.03088001 -0.07034008 0.06998156
v -0.03607979 -0.06666967 0.07337157
v -0.03674439 -0.06744844 0.07000810
v -0.03040635 -0.06865428 0.07772196
v -0.03569557 -0.06595969 0.08028424
v -0.03579194 -0.06613779 0.07680439
v -0.03579194 -0.06613779 0.07680439
v -0.03569557 -0.06595969 0.08028424
v -0.04113132 -0.06295621 0.07680439
v -0.04102055 -0.06278669 0.08028421
v -0.04146210 -0.06346251 0.07337157
v -0.04146210 -0.06346251 0.07337157
v -0.04113132 -0.06295621 0.07680439
v -0.04632955 -0.05908916 0.07772192
v -0.04113132 -0.06295621 0.07680439
v -0.04102055 -0.06278669 0.08028421
v -0.04632955 -0.05908916 0.07772192
v -0.05079543 -0.05517859 0.08028420
v -0.05093259 -0.05532758 0.07680439
v -0.04632955 -0.05908916 0.07772192
v -0.05093259 -0.05532758 0.07680439
v -0.04656117 -0.05982184 0.07337157
v -0.04656117 -0.05982184 0.07337157
v -0.05093259 -0.05532758 0.07680439
v -0.05134220 -0.05577253 0.07337157
v -0.04656117 -0.05982184 0.07337157
v -0.05134220 -0.05577253 0.07337157
v -0.05210248 -0.05645032 0.06997485
v -0.05517857 -0.05079546 0.08028418
v -0.05941740 -0.04590782 0.07772192
v -0.05532755 -0.05093262 0.07680439
v -0.05517857 -0.05079546 0.08028418
v -0.05532755 -0.05093262 0.07680439
v -0.05093259 -0.05532758 0.07680439
v -0.05079543 -0.05517859 0.08028420
v -0.05941740 -0.04590782 0.07772192
v -0.06278667 -0.04102058 0.08028420
v -0.06295619 -0.04113135 0.07680439
v -0.05941740 -0.04590782 0.07772192
v -0.06295619 -0.04113135 0.07680439
v -0.05982182 -0.04656121 0.07337157
v -0.05982182 -0.04656121 0.07337157
v -0.06295619 -0.04113135 0.07680439
v -0.06346248 -0.04146214 0.07337157
v -0.06346248 -0.04146214 0.07337157
v -0.06429873 -0.04200848 0.07003204
v -0.06346248 -0.04146214 0.07337157
v -0.06753876 -0.03669888 0.06981997
v -0.06295619 -0.04113135 0.07680439
v -0.06278667 -0.04102058 0.08028420
v -0.06611521 -0.03560351 0.07770048
v -0.06295619 -0.04113135 0.07680439
v -0.06611521 -0.03560351 0.07770048
v -0.06346248 -0.04146214 0.07337157
v -0.06346248 -0.04146214 0.07337157
v -0.06611521 -0.03560351 0.07770048
v -0.06666965 -0.03607983 0.07337157
v -0.06666965 -0.03607983 0.07337157
v -0.06886756 -0.03020813 0.07680439
v -0.06611521 -0.03560351 0.07770048
v -0.06868209 -0.03012681 0.08028423
v -0.07034167 -0.03086219 0.07000121
v -0.06666965 -0.03607983 0.07337157
v -0.06942139 -0.03045106 0.07337157
v -0.06942139 -0.03045106 0.07337157
v -0.06666965 -0.03607983 0.07337157
v -0.06886756 -0.03020813 0.07680439
v -0.06886756 -0.03020813 0.07680439
v -0.07112690 -0.02441792 0.07680439
v -0.06886756 -0.03020813 0.07680439
v -0.06868209 -0.03012681 0.08028423
v -0.07093537 -0.02435219 0.08028416
v -0.07112690 -0.02441792 0.07680439
v -0.07093537 -0.02435219 0.08028416
v -0.07285384 -0.01817345 0.07772187
v -0.07112690 -0.02441792 0.07680439
v -0.07285384 -0.01817345 0.07772187
v -0.07169891 -0.02461429 0.07337157
v -0.07169891 -0.02461429 0.07337157
v -0.07285384 -0.01817345 0.07772187
v -0.07348665 -0.01860937 0.07337157
v -0.07169891 -0.02461429 0.07337157
v -0.07348665 -0.01860937 0.07337157
v -0.07264244 -0.02490619 0.07006972
v -0.07445111 -0.01883897 0.07005638
v -0.07285384 -0.01817345 0.07772187
v -0.07397613 -0.01234449 0.08028424
v -0.07417587 -0.01237779 0.07680439
v -0.07417587 -0.01237779 0.07680439
v -0.07397613 -0.01234449 0.08028424
v -0.07494467 -0.00621011 0.07680439
v -0.07474288 -0.00619335 0.08028425
v -0.07653316 -0.00636135 0.07005760
v -0.07493307 -0.01276663 0.07246412
v -0.07554739 -0.00626006 0.07337157
v -0.07554739 -0.00626006 0.07337157
v -0.07493307 -0.01276663 0.07246412
v -0.07494467 -0.00621011 0.07680439
v -0.07554739 -0.00626006 0.07337157
v -0.07494467 -0.00621011 0.07680439
v -0.07520153 -0.00000002 0.07680439
v -0.07520153 -0.00000002 0.07680439
v -0.07494467 -0.00621011 0.07680439
v -0.07474288 -0.00619335 0.08028425
v -0.07499903 -0.00000000 0.08028425
v -0.07520153 -0.00000002 0.07680439
v -0.07499903 -0.00000000 0.08028425
v -0.07480734 0.00646682 0.07772189
v -0.07520153 -0.00000002 0.07680439
v -0.07480734 0.00646682 0.07772189
v -0.07603627 -0.00025066 0.07235765
v -0.07603627 -0.00025066 0.07235765
v -0.07480734 0.00646682 0.07772189
v -0.07554739 0.00626001 0.07337157
v -0.07603627 -0.00025066 0.07235765
v -0.07554739 0.00626001 0.07337157
v -0.07658108 0.00637185 0.06989523
v -0.07480734 0.00646682 0.07772189
v -0.07417588 0.01237775 0.07680439
v -0.07554739 0.00626001 0.07337157
v -0.07554739 0.00626001 0.07337157
v -0.07417588 0.01237775 0.07680439
v -0.07477241 0.01247729 0.07337157
v -0.07554739 0.00626001 0.07337157
v -0.07477241 0.01247729 0.07337157
v -0.07658108 0.00637185 0.06989523
v -0.07658108 0.00637185 0.06989523
v -0.07477241 0.01247729 0.07337157
v -0.07551617 0.01319770 0.07047140
v -0.07480734 0.00646682 0.07772189
v -0.07397614 0.01234445 0.08028417
v -0.07417588 0.01237775 0.07680439
v -0.07417588 0.01237775 0.07680439
v -0.07397614 0.01234445 0.08028417
v -0.07272266 0.01869149 0.07772189
v -0.07112691 0.02441788 0.07680439
v -0.07272266 0.01869149 0.07772189
v -0.07093539 0.02435211 0.08028423
v -0.07112691 0.02441788 0.07680439
v -0.07093539 0.02435211 0.08028423
v -0.06868211 0.03012678 0.08028422
v -0.06886758 0.03020809 0.07680439
v -0.06886758 0.03020809 0.07680439
v -0.06868211 0.03012678 0.08028422
v -0.06590888 0.03597192 0.07772190
v -0.07033347 0.03090530 0.06996675
v -0.06942141 0.03045103 0.07337157
v -0.06666968 0.03607979 0.07337157
v -0.06666968 0.03607979 0.07337157
v -0.06666968 0.03607979 0.07337157
v -0.06590888 0.03597192 0.07772190
v -0.06295622 0.04113132 0.07680439
v -0.06295622 0.04113132 0.07680439
v -0.06590888 0.03597192 0.07772190
v -0.06278669 0.04102055 0.08028420
v -0.06295622 0.04113132 0.07680439
v -0.06278669 0.04102055 0.08028420
v -0.05908918 0.04632953 0.07772193
v -0.06295622 0.04113132 0.07680439
v -0.05908918 0.04632953 0.07772193
v -0.06346251 0.04146211 0.07337157
v -0.05982185 0.04656118 0.07337157
v -0.05982185 0.04656118 0.07337157
v -0.05908918 0.04632953 0.07772193
v -0.05532758 0.05093259 0.07680439
v -0.05982185 0.04656118 0.07337157
v -0.05982185 0.04656118 0.07337157
v -0.05532758 0.05093259 0.07680439
v -0.05577253 0.05134220 0.07337157
v -0.05982185 0.04656118 0.07337157
v -0.05577253 0.05134220 0.07337157
v -0.05645032 0.05210249 0.06997485
v -0.05908918 0.04632953 0.07772193
v -0.05517860 0.05079543 0.08028419
v -0.05532758 0.05093259 0.07680439
v -0.05532758 0.05093259 0.07680439
v -0.05517860 0.05079543 0.08028419
v -0.05093263 0.05532755 0.07680439
v -0.05079546 0.05517857 0.08028422
v -0.05093263 0.05532755 0.07680439
v -0.05079546 0.05517857 0.08028422
v -0.04600014 0.05935333 0.07770050
v -0.03569562 0.06595968 0.08028416
v -0.03579199 0.06613777 0.07680439
v -0.04102061 0.06278665 0.08028419
v -0.04113136 0.06295619 0.07680439
v -0.04102061 0.06278665 0.08028419
v -0.04113136 0.06295619 0.07680439
v -0.04600014 0.05935333 0.07770050
v -0.03579199 0.06613777 0.07680439
v -0.03569562 0.06595968 0.08028416
v -0.02991695 0.06886896 0.07772196
v -0.03579199 0.06613777 0.07680439
v -0.02991695 0.06886896 0.07772196
v -0.03607983 0.06666966 0.07337156
v -0.03607983 0.06666966 0.07337156
v -0.02991695 0.06886896 0.07772196
v -0.03045107 0.06942139 0.07337156
v -0.03607983 0.06666966 0.07337156
v -0.03045107 0.06942139 0.07337156
v -0.03085237 0.07033614 0.07003201
v -0.01841121 0.07270407 0.08028422
v -0.01846091 0.07290038 0.07680439
v -0.02435215 0.07093538 0.08028422
v -0.02441793 0.07112690 0.07680439
v -0.02435215 0.07093538 0.08028422
v -0.02441793 0.07112690 0.07680439
v -0.02991695 0.06886896 0.07772196
v -0.01846091 0.07290038 0.07680439
v -0.01841121 0.07270407 0.08028422
v -0.01237779 0.07417588 0.07680439
v -0.01846091 0.07290038 0.07680439
v -0.01237779 0.07417588 0.07680439
v -0.01860937 0.07348665 0.07337156
v -0.01860937 0.07348665 0.07337156
v -0.01237779 0.07417588 0.07680439
v -0.01269151 0.07494692 0.07245605
v -0.01234443 0.07397615 0.08028416
v -0.01237779 0.07417588 0.07680439
v -0.01234443 0.07397615 0.08028416
v -0.00604658 0.07484831 0.07770048
v -0.01237779 0.07417588 0.07680439
v -0.00604658 0.07484831 0.07770048
v -0.01269151 0.07494692 0.07245605
v -0.01269151 0.07494692 0.07245605
v -0.00604658 0.07484831 0.07770048
v -0.00626006 0.07554739 0.07337156
v -0.01269151 0.07494692 0.07245605
v -0.00626006 0.07554739 0.07337156
v -0.00648615 0.07658320 0.06984634
v 0.00621007 0.07494468 0.07680439
v 0.00026720 0.07508586 0.07772190
v 0.00619339 0.07474288 0.08028419
v -0.00604658 0.07484831 0.07770048
v -0.00621168 0.07469463 0.08485284
v 0.00026720 0.07508586 0.07772190
v -0.00002265 0.07495246 0.08485284
v 0.00026720 0.07508586 0.07772190
v -0.00002265 0.07495246 0.08485284
v 0.00619339 0.07474288 0.08028419
v 0.00619339 0.07474288 0.08028419
v -0.00002265 0.07495246 0.08485284
v 0.00621664 0.07470340 0.08483904
v 0.00619339 0.07474288 0.08028419
v 0.00621664 0.07470340 0.08483904
v 0.01227211 0.07394800 0.08484789
v 0.00619339 0.07474288 0.08028419
v 0.01227211 0.07394800 0.08484789
v 0.01262231 0.07401781 0.07772194
v 0.01262231 0.07401781 0.07772194
v 0.01227211 0.07394800 0.08484789
v 0.01841118 0.07270408 0.08028426
v 0.01841118 0.07270408 0.08028426
v 0.01227211 0.07394800 0.08484789
v 0.01839565 0.07270246 0.08476254
v 0.01841118 0.07270408 0.08028426
v 0.01839565 0.07270246 0.08476254
v 0.02435209 0.07093539 0.08028419
v 0.02435209 0.07093539 0.08028419
v 0.01839565 0.07270246 0.08476254
v 0.02438056 0.07088194 0.08484232
v 0.02435209 0.07093539 0.08028419
v 0.02438056 0.07088194 0.08484232
v 0.03006979 0.06866482 0.08484744
v 0.02435209 0.07093539 0.08028419
v 0.03006979 0.06866482 0.08484744
v 0.03040635 0.06865429 0.07772196
v 0.03040635 0.06865429 0.07772196
v 0.03006979 0.06866482 0.08484744
v 0.03569557 0.06595970 0.08028423
v 0.03569557 0.06595970 0.08028423
v 0.03006979 0.06866482 0.08484744
v 0.03563705 0.06594727 0.08484747
v 0.03569557 0.06595970 0.08028423
v 0.03563705 0.06594727 0.08484747
v 0.04102055 0.06278669 0.08028420
v 0.04116199 0.06264628 0.08484847
v 0.04102055 0.06278669 0.08028420
v 0.04116199 0.06264628 0.08484847
v 0.04606532 0.05918480 0.08028425
v 0.04619473 0.05903305 0.08484853
v 0.04606532 0.05918480 0.08028425
v 0.04619473 0.05903305 0.08484853
v 0.05105085 0.05506148 0.07772194
v 0.05105085 0.05506148 0.07772194
v 0.04619473 0.05903305 0.08484853
v 0.05091198 0.05501646 0.08484857
v 0.05105085 0.05506148 0.07772194
v 0.05091198 0.05501646 0.08484857
v 0.05517857 0.05079547 0.08028417
v 0.05517857 0.05079547 0.08028417
v 0.05091198 0.05501646 0.08484857
v 0.05520176 0.05070049 0.08485330
v 0.05517857 0.05079547 0.08028417
v 0.05520176 0.05070049 0.08485330
v 0.05941740 0.04590783 0.07772192
v 0.05941740 0.04590783 0.07772192
v 0.05520176 0.05070049 0.08485330
v 0.05919993 0.04596872 0.08485339
v 0.05941740 0.04590783 0.07772192
v 0.05919993 0.04596872 0.08485339
v 0.06278667 0.04102058 0.08028420
v 0.06278667 0.04102058 0.08028420
v 0.05919993 0.04596872 0.08485339
v 0.06278190 0.04101982 0.08476062
v 0.06278667 0.04102058 0.08028420
v 0.06278190 0.04101982 0.08476062
v 0.06611521 0.03560352 0.07770048
v 0.06611521 0.03560352 0.07770048
v 0.06278190 0.04101982 0.08476062
v 0.06590098 0.03570400 0.08485355
v 0.06611521 0.03560352 0.07770048
v 0.06590098 0.03570400 0.08485355
v 0.06868209 0.03012681 0.08028423
v 0.06868209 0.03012681 0.08028423
v 0.06590098 0.03570400 0.08485355
v 0.06869689 0.03001364 0.08483424
v 0.06868209 0.03012681 0.08028423
v 0.06869689 0.03001364 0.08483424
v 0.07093537 0.02435220 0.08028416
v 0.07096068 0.02415166 0.08484902
v 0.07093537 0.02435220 0.08028416
v 0.07096068 0.02415166 0.08484902
v 0.07285384 0.01817346 0.07772187
v 0.07285384 0.01817346 0.07772187
v 0.07096068 0.02415166 0.08484902
v 0.07267828 0.01831630 0.08485395
v 0.07285384 0.01817346 0.07772187
v 0.07267828 0.01831630 0.08485395
v 0.07397613 0.01234450 0.08028423
v 0.07397613 0.01234450 0.08028423
v 0.07267828 0.01831630 0.08485395
v 0.07395949 0.01237310 0.08479176
v 0.07397613 0.01234450 0.08028423
v 0.07395949 0.01237310 0.08479176
v 0.07474288 0.00619336 0.08028425
v 0.07474288 0.00619336 0.08028425
v 0.07395949 0.01237310 0.08479176
v 0.07471935 0.00608413 0.08483450
v 0.07474288 0.00619336 0.08028425
v 0.07471935 0.00608413 0.08483450
v 0.07508585 -0.00026718 0.07772190
v 0.07508585 -0.00026718 0.07772190
v 0.07471935 0.00608413 0.08483450
v 0.07499356 -0.00001236 0.08476281
v 0.07508585 -0.00026718 0.07772190
v 0.07499356 -0.00001236 0.08476281
v 0.07474288 -0.00619330 0.08028423
v 0.07474288 -0.00619330 0.08028423
v 0.07499356 -0.00001236 0.08476281
v 0.07473598 -0.00619312 0.08476560
v 0.07474288 -0.00619330 0.08028423
v 0.07473598 -0.00619312 0.08476560
v 0.07397614 -0.01234444 0.08028417
v 0.07395894 -0.01237510 0.08479215
v 0.07397614 -0.01234444 0.08028417
v 0.07395894 -0.01237510 0.08479215
v 0.07272266 -0.01869148 0.07772189
v 0.07272266 -0.01869148 0.07772189
v 0.07395894 -0.01237510 0.08479215
v 0.07268879 -0.01841120 0.08479574
v 0.07272266 -0.01869148 0.07772189
v 0.07268879 -0.01841120 0.08479574
v 0.07093539 -0.02435211 0.08028423
v 0.07093539 -0.02435211 0.08028423
v 0.07268879 -0.01841120 0.08479574
v 0.07093503 -0.02433654 0.08476255
v 0.07093539 -0.02435211 0.08028423
v 0.07093503 -0.02433654 0.08476255
v 0.06868211 -0.03012677 0.08028422
v 0.06868247 -0.03011766 0.08474831
v 0.06868211 -0.03012677 0.08028422
v 0.06868247 -0.03011766 0.08474831
v 0.06590888 -0.03597191 0.07772190
v 0.06590888 -0.03597191 0.07772190
v 0.06868247 -0.03011766 0.08474831
v 0.06595345 -0.03569260 0.08476560
v 0.06590888 -0.03597191 0.07772190
v 0.06595345 -0.03569260 0.08476560
v 0.06278669 -0.04102054 0.08028420
v 0.06278669 -0.04102054 0.08028420
v 0.06595345 -0.03569260 0.08476560
v 0.06279018 -0.04100534 0.08476255
v 0.06278669 -0.04102054 0.08028420
v 0.06279018 -0.04100534 0.08476255
v 0.05918951 -0.04605047 0.08476254
v 0.06278669 -0.04102054 0.08028420
v 0.05918951 -0.04605047 0.08476254
v 0.05908918 -0.04632953 0.07772193
v 0.05908918 -0.04632953 0.07772193
v 0.05918951 -0.04605047 0.08476254
v 0.05517860 -0.05079543 0.08028419
v 0.05517860 -0.05079543 0.08028419
v 0.05918951 -0.04605047 0.08476254
v 0.05516615 -0.05080087 0.08476283
v 0.05517860 -0.05079543 0.08028419
v 0.05516615 -0.05080087 0.08476283
v 0.05079546 -0.05517856 0.08028422
v 0.05078266 -0.05518291 0.08476283
v 0.05079546 -0.05517856 0.08028422
v 0.05078266 -0.05518291 0.08476283
v 0.04600014 -0.05935332 0.07770050
v 0.04600014 -0.05935332 0.07770050
v 0.05078266 -0.05518291 0.08476283
v 0.04606084 -0.05917954 0.08476559
v 0.04600014 -0.05935332 0.07770050
v 0.04606084 -0.05917954 0.08476559
v 0.04102061 -0.06278665 0.08028420
v 0.04102061 -0.06278665 0.08028420
v 0.04606084 -0.05917954 0.08476559
v 0.04102990 -0.06277413 0.08476255
v 0.04102061 -0.06278665 0.08028420
v 0.04102990 -0.06277413 0.08476255
v 0.03569562 -0.06595967 0.08028417
v 0.03568212 -0.06596074 0.08476283
v 0.03569562 -0.06595967 0.08028417
v 0.03568212 -0.06596074 0.08476283
v 0.02991695 -0.06886895 0.07772196
v 0.02991695 -0.06886895 0.07772196
v 0.03568212 -0.06596074 0.08476283
v 0.03012369 -0.06867594 0.08476560
v 0.02991695 -0.06886895 0.07772196
v 0.03012369 -0.06867594 0.08476560
v 0.02435215 -0.07093537 0.08028423
v 0.02435215 -0.07093537 0.08028423
v 0.03012369 -0.06867594 0.08476560
v 0.02436427 -0.07092550 0.08476255
v 0.02435215 -0.07093537 0.08028423
v 0.02436427 -0.07092550 0.08476255
v 0.01841121 -0.07270406 0.08028423
v 0.01839783 -0.07270180 0.08476283
v 0.01841121 -0.07270406 0.08028423
v 0.01839783 -0.07270180 0.08476283
v 0.01234442 -0.07397614 0.08028422
v 0.01234442 -0.07397614 0.08028422
v 0.01839783 -0.07270180 0.08476283
v 0.01230982 -0.07396983 0.08479215
v 0.01234442 -0.07397614 0.08028422
v 0.01230982 -0.07396983 0.08479215
v 0.00604659 -0.07484830 0.07770049
v 0.00604659 -0.07484830 0.07770049
v 0.01230982 -0.07396983 0.08479215
v 0.00619250 -0.07473602 0.08476560
v 0.00604659 -0.07484830 0.07770049
v 0.00619250 -0.07473602 0.08476560
v -0.00026720 -0.07508585 0.07772190
v -0.00026720 -0.07508585 0.07772190
v 0.00619250 -0.07473602 0.08476560
v -0.00000031 -0.07499213 0.08476558
v -0.00026720 -0.07508585 0.07772190
v -0.00000031 -0.07499213 0.08476558
v -0.00619340 -0.07474287 0.08028423
v -0.00619340 -0.07474287 0.08028423
v -0.00000031 -0.07499213 0.08476558
v -0.00622540 -0.07472826 0.08479216
v -0.00619340 -0.07474287 0.08028423
v -0.00622540 -0.07472826 0.08479216
v -0.01262229 -0.07401780 0.07772195
v -0.01262229 -0.07401780 0.07772195
v -0.00622540 -0.07472826 0.08479216
v -0.01234572 -0.07396092 0.08479572
v -0.01262229 -0.07401780 0.07772195
v -0.01234572 -0.07396092 0.08479572
v -0.01841118 -0.07270408 0.08028426
v -0.01841118 -0.07270408 0.08028426
v -0.01234572 -0.07396092 0.08479572
v -0.01837823 -0.07270034 0.08479177
v -0.01841118 -0.07270408 0.08028426
v -0.01837823 -0.07270034 0.08479177
v -0.02435209 -0.07093539 0.08028420
v -0.02435209 -0.07093539 0.08028420
v -0.01837823 -0.07270034 0.08479177
v -0.02435021 -0.07092876 0.08476560
v -0.02435209 -0.07093539 0.08028420
v -0.02435021 -0.07092876 0.08476560
v -0.03011768 -0.06868246 0.08474831
v -0.02435209 -0.07093539 0.08028420
v -0.03011768 -0.06868246 0.08474831
v -0.03040635 -0.06865428 0.07772196
v -0.03040635 -0.06865428 0.07772196
v -0.03011768 -0.06868246 0.08474831
v -0.03569557 -0.06595969 0.08028424
v -0.03569557 -0.06595969 0.08028424
v -0.03011768 -0.06868246 0.08474831
v -0.03568011 -0.06596191 0.08476254
v -0.03569557 -0.06595969 0.08028424
v -0.03568011 -0.06596191 0.08476254
v -0.04102055 -0.06278669 0.08028421
v -0.04102795 -0.06277531 0.08476284
v -0.04102055 -0.06278669 0.08028421
v -0.04102795 -0.06277531 0.08476284
v -0.04632955 -0.05908916 0.07772192
v -0.04632955 -0.05908916 0.07772192
v -0.04102795 -0.06277531 0.08476284
v -0.04607174 -0.05917286 0.08476283
v -0.04632955 -0.05908916 0.07772192
v -0.04607174 -0.05917286 0.08476283
v -0.05079543 -0.05517859 0.08028420
v -0.05079543 -0.05517859 0.08028420
v -0.04607174 -0.05917286 0.08476283
v -0.05080087 -0.05516617 0.08476283
v -0.05079543 -0.05517859 0.08028420
v -0.05080087 -0.05516617 0.08476283
v -0.05517857 -0.05079546 0.08028418
v -0.05517373 -0.05079055 0.08476560
v -0.05517857 -0.05079546 0.08028418
v -0.05517373 -0.05079055 0.08476560
v -0.05941740 -0.04590782 0.07772192
v -0.05941740 -0.04590782 0.07772192
v -0.05517373 -0.05079055 0.08476560
v -0.05917954 -0.04606087 0.08476560
v -0.05941740 -0.04590782 0.07772192
v -0.05917954 -0.04606087 0.08476560
v -0.06278667 -0.04102058 0.08028420
v -0.06278667 -0.04102058 0.08028420
v -0.05917954 -0.04606087 0.08476560
v -0.06278190 -0.04101981 0.08476062
v -0.06278667 -0.04102058 0.08028420
v -0.06278190 -0.04101981 0.08476062
v -0.06611521 -0.03560351 0.07770048
v -0.06611521 -0.03560351 0.07770048
v -0.06278190 -0.04101981 0.08476062
v -0.06595597 -0.03569359 0.08475077
v -0.06611521 -0.03560351 0.07770048
v -0.06595597 -0.03569359 0.08475077
v -0.06868209 -0.03012681 0.08028423
v -0.06868209 -0.03012681 0.08028423
v -0.06595597 -0.03569359 0.08475077
v -0.06868209 -0.03011321 0.08476284
v -0.06868209 -0.03012681 0.08028423
v -0.06868209 -0.03011321 0.08476284
v -0.07093537 -0.02435219 0.08028416
v -0.07093421 -0.02433870 0.08476283
v -0.07093537 -0.02435219 0.08028416
v -0.07093421 -0.02433870 0.08476283
v -0.07285384 -0.01817345 0.07772187
v -0.07285384 -0.01817345 0.07772187
v -0.07093421 -0.02433870 0.08476283
v -0.07269748 -0.01840917 0.08476560
v -0.07285384 -0.01817345 0.07772187
v -0.07269748 -0.01840917 0.08476560
v -0.07397613 -0.01234449 0.08028424
v -0.07397613 -0.01234449 0.08028424
v -0.07269748 -0.01840917 0.08476560
v -0.07395949 -0.01237309 0.08479176
v -0.07397613 -0.01234449 0.08028424
v -0.07395949 -0.01237309 0.08479176
v -0.07474288 -0.00619335 0.08028425
v -0.07473844 -0.00618059 0.08476283
v -0.07474288 -0.00619335 0.08028425
v -0.07473844 -0.00618059 0.08476283
v -0.07499903 -0.00000000 0.08028425
v -0.07499214 0.00000032 0.08476558
v -0.07499903 -0.00000000 0.08028425
v -0.07499214 0.00000032 0.08476558
v -0.07473870 0.00617832 0.08476254
v -0.07499903 -0.00000000 0.08028425
v -0.07473870 0.00617832 0.08476254
v -0.07480734 0.00646682 0.07772189
v -0.07480734 0.00646682 0.07772189
v -0.07473870 0.00617832 0.08476254
v -0.07397614 0.01234445 0.08028417
v -0.07397614 0.01234445 0.08028417
v -0.07473870 0.00617832 0.08476254
v -0.07395894 0.01237511 0.08479215
v -0.07397614 0.01234445 0.08028417
v -0.07395894 0.01237511 0.08479215
v -0.07272266 0.01869149 0.07772189
v -0.07272266 0.01869149 0.07772189
v -0.07395894 0.01237511 0.08479215
v -0.07268879 0.01841121 0.08479573
v -0.07272266 0.01869149 0.07772189
v -0.07268879 0.01841121 0.08479573
v -0.07093539 0.02435211 0.08028423
v -0.07093539 0.02435211 0.08028423
v -0.07268879 0.01841121 0.08479573
v -0.07094506 0.02420017 0.08484835
v -0.07093539 0.02435211 0.08028423
v -0.07094506 0.02420017 0.08484835
v -0.06868211 0.03012678 0.08028422
v -0.06870434 0.02997646 0.08484827
v -0.06868211 0.03012678 0.08028422
v -0.06870434 0.02997646 0.08484827
v -0.06590888 0.03597192 0.07772190
v -0.06590888 0.03597192 0.07772190
v -0.06870434 0.02997646 0.08484827
v -0.06592716 0.03565588 0.08485345
v -0.06590888 0.03597192 0.07772190
v -0.06592716 0.03565588 0.08485345
v -0.06278669 0.04102055 0.08028420
v -0.06278669 0.04102055 0.08028420
v -0.06592716 0.03565588 0.08485345
v -0.06283324 0.04087664 0.08484809
v -0.06278669 0.04102055 0.08028420
v -0.06283324 0.04087664 0.08484809
v -0.05924299 0.04592604 0.08484803
v -0.06278669 0.04102055 0.08028420
v -0.05924299 0.04592604 0.08484803
v -0.05908918 0.04632953 0.07772193
v -0.05908918 0.04632953 0.07772193
v -0.05924299 0.04592604 0.08484803
v -0.05517860 0.05079543 0.08028419
v -0.05517860 0.05079543 0.08028419
v -0.05924299 0.04592604 0.08484803
v -0.05508424 0.05083925 0.08484812
v -0.05517860 0.05079543 0.08028419
v -0.05508424 0.05083925 0.08484812
v -0.05079546 0.05517857 0.08028422
v -0.05068674 0.05523581 0.08483415
v -0.05079546 0.05517857 0.08028422
v -0.05068674 0.05523581 0.08483415
v -0.04600014 0.05935333 0.07770050
v -0.04600014 0.05935333 0.07770050
v -0.05068674 0.05523581 0.08483415
v -0.04600088 0.05916749 0.08486131
v -0.04600014 0.05935333 0.07770050
v -0.04600088 0.05916749 0.08486131
v -0.04102061 0.06278665 0.08028419
v -0.04102061 0.06278665 0.08028419
v -0.04600088 0.05916749 0.08486131
v -0.04112068 0.06267435 0.08484783
v -0.04102061 0.06278665 0.08028419
v -0.04112068 0.06267435 0.08484783
v -0.03569562 0.06595968 0.08028416
v -0.03559355 0.06597007 0.08484792
v -0.03569562 0.06595968 0.08028416
v -0.03559355 0.06597007 0.08484792
v -0.02991695 0.06886896 0.07772196
v -0.02991695 0.06886896 0.07772196
v -0.03559355 0.06597007 0.08484792
v -0.03012711 0.06863098 0.08485291
v -0.02991695 0.06886896 0.07772196
v -0.03012711 0.06863098 0.08485291
v -0.02435215 0.07093538 0.08028422
v -0.02435215 0.07093538 0.08028422
v -0.03012711 0.06863098 0.08485291
v -0.02441125 0.07088276 0.08483341
v -0.02435215 0.07093538 0.08028422
v -0.02441125 0.07088276 0.08483341
v -0.01841121 0.07270407 0.08028422
v -0.01841121 0.07270407 0.08028422
v -0.02441125 0.07088276 0.08483341
v -0.01824008 0.07270049 0.08485668
v -0.01841121 0.07270407 0.08028422
v -0.01824008 0.07270049 0.08485668
v -0.01234443 0.07397615 0.08028416
v -0.01234443 0.07397615 0.08028416
v -0.01824008 0.07270049 0.08485668
v -0.01230982 0.07396984 0.08479215
v -0.01234443 0.07397615 0.08028416
v -0.01230982 0.07396984 0.08479215
v -0.00604658 0.07484831 0.07770048
v -0.00604658 0.07484831 0.07770048
v -0.01230982 0.07396984 0.08479215
v -0.00621168 0.07469463 0.08485284
v -0.06868209 -0.03011321 0.08476284
v -0.06625480 -0.03484114 0.08491972
v -0.06895880 -0.02910940 0.08491547
v -0.07093421 -0.02433870 0.08476283
v -0.06868209 -0.03011321 0.08476284
v -0.06895880 -0.02910940 0.08491547
v -0.07093421 -0.02433870 0.08476283
v -0.06895880 -0.02910940 0.08491547
v -0.07115380 -0.02323634 0.08491480
v -0.07269748 -0.01840917 0.08476560
v -0.07093421 -0.02433870 0.08476283
v -0.07115380 -0.02323634 0.08491480
v -0.07269748 -0.01840917 0.08476560
v -0.07115380 -0.02323634 0.08491480
v -0.07284946 -0.01720081 0.08491426
v 0.00626682 -0.07459544 0.08493689
v 0.00003193 -0.07485529 0.08493631
v -0.00000031 -0.07499213 0.08476558
v 0.00626682 -0.07459544 0.08493689
v -0.00000031 -0.07499213 0.08476558
v 0.00619250 -0.07473602 0.08476560
v 0.01843840 -0.07254828 0.08493210
v 0.01231269 -0.07384793 0.08493266
v 0.01230982 -0.07396983 0.08479215
v 0.01843840 -0.07254828 0.08493210
v 0.01230982 -0.07396983 0.08479215
v 0.01839783 -0.07270180 0.08476283
v 0.02439585 -0.07076616 0.08493058
v 0.01843840 -0.07254828 0.08493210
v 0.01839783 -0.07270180 0.08476283
v 0.02439585 -0.07076616 0.08493058
v 0.01839783 -0.07270180 0.08476283
v 0.02436427 -0.07092550 0.08476255
v 0.03582353 -0.06572182 0.08492728
v 0.03020334 -0.06848784 0.08492895
v 0.03012369 -0.06867594 0.08476560
v 0.03582353 -0.06572182 0.08492728
v 0.03012369 -0.06867594 0.08476560
v 0.03568212 -0.06596074 0.08476283
v 0.04120642 -0.06248691 0.08492561
v 0.03582353 -0.06572182 0.08492728
v 0.03568212 -0.06596074 0.08476283
v 0.04120642 -0.06248691 0.08492561
v 0.03568212 -0.06596074 0.08476283
v 0.04102990 -0.06277413 0.08476255
v 0.05107336 -0.05471787 0.08492252
v 0.04630336 -0.05880930 0.08492402
v 0.04606084 -0.05917954 0.08476559
v 0.05107336 -0.05471787 0.08492252
v 0.04606084 -0.05917954 0.08476559
v 0.05078266 -0.05518291 0.08476283
v 0.06309386 -0.04027279 0.08491890
v 0.05949773 -0.04541653 0.08491995
v 0.05918951 -0.04605047 0.08476254
v 0.06309386 -0.04027279 0.08491890
v 0.05918951 -0.04605047 0.08476254
v 0.06279018 -0.04100534 0.08476255
v 0.07113291 -0.02330668 0.08491668
v 0.06890765 -0.02925186 0.08492047
v 0.07093503 -0.02433654 0.08476255
v 0.07093503 -0.02433654 0.08476255
v 0.06890765 -0.02925186 0.08492047
v 0.06868247 -0.03011766 0.08474831
v 0.07403459 -0.01101232 0.08491175
v 0.07285286 -0.01716802 0.08491245
v 0.07268879 -0.01841120 0.08479574
v 0.07403459 -0.01101232 0.08491175
v 0.07268879 -0.01841120 0.08479574
v 0.07395894 -0.01237510 0.08479215
v 0.07469708 -0.00488307 0.08491567
v 0.07403459 -0.01101232 0.08491175
v 0.07395894 -0.01237510 0.08479215
v 0.07469708 -0.00488307 0.08491567
v 0.07395894 -0.01237510 0.08479215
v 0.07473598 -0.00619312 0.08476560
v 0.07471935 0.00608413 0.08483450
v 0.07484464 0.00138364 0.08491555
v 0.07499356 -0.00001236 0.08476281
v 0.07355193 0.01390417 0.08491129
v 0.07471935 0.00608413 0.08483450
v 0.07395949 0.01237310 0.08479176
v 0.05919993 0.04596872 0.08485339
v 0.06269937 0.04093005 0.08488914
v 0.06278190 0.04101982 0.08476062
v 0.02165278 0.07166379 0.08491550
v 0.02438056 0.07088194 0.08484232
v 0.01849851 0.07255751 0.08488815
v 0.01849851 0.07255751 0.08488815
v 0.02438056 0.07088194 0.08484232
v 0.01839565 0.07270246 0.08476254
v -0.01824008 0.07270049 0.08485668
v -0.00942780 0.07426101 0.08490845
v -0.01230982 0.07396984 0.08479215
v -0.07353170 0.01401080 0.08491178
v -0.07211330 0.02006372 0.08490807
v -0.07268879 0.01841121 0.08479573
v -0.07353170 0.01401080 0.08491178
v -0.07268879 0.01841121 0.08479573
v -0.07395894 0.01237511 0.08479215
v -0.07445781 0.00770964 0.08491322
v -0.07353170 0.01401080 0.08491178
v -0.07395894 0.01237511 0.08479215
v -0.07445781 0.00770964 0.08491322
v -0.07395894 0.01237511 0.08479215
v -0.07473870 0.00617832 0.08476254
v -0.07470203 -0.00483672 0.08491609
v -0.07484263 0.00141758 0.08491325
v -0.07499214 0.00000032 0.08476558
v -0.07470203 -0.00483672 0.08491609
v -0.07499214 0.00000032 0.08476558
v -0.07473844 -0.00618059 0.08476283
v -0.07404705 -0.01094730 0.08491317
v -0.07470203 -0.00483672 0.08491609
v -0.07395949 -0.01237309 0.08479176
v -0.07395949 -0.01237309 0.08479176
v -0.07470203 -0.00483672 0.08491609
v -0.07473844 -0.00618059 0.08476283
v -0.05954613 -0.04535019 0.08491835
v -0.06313488 -0.04020510 0.08491724
v -0.06278190 -0.04101981 0.08476062
v -0.05954613 -0.04535019 0.08491835
v -0.06278190 -0.04101981 0.08476062
v -0.05917954 -0.04606087 0.08476560
v -0.05553802 -0.05017815 0.08491963
v -0.05954613 -0.04535019 0.08491835
v -0.05917954 -0.04606087 0.08476560
v -0.05553802 -0.05017815 0.08491963
v -0.05917954 -0.04606087 0.08476560
v -0.05517373 -0.05079055 0.08476560
v -0.04637639 -0.05874965 0.08492262
v -0.05113800 -0.05465519 0.08492105
v -0.05080087 -0.05516617 0.08476283
v -0.04637639 -0.05874965 0.08492262
v -0.05080087 -0.05516617 0.08476283
v -0.04607174 -0.05917286 0.08476283
v -0.03023513 -0.06847939 0.08492839
v -0.03591266 -0.06567246 0.08492675
v -0.03568011 -0.06596191 0.08476254
v -0.03023513 -0.06847939 0.08492839
v -0.03568011 -0.06596191 0.08476254
v -0.03011768 -0.06868246 0.08474831
v -0.01235166 -0.07383635 0.08493234
v -0.01845007 -0.07255048 0.08493131
v -0.01837823 -0.07270034 0.08479177
v -0.01235166 -0.07383635 0.08493234
v -0.01837823 -0.07270034 0.08479177
v -0.01234572 -0.07396092 0.08479572
v 0.00619250 -0.07473602 0.08476560
v 0.01230982 -0.07396983 0.08479215
v 0.00626682 -0.07459544 0.08493689
v 0.00626682 -0.07459544 0.08493689
v 0.01230982 -0.07396983 0.08479215
v 0.01231269 -0.07384793 0.08493266
v 0.02436427 -0.07092550 0.08476255
v 0.03012369 -0.06867594 0.08476560
v 0.03020334 -0.06848784 0.08492895
v 0.02436427 -0.07092550 0.08476255
v 0.03020334 -0.06848784 0.08492895
v 0.02439585 -0.07076616 0.08493058
v 0.04102990 -0.06277413 0.08476255
v 0.04606084 -0.05917954 0.08476559
v 0.04630336 -0.05880930 0.08492402
v 0.04102990 -0.06277413 0.08476255
v 0.04630336 -0.05880930 0.08492402
v 0.04120642 -0.06248691 0.08492561
v 0.05548172 -0.05024291 0.08492116
v 0.05107336 -0.05471787 0.08492252
v 0.05078266 -0.05518291 0.08476283
v 0.05548172 -0.05024291 0.08492116
v 0.05078266 -0.05518291 0.08476283
v 0.05516615 -0.05080087 0.08476283
v 0.05516615 -0.05080087 0.08476283
v 0.05918951 -0.04605047 0.08476254
v 0.05949773 -0.04541653 0.08491995
v 0.05516615 -0.05080087 0.08476283
v 0.05949773 -0.04541653 0.08491995
v 0.05548172 -0.05024291 0.08492116
v 0.06624564 -0.03484765 0.08491801
v 0.06309386 -0.04027279 0.08491890
v 0.06279018 -0.04100534 0.08476255
v 0.06624564 -0.03484765 0.08491801
v 0.06279018 -0.04100534 0.08476255
v 0.06595345 -0.03569260 0.08476560
v 0.06595345 -0.03569260 0.08476560
v 0.06868247 -0.03011766 0.08474831
v 0.06890765 -0.02925186 0.08492047
v 0.06595345 -0.03569260 0.08476560
v 0.06890765 -0.02925186 0.08492047
v 0.06624564 -0.03484765 0.08491801
v 0.07093503 -0.02433654 0.08476255
v 0.07268879 -0.01841120 0.08479574
v 0.07113291 -0.02330668 0.08491668
v 0.07113291 -0.02330668 0.08491668
v 0.07268879 -0.01841120 0.08479574
v 0.07285286 -0.01716802 0.08491245
v 0.07473598 -0.00619312 0.08476560
v 0.07499356 -0.00001236 0.08476281
v 0.07484464 0.00138364 0.08491555
v 0.07473598 -0.00619312 0.08476560
v 0.07484464 0.00138364 0.08491555
v 0.07469708 -0.00488307 0.08491567
v 0.07267828 0.01831630 0.08485395
v 0.07355193 0.01390417 0.08491129
v 0.07395949 0.01237310 0.08479176
v 0.06590098 0.03570400 0.08485355
v 0.06278190 0.04101982 0.08476062
v 0.06269937 0.04093005 0.08488914
v 0.01839565 0.07270246 0.08476254
v 0.01227211 0.07394800 0.08484789
v 0.01849851 0.07255751 0.08488815
v -0.00621168 0.07469463 0.08485284
v -0.01230982 0.07396984 0.08479215
v -0.00942780 0.07426101 0.08490845
v -0.07094506 0.02420017 0.08484835
v -0.07268879 0.01841121 0.08479573
v -0.07211330 0.02006372 0.08490807
v -0.07473870 0.00617832 0.08476254
v -0.07499214 0.00000032 0.08476558
v -0.07484263 0.00141758 0.08491325
v -0.07473870 0.00617832 0.08476254
v -0.07484263 0.00141758 0.08491325
v -0.07445781 0.00770964 0.08491322
v -0.07284946 -0.01720081 0.08491426
v -0.07404705 -0.01094730 0.08491317
v -0.07395949 -0.01237309 0.08479176
v -0.07284946 -0.01720081 0.08491426
v -0.07395949 -0.01237309 0.08479176
v -0.07269748 -0.01840917 0.08476560
v -0.06868209 -0.03011321 0.08476284
v -0.06595597 -0.03569359 0.08475077
v -0.06625480 -0.03484114 0.08491972
v -0.06595597 -0.03569359 0.08475077
v -0.06278190 -0.04101981 0.08476062
v -0.06625480 -0.03484114 0.08491972
v -0.06625480 -0.03484114 0.08491972
v -0.06278190 -0.04101981 0.08476062
v -0.06313488 -0.04020510 0.08491724
v -0.05517373 -0.05079055 0.08476560
v -0.05080087 -0.05516617 0.08476283
v -0.05113800 -0.05465519 0.08492105
v -0.05517373 -0.05079055 0.08476560
v -0.05113800 -0.05465519 0.08492105
v -0.05553802 -0.05017815 0.08491963
v -0.04123365 -0.06246931 0.08492396
v -0.04637639 -0.05874965 0.08492262
v -0.04607174 -0.05917286 0.08476283
v -0.04123365 -0.06246931 0.08492396
v -0.04607174 -0.05917286 0.08476283
v -0.04102795 -0.06277531 0.08476284
v -0.04102795 -0.06277531 0.08476284
v -0.03568011 -0.06596191 0.08476254
v -0.03591266 -0.06567246 0.08492675
v -0.04102795 -0.06277531 0.08476284
v -0.03591266 -0.06567246 0.08492675
v -0.04123365 -0.06246931 0.08492396
v -0.02445343 -0.07074473 0.08492952
v -0.03023513 -0.06847939 0.08492839
v -0.02435021 -0.07092876 0.08476560
v -0.03011768 -0.06868246 0.08474831
v -0.02435021 -0.07092876 0.08476560
v -0.01837823 -0.07270034 0.08479177
v -0.02445343 -0.07074473 0.08492952
v -0.02445343 -0.07074473 0.08492952
v -0.01837823 -0.07270034 0.08479177
v -0.01845007 -0.07255048 0.08493131
v -0.00617395 -0.07460993 0.08493303
v -0.01235166 -0.07383635 0.08493234
v -0.01234572 -0.07396092 0.08479572
v -0.00617395 -0.07460993 0.08493303
v -0.01234572 -0.07396092 0.08479572
v -0.00622540 -0.07472826 0.08479216
v 0.00003193 -0.07485529 0.08493631
v -0.00617395 -0.07460993 0.08493303
v -0.00622540 -0.07472826 0.08479216
v 0.00003193 -0.07485529 0.08493631
v -0.00622540 -0.07472826 0.08479216
v -0.00000031 -0.07499213 0.08476558
v 0.00941201 0.07428450 0.08493330
v 0.01558986 0.07321211 0.08494823
v 0.01227211 0.07394800 0.08484789
v 0.01227211 0.07394800 0.08484789
v 0.00621664 0.07470340 0.08483904
v 0.00941201 0.07428450 0.08493330
v 0.00941201 0.07428450 0.08493330
v 0.00621664 0.07470340 0.08483904
v 0.00316303 0.07481153 0.08493330
v 0.00621664 0.07470340 0.08483904
v -0.00002265 0.07495246 0.08485284
v 0.00316303 0.07481153 0.08493330
v 0.00316303 0.07481153 0.08493330
v -0.00002265 0.07495246 0.08485284
v -0.00310813 0.07481384 0.08493330
v -0.00310813 0.07481384 0.08493330
v -0.00002265 0.07495246 0.08485284
v -0.00621168 0.07469463 0.08485284
v -0.00942780 0.07426101 0.08490845
v -0.00310813 0.07481384 0.08493330
v -0.00621168 0.07469463 0.08485284
v -0.01554121 0.07324780 0.08493330
v -0.00942780 0.07426101 0.08490845
v -0.01824008 0.07270049 0.08485668
v -0.02161592 0.07169046 0.08493330
v -0.01554121 0.07324780 0.08493330
v -0.01824008 0.07270049 0.08485668
v -0.02161592 0.07169046 0.08493330
v -0.01824008 0.07270049 0.08485668
v -0.02441125 0.07088276 0.08483341
v -0.02161592 0.07169046 0.08493330
v -0.02441125 0.07088276 0.08483341
v -0.02753902 0.06963026 0.08493330
v -0.02753902 0.06963026 0.08493330
v -0.02441125 0.07088276 0.08483341
v -0.03012711 0.06863098 0.08485291
v -0.03012711 0.06863098 0.08485291
v -0.03326894 0.06708166 0.08493330
v -0.02753902 0.06963026 0.08493330
v -0.03012711 0.06863098 0.08485291
v -0.03559355 0.06597007 0.08484792
v -0.03326894 0.06708166 0.08493330
v -0.03326894 0.06708166 0.08493330
v -0.03559355 0.06597007 0.08484792
v -0.03876551 0.06406252 0.08493330
v -0.03876551 0.06406252 0.08493330
v -0.03559355 0.06597007 0.08484792
v -0.04112068 0.06267435 0.08484783
v -0.04112068 0.06267435 0.08484783
v -0.04399017 0.06059402 0.08493330
v -0.03876551 0.06406252 0.08493330
v -0.04112068 0.06267435 0.08484783
v -0.04600088 0.05916749 0.08486131
v -0.04399017 0.06059402 0.08493330
v -0.04399017 0.06059402 0.08493330
v -0.04600088 0.05916749 0.08486131
v -0.04890626 0.05670051 0.08493330
v -0.04890626 0.05670051 0.08493330
v -0.04600088 0.05916749 0.08486131
v -0.05068674 0.05523581 0.08483415
v -0.05068674 0.05523581 0.08483415
v -0.05347932 0.05240929 0.08493330
v -0.04890626 0.05670051 0.08493330
v -0.05068674 0.05523581 0.08483415
v -0.05508424 0.05083925 0.08484812
v -0.05347932 0.05240929 0.08493330
v -0.05347932 0.05240929 0.08493330
v -0.05508424 0.05083925 0.08484812
v -0.05767726 0.04775043 0.08493330
v -0.05767726 0.04775043 0.08493330
v -0.05508424 0.05083925 0.08484812
v -0.05924299 0.04592604 0.08484803
v -0.05924299 0.04592604 0.08484803
v -0.06147062 0.04275667 0.08493330
v -0.05767726 0.04775043 0.08493330
v -0.05924299 0.04592604 0.08484803
v -0.06283324 0.04087664 0.08484809
v -0.06147062 0.04275667 0.08493330
v -0.06147062 0.04275667 0.08493330
v -0.06283324 0.04087664 0.08484809
v -0.06483283 0.03746298 0.08493330
v -0.06483283 0.03746298 0.08493330
v -0.06283324 0.04087664 0.08484809
v -0.06592716 0.03565588 0.08485345
v -0.06592716 0.03565588 0.08485345
v -0.06774027 0.03190653 0.08493330
v -0.06483283 0.03746298 0.08493330
v -0.06592716 0.03565588 0.08485345
v -0.06870434 0.02997646 0.08484827
v -0.06774027 0.03190653 0.08493330
v -0.06774027 0.03190653 0.08493330
v -0.06870434 0.02997646 0.08484827
v -0.07017256 0.02612626 0.08493330
v -0.07017256 0.02612626 0.08493330
v -0.06870434 0.02997646 0.08484827
v -0.07094506 0.02420017 0.08484835
v -0.07094506 0.02420017 0.08484835
v -0.07211330 0.02006372 0.08490807
v -0.07017256 0.02612626 0.08493330
v 0.07471935 0.00608413 0.08483450
v 0.07355193 0.01390417 0.08491129
v 0.07447105 0.00779960 0.08493330
v 0.07447105 0.00779960 0.08493330
v 0.07484464 0.00138364 0.08491555
v 0.07471935 0.00608413 0.08483450
v 0.07212743 0.02010982 0.08493330
v 0.07355193 0.01390417 0.08491129
v 0.07267828 0.01831630 0.08485395
v 0.07019172 0.02607476 0.08493330
v 0.07212743 0.02010982 0.08493330
v 0.07096068 0.02415166 0.08484902
v 0.07096068 0.02415166 0.08484902
v 0.07212743 0.02010982 0.08493330
v 0.07267828 0.01831630 0.08485395
v 0.06869689 0.03001364 0.08483424
v 0.06590098 0.03570400 0.08485355
v 0.06776367 0.03185680 0.08493330
v 0.06776367 0.03185680 0.08493330
v 0.07019172 0.02607476 0.08493330
v 0.06869689 0.03001364 0.08483424
v 0.06869689 0.03001364 0.08483424
v 0.07019172 0.02607476 0.08493330
v 0.07096068 0.02415166 0.08484902
v 0.06590098 0.03570400 0.08485355
v 0.06269937 0.04093005 0.08488914
v 0.06486031 0.03741539 0.08493330
v 0.06486031 0.03741539 0.08493330
v 0.06776367 0.03185680 0.08493330
v 0.06590098 0.03570400 0.08485355
v 0.06150199 0.04271154 0.08493330
v 0.06486031 0.03741539 0.08493330
v 0.06269937 0.04093005 0.08488914
v 0.05771229 0.04770809 0.08493330
v 0.06150199 0.04271154 0.08493330
v 0.05919993 0.04596872 0.08485339
v 0.05919993 0.04596872 0.08485339
v 0.06150199 0.04271154 0.08493330
v 0.06269937 0.04093005 0.08488914
v 0.05351777 0.05237002 0.08493330
v 0.05771229 0.04770809 0.08493330
v 0.05520176 0.05070049 0.08485330
v 0.05520176 0.05070049 0.08485330
v 0.05771229 0.04770809 0.08493330
v 0.05919993 0.04596872 0.08485339
v 0.04894787 0.05666460 0.08493330
v 0.05351777 0.05237002 0.08493330
v 0.05091198 0.05501646 0.08484857
v 0.05091198 0.05501646 0.08484857
v 0.05351777 0.05237002 0.08493330
v 0.05520176 0.05070049 0.08485330
v 0.04403463 0.06056172 0.08493330
v 0.04894787 0.05666460 0.08493330
v 0.04619473 0.05903305 0.08484853
v 0.04619473 0.05903305 0.08484853
v 0.04894787 0.05666460 0.08493330
v 0.05091198 0.05501646 0.08484857
v 0.03881252 0.06403405 0.08493330
v 0.04403463 0.06056172 0.08493330
v 0.04116199 0.06264628 0.08484847
v 0.04116199 0.06264628 0.08484847
v 0.04403463 0.06056172 0.08493330
v 0.04619473 0.05903305 0.08484853
v 0.03331816 0.06705723 0.08493330
v 0.03881252 0.06403405 0.08493330
v 0.03563705 0.06594727 0.08484747
v 0.03563705 0.06594727 0.08484747
v 0.03881252 0.06403405 0.08493330
v 0.04116199 0.06264628 0.08484847
v 0.02759011 0.06961004 0.08493330
v 0.03331816 0.06705723 0.08493330
v 0.03006979 0.06866482 0.08484744
v 0.03006979 0.06866482 0.08484744
v 0.03331816 0.06705723 0.08493330
v 0.03563705 0.06594727 0.08484747
v 0.02165278 0.07166379 0.08491550
v 0.01849851 0.07255751 0.08488815
v 0.01558986 0.07321211 0.08494823
v 0.01558986 0.07321211 0.08494823
v 0.01849851 0.07255751 0.08488815
v 0.01227211 0.07394800 0.08484789
v 0.02165278 0.07166379 0.08491550
v 0.02759011 0.06961004 0.08493330
v 0.02438056 0.07088194 0.08484232
v 0.02438056 0.07088194 0.08484232
v 0.02759011 0.06961004 0.08493330
v 0.03006979 0.06866482 0.08484744
v 0.05790300 -0.06372739 0.01599918
v 0.06000983 -0.06434202 0.01599918
v 0.05627357 -0.05819960 0.01599950
v -0.05627476 0.05820020 0.01599820
v -0.05589997 0.06040525 0.01599962
v -0.05638525 0.06214194 0.01599970
v 0.06214168 0.05638572 0.01599917
v 0.06372739 0.05790300 0.01599917
v 0.05763265 0.05668913 0.01599977
v 0.05589993 0.05980134 0.01599962
v 0.05638568 0.05806490 0.01599917
v 0.05589997 -0.06040525 0.01599963
v 0.05638572 -0.06214168 0.01599917
v 0.06434206 -0.06019675 0.01599917
v 0.06382091 -0.05806486 0.01599917
v 0.05806486 0.06382091 0.01599917
v 0.05627472 0.06200639 0.01599820
v 0.06230360 0.06372743 0.01599917
v 0.06019675 0.06434206 0.01599917
v -0.06000983 0.06434203 0.01599917
v -0.06214172 0.06382088 0.01599917
v -0.05980134 0.05589994 0.01599962
v -0.05806490 0.05638568 0.01599917
v -0.06434206 0.06019675 0.01599917
v -0.06382091 0.05806487 0.01599917
v -0.06200639 0.05627472 0.01599820
v -0.06372743 0.06230360 0.01599917
v 0.06382088 0.06214172 0.01599917
v 0.05980134 -0.05589993 0.01599962
v 0.05806490 -0.05638568 0.01599917
v 0.05962441 0.05585476 0.01599820
v 0.06214172 -0.06382088 0.01599918
v 0.06372743 -0.06230360 0.01599917
v 0.06434202 0.06000983 0.01599917
v 0.06200639 -0.05627472 0.01599820
v -0.05790300 0.06372739 0.01599917
v 0.07983163 0.05149442 -0.00000000
v 0.08328720 0.04556443 0.01756708
v 0.08341669 0.04545792 -0.00000000
v -0.08920276 0.03267464 -0.00000000
v -0.08657793 0.03896322 0.01751769
v -0.08654603 0.03917333 -0.00000000
v -0.06901027 -0.06528666 0.00000000
v -0.07353327 -0.06007285 0.01746315
v -0.07364339 -0.06001181 0.00000000
v -0.09492877 -0.00191883 0.01748047
v -0.09485281 0.00526399 -0.00000000
v -0.09498254 -0.00175571 0.00000000
v 0.00351036 0.09493389 -0.00000000
v 0.01045346 0.09437261 0.01746005
v 0.01051186 0.09441539 -0.00000000
v 0.06120420 0.07258925 0.01748052
v 0.06655070 0.06779210 -0.00000000
v 0.06136236 0.07252189 -0.00000000
v -0.02430477 0.09183704 -0.00000000
v -0.01764641 0.09328706 0.01751768
v -0.01745591 0.09338124 -0.00000000
v 0.09034919 -0.02935620 0.00000000
v 0.08793601 -0.03582300 0.01744045
v 0.08793443 -0.03594860 0.00000000
v -0.06655074 0.06779206 -0.00000000
v -0.06144043 0.07237365 0.01756720
v -0.06136232 0.07252192 -0.00000000
v 0.04390876 0.08424241 -0.00000000
v 0.04980617 0.08082833 0.01751761
v 0.05001034 0.08076962 -0.00000000
v -0.07364339 -0.06001181 0.00000000
v -0.07773389 -0.05450058 0.01756713
v -0.07787434 -0.05440911 0.00000000
v 0.01742994 0.09331348 0.01769917
v 0.08909861 0.03281146 0.01748042
v 0.09137223 0.02599767 -0.00000000
v 0.08920273 0.03267473 -0.00000000
v -0.08654603 0.03917333 -0.00000000
v -0.08345068 0.04528950 0.01748037
v -0.08341670 0.04545790 -0.00000000
v -0.05844420 -0.07482075 0.01751768
v -0.05864063 -0.07473981 0.00000000
v -0.05296072 -0.07886652 0.00000000
v -0.05012336 0.08063996 0.01748041
v -0.04390882 0.08424238 -0.00000000
v -0.05001043 0.08076956 -0.00000000
v -0.08155244 -0.04862462 0.01748047
v -0.08503939 -0.04234462 0.00000000
v -0.08167989 -0.04850938 0.00000000
v 0.06655070 0.06779210 -0.00000000
v 0.07119737 0.06280770 0.01751763
v 0.07137561 0.06269200 -0.00000000
v -0.06400021 -0.07020496 0.00000000
v -0.06874137 -0.06546664 0.01768965
v -0.06901027 -0.06528666 0.00000000
v -0.03427508 -0.08853646 0.01755479
v -0.04076590 -0.08580738 0.00000000
v -0.03431745 -0.08858373 0.00000000
v 0.09137223 0.02599767 -0.00000000
v 0.09298397 0.01922098 0.01746003
v 0.09304271 0.01917865 -0.00000000
v -0.09485281 0.00526399 -0.00000000
v -0.09417431 0.01204452 0.01751764
v -0.09420502 0.01225476 -0.00000000
v 0.01399346 -0.09396248 0.00000000
v 0.00585873 -0.09484103 0.01563182
v 0.00540867 -0.09486839 0.00000000
v 0.07370783 -0.05985239 0.01748046
v 0.06901032 -0.06528661 0.00000000
v 0.07364343 -0.06001175 0.00000000
v 0.06901032 -0.06528661 0.00000000
v 0.06405558 -0.07009217 0.01744048
v 0.06400027 -0.07020491 0.00000000
v -0.01745591 0.09338124 -0.00000000
v -0.01066953 0.09434678 0.01748043
v -0.01051183 0.09441540 -0.00000000
v -0.06136232 0.07252192 -0.00000000
v -0.05598350 0.07666673 0.01768136
v -0.05583889 0.07685560 -0.00000000
v 0.01745587 0.09338125 -0.00000000
v 0.01045346 0.09437261 0.01746005
v 0.01742994 0.09331348 0.01769917
v 0.00540867 -0.09486839 0.00000000
v -0.00194547 -0.09498749 0.01563545
v -0.00471761 -0.09493263 0.00000000
v -0.07983166 0.05149436 -0.00000000
v -0.07588796 0.05705163 0.01751765
v -0.07581066 0.05724954 -0.00000000
v -0.05864063 -0.07473981 0.00000000
v -0.06381035 -0.07030015 0.01751770
v -0.06400021 -0.07020496 0.00000000
v -0.09218214 -0.02275097 0.01748048
v -0.09368785 -0.01572745 0.00000000
v -0.09227051 -0.02260351 0.00000000
v 0.09420501 0.01225483 -0.00000000
v 0.09298397 0.01922098 0.01746003
v 0.09410102 0.01238903 0.01781006
v 0.02430471 0.09183706 -0.00000000
v 0.03085330 0.08978276 0.01756712
v 0.03102062 0.08979135 -0.00000000
v -0.04076590 -0.08580738 0.00000000
v -0.04682382 -0.08259954 0.01748039
v -0.04699165 -0.08256240 0.00000000
v -0.07787434 -0.05440911 0.00000000
v -0.08155244 -0.04862462 0.01748047
v -0.08167989 -0.04850938 0.00000000
v 0.07567119 0.05735002 0.01748047
v 0.07983163 0.05149442 -0.00000000
v 0.07581063 0.05724958 -0.00000000
v 0.09368786 -0.01572739 0.00000000
v -0.02430477 0.09183704 -0.00000000
v -0.03098640 0.08974621 0.01750735
v -0.02434560 0.09174146 0.01780094
v 0.09485281 0.00526405 -0.00000000
v 0.09493456 -0.00170118 0.01746009
v 0.09498254 -0.00175543 0.00000000
v 0.05001034 0.08076962 -0.00000000
v 0.05561452 0.07693481 0.01768135
v 0.05583884 0.07685563 -0.00000000
v 0.08503942 -0.04234456 0.00000000
v 0.08173488 -0.04830407 0.01751768
v 0.08167996 -0.04850925 0.00000000
v -0.03102084 0.08979127 -0.00000000
v -0.03754629 0.08720605 0.01750364
v -0.03098640 0.08974621 0.01750735
v 0.09478258 0.00552935 0.01752096
v 0.09485281 0.00526405 -0.00000000
v 0.09420501 0.01225483 -0.00000000
v 0.08503942 -0.04234456 0.00000000
v 0.08793601 -0.03582300 0.01744045
v 0.08499454 -0.04225080 0.01780097
v 0.05583884 0.07685563 -0.00000000
v 0.06120420 0.07258925 0.01748052
v 0.06136236 0.07252189 -0.00000000
v -0.07144590 0.06253508 0.01748042
v -0.06655074 0.06779206 -0.00000000
v -0.07137560 0.06269202 -0.00000000
v -0.01051183 0.09441540 -0.00000000
v -0.00367261 0.09487711 0.01748044
v -0.00351038 0.09493388 -0.00000000
v -0.02089460 -0.09267243 0.00000000
v -0.02755642 -0.09086624 0.01744048
v -0.02768156 -0.09087627 0.00000000
v -0.07581066 0.05724954 -0.00000000
v -0.07144590 0.06253508 0.01748042
v -0.07137560 0.06269202 -0.00000000
v -0.08793441 -0.03594864 0.00000000
v -0.09021425 -0.02955214 0.01768133
v -0.09034917 -0.02935626 0.00000000
v -0.04390882 0.08424238 -0.00000000
v -0.03754629 0.08720605 0.01750364
v -0.03756748 0.08725509 -0.00000000
v 0.09368786 -0.01572739 0.00000000
v 0.09453826 -0.00877807 0.01750735
v 0.09363301 -0.01569537 0.01755474
v 0.08167996 -0.04850925 0.00000000
v 0.07792682 -0.05424542 0.01748047
v 0.07787433 -0.05440912 0.00000000
v 0.06405558 -0.07009217 0.01744048
v 0.05864069 -0.07473977 0.00000000
v 0.06400027 -0.07020491 0.00000000
v 0.05864069 -0.07473977 0.00000000
v -0.09137225 0.02599761 -0.00000000
v -0.08924315 0.03240325 0.01752093
v -0.08920276 0.03267464 -0.00000000
v 0.05296090 -0.07886639 0.00000000
v 0.04709566 -0.08243100 0.01756709
v 0.04699166 -0.08256240 0.00000000
v -0.09302618 0.01900749 0.01748039
v -0.09137225 0.02599761 -0.00000000
v -0.09304273 0.01917857 -0.00000000
v 0.02768172 -0.09087622 0.00000000
v 0.02104373 -0.09258680 0.01748044
v 0.02089457 -0.09267245 0.00000000
v 0.04699166 -0.08256240 0.00000000
v 0.04089257 -0.08569103 0.01748044
v 0.04076597 -0.08580734 0.00000000
v -0.02089460 -0.09267243 0.00000000
v -0.09368785 -0.01572745 0.00000000
v -0.09451732 -0.00896368 0.01751767
v -0.09459353 -0.00876527 0.00000000
v 0.04089257 -0.08569103 0.01748044
v 0.03431753 -0.08858370 0.00000000
v 0.04076597 -0.08580734 0.00000000
v -0.08345068 0.04528950 0.01748037
v -0.07983166 0.05149436 -0.00000000
v -0.08341670 0.04545790 -0.00000000
v 0.03739652 0.08727344 0.01748050
v 0.04390876 0.08424241 -0.00000000
v 0.03756741 0.08725511 -0.00000000
v 0.07787433 -0.05440912 0.00000000
v 0.07370783 -0.05985239 0.01748046
v 0.07364343 -0.06001175 0.00000000
v -0.09034917 -0.02935626 0.00000000
v -0.09218214 -0.02275097 0.01748048
v -0.09227051 -0.02260351 0.00000000
v 0.07137561 0.06269200 -0.00000000
v 0.07567119 0.05735002 0.01748047
v 0.07581063 0.05724958 -0.00000000
v 0.05862170 -0.07467919 0.01755478
v -0.09420502 0.01225476 -0.00000000
v -0.09302618 0.01900749 0.01748039
v -0.09304273 0.01917857 -0.00000000
v 0.08654599 0.03917342 -0.00000000
v 0.08909861 0.03281146 0.01748042
v 0.08920273 0.03267473 -0.00000000
v 0.08341669 0.04545792 -0.00000000
v 0.08643205 0.03930209 0.01748044
v 0.08654599 0.03917342 -0.00000000
v -0.04682382 -0.08259954 0.01748039
v -0.05296072 -0.07886652 0.00000000
v -0.04699165 -0.08256240 0.00000000
v 0.03431753 -0.08858370 0.00000000
v 0.02786053 -0.09076157 0.01751770
v 0.02768172 -0.09087622 0.00000000
v -0.03431745 -0.08858373 0.00000000
v -0.02755642 -0.09086624 0.01744048
v -0.03427508 -0.08853646 0.01755479
v 0.03102062 0.08979135 -0.00000000
v 0.03739652 0.08727344 0.01748050
v 0.03756741 0.08725511 -0.00000000
v -0.09459353 -0.00876527 0.00000000
v -0.09492877 -0.00191883 0.01748047
v -0.09498254 -0.00175571 0.00000000
v -0.08503939 -0.04234462 0.00000000
v -0.08780374 -0.03611614 0.01751766
v -0.08793441 -0.03594864 0.00000000
v 0.09227053 -0.02260344 0.00000000
v 0.09035517 -0.02911842 0.01768136
v 0.09034919 -0.02935620 0.00000000
v -0.00670321 -0.09471820 0.01743017
v -0.01399351 -0.09396248 0.00000000
v -0.00471761 -0.09493263 0.00000000
v -0.05583889 0.07685560 -0.00000000
v -0.05012336 0.08063996 0.01748041
v -0.05001043 0.08076956 -0.00000000
v 0.09459352 -0.00876541 0.00000000
v 0.09493456 -0.00170118 0.01746009
v 0.09453826 -0.00877807 0.01750735
v -0.00351038 0.09493388 -0.00000000
v 0.02089457 -0.09267245 0.00000000
v 0.02104373 -0.09258680 0.01748044
v 0.01414841 -0.09388810 0.01748047
v 0.07974460 0.05152586 0.01759948
v -0.08924315 0.03240325 0.01752093
v -0.06874137 -0.06546664 0.01768965
v -0.09479775 0.00503257 0.01768132
v 0.00327997 0.09487456 0.01768134
v 0.06634051 0.06790346 0.01768127
v -0.02430477 0.09183704 -0.00000000
v -0.02434560 0.09174146 0.01780094
v -0.01764641 0.09328706 0.01751768
v 0.09035517 -0.02911842 0.01768136
v -0.06656400 0.06770045 0.01759939
v 0.04367524 0.08428768 0.01768135
v -0.07353327 -0.06007285 0.01746315
v 0.09124463 0.02619841 0.01768137
v -0.08654603 0.03917333 -0.00000000
v -0.08657793 0.03896322 0.01751769
v -0.08345068 0.04528950 0.01748037
v -0.05012336 0.08063996 0.01748041
v -0.04394811 0.08415865 0.01759947
v -0.04390882 0.08424238 -0.00000000
v -0.08487705 -0.04251853 0.01768136
v 0.06655070 0.06779210 -0.00000000
v 0.06634051 0.06790346 0.01768127
v 0.07119737 0.06280770 0.01751763
v -0.06381035 -0.07030015 0.01751770
v -0.04053084 -0.08584400 0.01768128
v 0.09124463 0.02619841 0.01768137
v -0.09479775 0.00503257 0.01768132
v 0.01399346 -0.09396248 0.00000000
v 0.01414841 -0.09388810 0.01748047
v 0.00585873 -0.09484103 0.01563182
v 0.06911775 -0.06507439 0.01768134
v 0.06911775 -0.06507439 0.01768134
v -0.01764641 0.09328706 0.01751768
v -0.06144043 0.07237365 0.01756720
v 0.01051186 0.09441539 -0.00000000
v 0.00540867 -0.09486839 0.00000000
v 0.00585873 -0.09484103 0.01563182
v -0.00194547 -0.09498749 0.01563545
v -0.07989829 0.05126602 0.01768131
v -0.05864063 -0.07473981 0.00000000
v -0.05844420 -0.07482075 0.01751768
v -0.06381035 -0.07030015 0.01751770
v -0.09358323 -0.01594111 0.01768127
v 0.09420501 0.01225483 -0.00000000
v 0.09304271 0.01917865 -0.00000000
v 0.09298397 0.01922098 0.01746003
v 0.02422961 0.09180420 0.01750263
v -0.04053084 -0.08584400 0.01768128
v -0.07773389 -0.05450058 0.01756713
v 0.07974460 0.05152586 0.01759948
v -0.03102084 0.08979127 -0.00000000
v 0.09478258 0.00552935 0.01752096
v 0.04980617 0.08082833 0.01751761
v 0.08503942 -0.04234456 0.00000000
v 0.08499454 -0.04225080 0.01780097
v 0.08173488 -0.04830407 0.01751768
v -0.03756748 0.08725509 -0.00000000
v 0.08503942 -0.04234456 0.00000000
v 0.08793443 -0.03594860 0.00000000
v 0.08793601 -0.03582300 0.01744045
v 0.05583884 0.07685563 -0.00000000
v 0.05561452 0.07693481 0.01768135
v 0.06120420 0.07258925 0.01748052
v -0.06656400 0.06770045 0.01759939
v -0.01051183 0.09441540 -0.00000000
v -0.01066953 0.09434678 0.01748043
v -0.00367261 0.09487711 0.01748044
v -0.02089460 -0.09267243 0.00000000
v -0.02068248 -0.09266125 0.01751764
v -0.02755642 -0.09086624 0.01744048
v -0.07588796 0.05705163 0.01751765
v -0.08780374 -0.03611614 0.01751766
v -0.04394811 0.08415865 0.01759947
v 0.09459352 -0.00876541 0.00000000
v 0.08173488 -0.04830407 0.01751768
v -0.09137225 0.02599761 -0.00000000
v -0.09138971 0.02567446 0.01768963
v -0.08924315 0.03240325 0.01752093
v 0.05299068 -0.07877882 0.01759945
v -0.09138971 0.02567446 0.01768963
v 0.02786053 -0.09076157 0.01751770
v 0.04699166 -0.08256240 0.00000000
v 0.04709566 -0.08243100 0.01756709
v 0.04089257 -0.08569103 0.01748044
v -0.09358323 -0.01594111 0.01768127
v 0.03450568 -0.08843811 0.01768132
v -0.07989829 0.05126602 0.01768131
v 0.04367524 0.08428768 0.01768135
v 0.07792682 -0.05424542 0.01748047
v -0.09034917 -0.02935626 0.00000000
v -0.09021425 -0.02955214 0.01768133
v -0.09218214 -0.02275097 0.01748048
v 0.07137561 0.06269200 -0.00000000
v 0.07119737 0.06280770 0.01751763
v 0.07567119 0.05735002 0.01748047
v -0.09420502 0.01225476 -0.00000000
v -0.09417431 0.01204452 0.01751764
v -0.09302618 0.01900749 0.01748039
v 0.08654599 0.03917342 -0.00000000
v 0.08643205 0.03930209 0.01748044
v 0.08909861 0.03281146 0.01748042
v 0.08341669 0.04545792 -0.00000000
v 0.08328720 0.04556443 0.01756708
v 0.08643205 0.03930209 0.01748044
v -0.05273373 -0.07893728 0.01768128
v 0.03431753 -0.08858370 0.00000000
v 0.03450568 -0.08843811 0.01768132
v 0.02786053 -0.09076157 0.01751770
v -0.03431745 -0.08858373 0.00000000
v -0.02768156 -0.09087627 0.00000000
v -0.02755642 -0.09086624 0.01744048
v 0.03085330 0.08978276 0.01756712
v -0.09451732 -0.00896368 0.01751767
v -0.08503939 -0.04234462 0.00000000
v -0.08487705 -0.04251853 0.01768136
v -0.08780374 -0.03611614 0.01751766
v 0.09225891 -0.02236593 0.01768132
v -0.05598350 0.07666673 0.01768136
v 0.09498254 -0.00175543 0.00000000
f 1 2 3
f 4 5 3
f 6 7 3
f 5 8 3
f 9 10 3
f 10 11 3
f 7 4 3
f 11 12 3
f 8 9 3
f 12 1 3
f 13 14 15
f 16 17 18
f 19 20 21
f 22 23 24
f 25 26 27
f 28 29 30
f 31 32 33
f 34 35 36
f 37 38 39
f 40 41 42
f 43 44 45
f 46 47 48
f 49 50 51
f 52 53 54
f 55 56 57
f 58 59 60
f 61 62 63
f 64 65 66
f 67 68 69
f 70 71 72
f 73 74 75
f 76 77 78
f 79 80 81
f 82 83 84
f 85 86 87
f 88 89 90
f 91 92 93
f 94 95 96
f 97 98 99
f 100 101 102
f 103 104 105
f 106 107 108
f 109 110 111
f 112 113 114
f 115 116 117
f 118 119 120
f 121 122 123
f 124 125 126
f 127 128 129
f 130 131 132
f 133 134 135
f 136 137 138
f 139 140 141
f 142 143 144
f 145 146 147
f 148 149 150
f 151 152 153
f 154 155 156
f 157 158 159
f 160 161 162
f 163 164 165
f 166 167 168
f 169 170 171
f 172 173 174
f 175 176 177
f 178 179 180
f 181 182 183
f 184 185 186
f 187 188 189
f 190 191 192
f 193 194 195
f 196 197 198
f 199 200 201
f 202 203 204
f 205 206 207
f 208 209 210
f 211 212 213
f 214 215 216
f 217 218 219
f 220 221 222
f 223 224 225
f 226 227 228
f 229 230 231
f 232 233 234
f 235 236 237
f 238 239 240
f 241 242 243
f 244 245 246
f 247 248 249
f 250 251 252
f 253 254 255
f 256 257 258
f 259 260 261
f 262 263 264
f 265 266 267
f 268 269 270
f 271 272 273
f 274 275 276
f 277 278 279
f 280 281 282
f 283 284 285
f 286 287 288
f 289 290 291
f 292 293 294
f 295 296 297
f 298 299 300
f 301 302 303
f 301 303 304
f 304 303 305
f 304 305 306
f 304 306 307
f 304 307 308
f 308 307 309
f 308 309 310
f 310 309 311
f 310 311 312
f 312 311 313
f 312 313 314
f 312 314 315
f 312 315 316
f 316 315 317
f 316 317 318
f 318 317 319
f 318 319 320
f 318 320 321
f 321 320 322
f 321 322 323
f 321 323 324
f 324 323 325
f 324 325 326
f 326 325 327
f 326 327 328
f 326 328 329
f 329 328 330
f 329 330 331
f 329 331 332
f 329 332 333
f 333 332 302
f 333 302 301
f 334 335 336
f 336 335 337
f 336 337 338
f 336 338 339
f 336 339 340
f 340 339 341
f 340 341 342
f 342 341 343
f 342 343 344
f 342 344 345
f 345 344 346
f 345 346 347
f 345 347 348
f 348 347 349
f 348 349 350
f 350 349 351
f 350 351 352
f 350 352 353
f 353 352 354
f 353 354 355
f 353 355 356
f 353 356 357
f 357 356 358
f 357 358 359
f 359 358 360
f 359 360 361
f 361 360 362
f 361 362 363
f 361 363 364
f 361 364 365
f 365 364 366
f 365 366 334
f 334 366 335
f 367 368 369
f 367 369 370
f 370 369 371
f 370 371 372
f 370 372 373
f 373 372 374
f 373 374 375
f 375 374 376
f 375 376 377
f 375 377 378
f 378 377 379
f 378 379 380
f 378 380 381
f 378 381 382
f 382 381 383
f 382 383 384
f 384 383 385
f 384 385 386
f 386 385 387
f 386 387 388
f 386 388 389
f 386 389 390
f 390 389 391
f 390 391 392
f 392 391 393
f 392 393 394
f 394 393 395
f 394 395 396
f 394 396 397
f 394 397 398
f 398 397 399
f 398 399 367
f 367 399 368
f 400 401 402
f 400 402 403
f 403 402 404
f 403 404 405
f 403 405 406
f 403 406 407
f 407 406 408
f 407 408 409
f 409 408 410
f 409 410 411
f 409 411 412
f 412 411 413
f 412 413 414
f 412 414 415
f 415 414 416
f 415 416 417
f 417 416 418
f 417 418 419
f 417 419 420
f 420 419 421
f 420 421 422
f 420 422 423
f 420 423 424
f 424 423 425
f 424 425 426
f 426 425 427
f 426 427 428
f 428 427 429
f 428 429 430
f 428 430 431
f 428 431 432
f 432 431 401
f 432 401 400
f 433 434 435
f 436 437 438
f 439 440 441
f 442 443 444
f 445 446 447
f 448 449 450
f 451 452 453
f 454 455 456
f 457 458 459
f 460 461 462
f 463 464 465
f 466 467 468
f 469 470 471
f 472 473 474
f 475 476 477
f 478 479 480
f 481 482 483
f 484 485 486
f 487 488 489
f 490 491 492
f 493 494 495
f 496 497 498
f 499 500 501
f 502 503 504
f 505 506 507
f 508 509 510
f 511 512 513
f 514 515 516
f 517 518 519
f 520 521 522
f 523 524 525
f 526 527 528
f 529 530 531
f 532 533 534
f 535 536 537
f 538 539 540
f 541 542 543
f 544 545 546
f 547 548 549
f 550 551 552
f 553 554 555
f 556 557 558
f 559 560 561
f 562 563 564
f 565 566 567
f 568 569 570
f 571 572 573
f 574 575 576
f 577 578 579
f 580 581 582
f 583 584 585
f 586 587 588
f 589 590 591
f 592 593 594
f 595 596 597
f 598 599 600
f 601 602 603
f 604 605 606
f 607 608 609
f 610 611 612
f 613 614 615
f 616 617 618
f 619 620 621
f 622 623 624
f 625 626 627
f 628 629 630
f 631 632 633
f 634 635 636
f 637 638 639
f 640 641 642
f 643 644 645
f 646 647 648
f 649 650 651
f 652 653 654
f 655 656 657
f 658 659 660
f 661 662 663
f 664 665 666
f 667 668 669
f 670 671 672
f 673 674 675
f 676 677 678
f 679 680 681
f 682 683 684
f 685 686 687
f 688 689 690
f 691 692 693
f 694 695 696
f 697 698 699
f 700 701 702
f 703 704 705
f 706 707 708
f 709 710 711
f 712 713 714
f 715 716 717
f 718 719 720
f 721 722 723
f 724 725 726
f 727 728 729
f 730 731 732
f 733 734 735
f 736 737 738
f 739 740 741
f 742 743 744
f 745 746 747
f 748 749 750
f 751 752 753
f 754 755 756
f 757 758 759
f 760 761 762
f 763 764 765
f 766 767 768
f 769 770 771
f 772 773 774
f 775 776 777
f 778 779 780
f 781 782 783
f 784 785 786
f 787 788 789
f 790 791 792
f 793 794 795
f 796 797 798
f 799 800 801
f 802 803 804
f 805 806 807
f 808 809 810
f 811 812 813
f 814 815 816
f 817 818 819
f 820 821 822
f 823 824 825
f 826 827 828
f 829 830 831
f 832 833 834
f 835 836 837
f 838 839 840
f 841 842 843
f 844 845 846
f 847 848 849
f 850 851 852
f 853 854 855
f 856 857 858
f 859 860 861
f 862 863 864
f 865 866 867
f 868 869 870
f 871 872 873
f 874 875 876
f 877 878 879
f 880 881 882
f 883 884 885
f 886 887 888
f 889 890 891
f 892 893 894
f 895 896 897
f 898 899 900
f 901 902 903
f 904 905 906
f 907 908 909
f 910 911 912
f 913 914 915
f 916 917 918
f 919 920 921
f 922 923 924
f 925 926 927
f 928 929 930
f 931 932 933
f 934 935 936
f 937 938 939
f 940 941 942
f 943 944 945
f 946 947 948
f 949 950 951
f 952 953 954
f 955 956 957
f 958 959 960
f 961 962 963
f 964 965 966
f 967 968 969
f 970 971 972
f 973 974 975
f 976 977 978
f 979 980 981
f 982 983 984
f 985 986 987
f 988 989 990
f 991 992 993
f 994 995 996
f 997 998 999
f 1000 1001 1002
f 1003 1004 1005
f 1006 1007 1008
f 1009 1010 1011
f 1012 1013 1014
f 1015 1016 1017
f 1018 1019 1020
f 1021 1022 1023
f 1024 1025 1026
f 1027 1028 1029
f 1030 1031 1032
f 1033 1034 1035
f 1036 1037 1038
f 1039 1040 1041
f 1042 1043 1044
f 1045 1046 1047
f 1048 1049 1050
f 1051 1052 1053
f 1054 1055 1056
f 1057 1058 1059
f 1060 1061 1062
f 1063 1064 1065
f 1066 1067 1068
f 1069 1070 1071
f 1072 1073 1074
f 1075 1076 1077
f 1078 1079 1080
f 1081 1082 1083
f 1084 1085 1086
f 1087 1088 1089
f 1090 1091 1092
f 1093 1094 1095
f 1096 1097 1098
f 1099 1100 1101
f 1102 1103 1104
f 1105 1106 1107
f 1108 1109 1110
f 1111 1112 1113
f 1114 1115 1116
f 1117 1118 1119
f 1120 1121 1122
f 1123 1124 1125
f 1126 1127 1128
f 1129 1130 1131
f 1132 1133 1134
f 1135 1136 1137
f 1138 1139 1140
f 1141 1142 1143
f 1144 1145 1146
f 1147 1148 1149
f 1150 1151 1152
f 1153 1154 1155
f 1156 1157 1158
f 1156 1158 1159
f 1160 1161 1162
f 1163 1164 1165
f 1166 1167 1168
f 1169 1170 1171
f 1172 1173 1174
f 1175 1176 1177
f 1178 1179 1180
f 1181 1182 1183
f 1184 1185 1186
f 1187 1188 1189
f 1190 1191 1192
f 1193 1194 1195
f 1196 1197 1198
f 1199 1200 1201
f 1202 1203 1204
f 1205 1206 1207
f 1208 1209 1210
f 1211 1212 1213
f 1214 1215 1216
f 1217 1218 1219
f 1220 1221 1222
f 1223 1224 1225
f 1226 1227 1228
f 1229 1230 1231
f 1232 1233 1234
f 1235 1236 1237
f 1238 1239 1240
f 1241 1242 1243
f 1244 1245 1246
f 1247 1248 1249
f 1250 1251 1252
f 1253 1254 1255
f 1256 1257 1258
f 1259 1260 1261
f 1262 1263 1264
f 1265 1266 1267
f 1268 1269 1270
f 1271 1272 1273
f 1274 1275 1276
f 1277 1278 1279
f 1280 1281 1282
f 1283 1284 1285
f 1286 1287 1288
f 1289 1290 1291
f 1292 1293 1294
f 1295 1296 1297
f 1298 1299 1300
f 1301 1302 1303
f 1304 1305 1306
f 1307 1308 1309
f 1310 1311 1312
f 1313 1314 1315
f 1316 1317 1318
f 1319 1320 1321
f 1322 1323 1324
f 1325 1326 1327
f 1328 1329 1330
f 1331 1332 1333
f 1334 1335 1336
f 1337 1338 1339
f 1340 1341 1342
f 1343 1344 1345
f 1346 1347 1348
f 1349 1350 1351
f 1352 1353 1354
f 1355 1356 1357
f 1358 1359 1360
f 1361 1362 1363
f 1364 1365 1366
f 1367 1368 1369
f 1370 1371 1372
f 1373 1374 1375
f 1376 1377 1378
f 1379 1380 1381
f 1382 1383 1384
f 1385 1386 1387
f 1388 1389 1390
f 1391 1392 1393
f 1394 1395 1396
f 1397 1398 1399
f 1400 1401 1402
f 1403 1404 1405
f 1406 1407 1408
f 1409 1410 1411
f 1412 1413 1414
f 1415 1416 1417
f 1418 1419 1420
f 1421 1422 1423
f 1424 1425 1426
f 1427 1428 1429
f 1430 1431 1432
f 1433 1434 1435
f 1436 1437 1438
f 1439 1440 1441
f 1442 1443 1444
f 1445 1446 1447
f 1448 1449 1450
f 1451 1452 1453
f 1454 1455 1456
f 1457 1458 1459
f 1460 1461 1462
f 1463 1464 1465
f 1466 1467 1468
f 1469 1470 1471
f 1472 1473 1474
f 1475 1476 1477
f 1478 1479 1480
f 1481 1482 1483
f 1484 1485 1486
f 1487 1488 1489
f 1490 1491 1492
f 1493 1494 1495
f 1496 1497 1498
f 1499 1500 1501
f 1502 1503 1504
f 1505 1506 1507
f 1508 1509 1510
f 1511 1512 1513
f 1514 1515 1516
f 1517 1518 1519
f 1520 1521 1522
f 1523 1524 1525
f 1526 1527 1528
f 1529 1530 1531
f 1532 1533 1534
f 1535 1536 1537
f 1538 1539 1540
f 1541 1542 1543
f 1544 1545 1546
f 1547 1548 1549
f 1550 1551 1552
f 1553 1554 1555
f 1556 1557 1558
f 1559 1560 1561
f 1562 1563 1564
f 1565 1566 1567
f 1568 1569 1570
f 1571 1572 1573
f 1574 1575 1576
f 1577 1578 1579
f 1580 1581 1582
f 1583 1584 1585
f 1586 1587 1588
f 1589 1590 1591
f 1592 1593 1594
f 1595 1596 1597
f 1598 1599 1600
f 1601 1602 1603
f 1604 1605 1606
f 1607 1608 1609
f 1610 1611 1612
f 1613 1614 1615
f 1616 1617 1618
f 1619 1620 1621
f 1622 1623 1624
f 1625 1626 1627
f 1628 1629 1630
f 1631 1632 1633
f 1634 1635 1636
f 1637 1638 1639
f 1640 1641 1642
f 1643 1644 1645
f 1646 1647 1648
f 1649 1650 1651
f 1652 1653 1654
f 1655 1656 1657
f 1658 1659 1660
f 1661 1662 1663
f 1664 1665 1666
f 1667 1668 1669
f 1670 1671 1672
f 1673 1674 1675
f 1676 1677 1678
f 1679 1680 1681
f 1682 1683 1684
f 1685 1686 1687
f 1688 1689 1690
f 1691 1692 1693
f 1694 1695 1696
f 1697 1698 1699
f 1700 1701 1702
f 1703 1704 1705
f 1706 1707 1708
f 1709 1710 1711
f 1712 1713 1714
f 1715 1716 1717
f 1718 1719 1720
f 1721 1722 1723
f 1724 1725 1726
f 1727 1728 1729
f 1730 1731 1732
f 1733 1734 1735
f 1736 1737 1738
f 1739 1740 1741
f 1742 1743 1744
f 1745 1746 1747
f 1748 1749 1750
f 1751 1752 1753
f 1754 1755 1756
f 1757 1758 1759
f 1760 1761 1762
f 1763 1764 1765
f 1766 1767 1768
f 1769 1770 1771
f 1772 1773 1774
f 1775 1776 1777
f 1778 1779 1780
f 1781 1782 1783
f 1784 1785 1786
f 1787 1788 1789
f 1790 1791 1792
f 1793 1794 1795
f 1796 1797 1798
f 1799 1800 1801
f 1802 1803 1804
f 1805 1806 1807
f 1808 1809 1810
f 1811 1812 1813
f 1814 1815 1816
f 1817 1818 1819
f 1820 1821 1822
f 1823 1824 1825
f 1826 1827 1828
f 1829 1830 1831
f 1832 1833 1834
f 1835 1836 1837
f 1838 1839 1840
f 1841 1842 1843
f 1844 1845 1846
f 1847 1848 1849
f 1850 1851 1852
f 1853 1854 1855
f 1856 1857 1858
f 1859 1860 1861
f 1862 1863 1864
f 1865 1866 1867
f 1868 1869 1870
f 1871 1872 1873
f 1874 1875 1876
f 1877 1878 1879
f 1880 1881 1882
f 1883 1884 1885
f 1886 1887 1888
f 1889 1890 1891
f 1892 1893 1894
f 1895 1896 1897
f 1898 1899 1900
f 1901 1902 1903
f 1904 1905 1906
f 1907 1908 1909
f 1910 1911 1912
f 1913 1914 1915
f 1916 1917 1918
f 1919 1920 1921
f 1922 1923 1924
f 1925 1926 1927
f 1928 1929 1930
f 1931 1932 1933
f 1934 1935 1936
f 1937 1938 1939
f 1940 1941 1942
f 1943 1944 1945
f 1946 1947 1948
f 1949 1950 1951
f 1952 1953 1954
f 1955 1956 1957
f 1958 1959 1960
f 1961 1962 1963
f 1964 1965 1966
f 1967 1968 1969
f 1970 1971 1969
f 1972 1973 1969
f 1974 1975 1969
f 1976 1977 1969
f 1978 1979 1969
f 1980 1972 1969
f 1981 1982 1969
f 1983 1984 1969
f 1985 1986 1969
f 1987 1988 1969
f 1975 1989 1969
f 1990 1991 1969
f 1992 1993 1969
f 1994 1995 1969
f 1973 1996 1969
f 1997 1998 1969
f 1999 2000 1969
f 1993 2001 1969
f 2002 1976 1969
f 2003 2004 1969
f 1996 2005 1969
f 1979 2006 1969
f 2007 2008 1969
f 2009 1985 1969
f 1977 2010 1969
f 1989 1999 1969
f 2008 2011 1969
f 2012 2013 1969
f 2014 2015 1969
f 2016 2017 1969
f 2018 2019 1969
f 2020 2021 1969
f 1995 2022 1969
f 2023 2020 1969
f 1988 2024 1969
f 2025 2026 1969
f 2027 2028 1969
f 1968 2012 1969
f 2026 2029 1969
f 2028 2030 1969
f 2031 1981 1969
f 1971 1992 1969
f 2019 2032 1969
f 2017 1990 1969
f 2033 2034 1969
f 2010 2014 1969
f 2000 2035 1969
f 2004 2036 1969
f 2034 2037 1969
f 2038 2033 1969
f 2039 2031 1969
f 2040 2002 1969
f 2005 2016 1969
f 2041 1978 1969
f 2042 2043 1969
f 2013 2044 1969
f 1984 2007 1969
f 2045 1987 1969
f 2046 2040 1969
f 2030 2041 1969
f 2006 1967 1969
f 2043 1994 1969
f 2047 2045 1969
f 2021 1997 1969
f 2032 1974 1969
f 1982 2048 1969
f 2049 2050 1969
f 2051 2027 1969
f 2050 2039 1969
f 2015 2049 1969
f 2011 2018 1969
f 2044 2038 1969
f 2029 1980 1969
f 2024 2009 1969
f 2022 1983 1969
f 2001 2051 1969
f 2048 2003 1969
f 2036 2025 1969
f 2052 2053 2054
f 2054 2053 2055
f 2056 2057 2058
f 2059 2060 2061
f 2062 2063 2064
f 2065 2066 2067
f 2068 2069 2070
f 2071 2072 2073
f 2074 2075 2076
f 2077 2078 2079
f 2080 2081 2082
f 2083 2084 2085
f 2086 2087 2088
f 2089 2090 2091
f 2089 2091 2092
f 2093 2094 2095
f 2096 2097 2098
f 2099 2100 2091
f 2091 2100 2092
f 2094 2093 2101
f 2102 2103 2104
f 2105 2106 2107
f 2102 2104 2108
f 2102 2108 2107
f 2107 2108 2105
f 2106 2105 2109
f 2110 2111 2112
f 2113 2114 2115
f 2116 2117 2118
f 2119 2120 2121
f 2122 2123 2124
f 2125 2126 2127
f 2127 2126 2128
f 2109 2105 2129
f 2109 2129 2130
f 2131 2132 2133
f 2133 2132 2134
f 2135 2136 2137
f 2100 2138 2139
f 2139 2138 2140
f 2141 2142 2143
f 2100 2144 2138
f 2145 2146 2147
f 2148 2149 2150
f 2151 2152 2153
f 2154 2155 2156
f 2157 2158 2159
f 2160 2161 2162
f 2163 2164 2165
f 2166 2167 2168
f 2169 2170 2171
f 2172 2173 2174
f 2175 2176 2177
f 2178 2179 2180
f 2181 2182 2183
f 2184 2185 2186
f 2187 2188 2189
f 2190 2191 2192
f 2193 2194 2195
f 2196 2197 2198
f 2199 2200 2201
f 2202 2203 2204
f 2205 2206 2207
f 2208 2209 2210
f 2211 2212 2213
f 2214 2215 2216
f 2217 2218 2219
f 2220 2221 2222
f 2223 2224 2225
f 2226 2227 2228
f 2229 2230 2231
f 2232 2233 2234
f 2235 2236 2237
f 2238 2239 2240
f 2241 2242 2243
f 2244 2245 2246
f 2247 2248 2249
f 2250 2251 2252
f 2253 2254 2255
f 2256 2257 2258
f 2259 2260 2261
f 2262 2263 2264
f 2265 2266 2267
f 2268 2269 2270
f 2271 2272 2273
f 2274 2275 2276
f 2277 2278 2279
f 2279 2280 2277
f 2281 2282 2283
f 2284 2285 2286
f 2287 2288 2289
f 2290 2291 2292
f 2293 2294 2295
f 2296 2297 2298
f 2299 2300 2301
f 2301 2300 2302
f 2285 2284 2303
f 2275 2304 2276
f 2305 2306 2307
f 2308 2309 2310
f 2310 2309 2311
f 2312 2313 2314
f 2315 2316 2317
f 2318 2319 2320
f 2299 2321 2300
f 2283 2282 2322
f 2323 2324 2325
f 2326 2327 2328
f 2329 2299 2283
f 2283 2299 2281
f 2275 2330 2304
f 2331 2332 2333
f 2287 2289 2334
f 2287 2334 2335
f 2335 2334 2304
f 2336 2337 2338
f 2339 2340 2341
f 2342 2343 2344
f 2345 2346 2347
f 2348 2349 2350
f 2351 2352 2353
f 2354 2355 2356
f 2357 2358 2359
f 2360 2361 2362
f 2363 2364 2365
f 2366 2367 2368
f 2369 2370 2371
f 2372 2373 2374
f 2375 2376 2377
f 2378 2379 2380
f 2381 2382 2383
f 2384 2385 2386
f 2387 2388 2389
f 2390 2391 2392
f 2393 2394 2395
f 2396 2397 2398
f 2399 2400 2401
f 2402 2403 2404
f 2405 2406 2407
f 2408 2409 2410
f 2411 2412 2413
f 2414 2415 2416
f 2417 2418 2419
f 2420 2421 2422
f 2423 2424 2425
f 2426 2427 2428
f 2429 2430 2431
f 2432 2433 2434
f 2435 2436 2437
f 2438 2439 2440
f 2441 2442 2443
f 2444 2445 2446
f 2447 2448 2449
f 2450 2451 2452
f 2453 2454 2455
f 2456 2457 2458
f 2459 2460 2461
f 2462 2463 2464
f 2465 2466 2467
f 2462 2468 2463
f 2469 2470 2471
f 2471 2470 2472
f 2473 2474 2475
f 2470 2469 2476
f 2470 2476 2477
f 2478 2479 2480
f 2481 2482 2483
f 2484 2485 2486
f 2466 2465 2487
f 2466 2487 2488
f 2488 2487 2483
f 2483 2489 2481
f 2481 2489 2490
f 2491 2492 2493
f 2494 2495 2496
f 2497 2498 2499
f 2500 2501 2502
f 2497 2503 2498
f 2504 2505 2506
f 2507 2508 2509
f 2510 2511 2512
f 2471 2513 2514
f 2514 2513 2515
f 2516 2517 2518
f 2519 2520 2521
f 2471 2522 2523
f 2471 2523 2513
f 2524 2525 2526
f 2527 2528 2529
f 2530 2531 2532
f 2533 2534 2535
f 2536 2537 2538
f 2539 2540 2541
f 2542 2543 2544
f 2545 2546 2547
f 2548 2549 2550
f 2551 2552 2553
f 2554 2555 2556
f 2557 2558 2559
f 2560 2561 2562
f 2563 2564 2565
f 2566 2567 2568
f 2569 2570 2571
f 2572 2573 2574
f 2575 2576 2577
f 2578 2579 2580
f 2581 2582 2583
f 2584 2585 2586
f 2587 2588 2589
f 2590 2591 2592
f 2593 2594 2595
f 2596 2597 2598
f 2599 2600 2601
f 2602 2603 2604
f 2605 2606 2607
f 2608 2609 2610
f 2611 2612 2613
f 2614 2615 2616
f 2617 2618 2619
f 2620 2621 2622
f 2623 2624 2625
f 2626 2627 2628
f 2629 2630 2631
f 2632 2633 2634
f 2635 2636 2637
f 2638 2639 2640
f 2641 2642 2643
f 2644 2645 2646
f 2647 2648 2649
f 2650 2651 2652
f 2650 2652 2653
f 2654 2655 2656
f 2657 2658 2659
f 2660 2661 2662
f 2663 2664 2665
f 2666 2667 2668
f 2669 2670 2671
f 2672 2673 2674
f 2655 2654 2675
f 2676 2677 2678
f 2678 2677 2679
f 2676 2680 2677
f 2662 2661 2681
f 2682 2683 2684
f 2678 2679 2685
f 2686 2687 2688
f 2689 2690 2691
f 2692 2693 2694
f 2694 2693 2695
f 2696 2697 2698
f 2698 2697 2662
f 2662 2697 2660
f 2657 2659 2699
f 2657 2699 2685
f 2685 2699 2678
f 2697 2700 2701
f 2701 2700 2702
f 2703 2704 2705
f 2697 2706 2700
f 2707 2708 2709
f 2710 2711 2712
f 2713 2714 2715
f 2716 2717 2718
f 2719 2720 2721
f 2722 2723 2724
f 2725 2726 2727
f 2728 2729 2730
f 2731 2732 2733
f 2734 2735 2736
f 2737 2738 2739
f 2740 2741 2742
f 2743 2744 2745
f 2746 2747 2748
f 2749 2750 2751
f 2752 2753 2754
f 2754 2753 2755
f 2756 2757 2758
f 2759 2760 2761
f 2762 2763 2764
f 2765 2766 2767
f 2768 2769 2770
f 2771 2772 2773
f 2774 2775 2776
f 2777 2778 2779
f 2780 2781 2782
f 2783 2784 2785
f 2786 2787 2788
f 2789 2790 2791
f 2792 2793 2794
f 2795 2796 2797
f 2798 2799 2800
f 2035 2046 1969
f 2801 2802 2803
f 2804 2805 2806
f 2807 2808 2809
f 2037 2023 1969
f 2810 2811 2812
f 2813 2814 2815
f 1986 1970 1969
f 1991 2047 1969
f 1998 2042 1969
f 2816 2817 2818
f 2819 2820 2821
f 2822 2823 2824
f 2825 2826 2827
f 2828 2829 2830
f 2831 2832 2833
f 2834 2835 2836
f 2837 2838 2839
f 2840 2841 2842
f 2843 2844 2845
f 2846 2847 2848
f 2849 2850 2851
f 2852 2853 2854
f 2855 2856 2857
f 2858 2859 2860
f 2861 2862 2863
f 2864 2865 2866
f 2867 2868 2869
f 2870 2871 2872
f 2873 2874 2875
f 2876 2877 2878
f 2879 2880 2881
f 2882 2883 2884
f 2885 2886 2887
f 2888 2889 2890
f 2891 2892 2893
f 2894 2895 2896
f 2897 2898 2899
f 2900 2901 2902
f 2903 2904 2905
f 2906 2907 2908
f 2909 2910 2911
f 2912 2913 2914
f 2915 2916 2917
f 2918 2919 2920
f 2921 2922 2923
f 2924 2925 2926
f 2927 2928 2929
f 2930 2931 2932
f 2933 2934 2935
f 2936 2937 2938
f 2939 2940 2941
f 2942 2943 2944
f 2945 2946 2947
f 2948 2949 2950
f 2951 2952 2953
f 2954 2955 2956
f 2957 2958 2959
f 2960 2961 2962
f 2963 2964 2965
f 2966 2967 2968
f 2969 2970 2971
f 2972 2973 2974
f 2975 2976 2977
f 2978 2979 2980
f 2981 2982 2983
f 2984 2985 2986
f 2987 2988 2989
f 2990 2991 2992
f 2993 2994 2995
f 2996 2997 2998
f 2999 3000 3001
f 3002 3003 3004
f 3005 3006 3007
f 3008 3009 3010
f 3011 3012 3013
f 3014 3015 3016
f 3017 3018 3019
f 3020 3021 3022
f 3023 3024 3025
f 3026 3027 3028
f 3029 3030 3031
f 3032 3033 3034
f 3035 3036 3037
f 3038 3039 3040
f 3041 3042 3043
f 3044 3045 3046
f 3047 3048 3049
f 3050 3051 3052
f 3053 3054 3055
f 3056 3057 3058
f 3059 3060 3061
f 3062 3063 3064
f 3065 3066 3067
f 3068 3069 3070
f 3071 3072 3073
f 3074 3075 3076
f 3077 3078 3079
f 3080 3081 3082
f 3083 3084 3085
f 3086 3087 3088
f 3089 3090 3091
f 3092 3093 3094
f 3095 3096 3097
f 3098 3099 3100
f 3101 3102 3103
f 3104 3105 3106
f 3107 3108 3109
f 3110 3111 3112
f 3113 3114 3115
f 3116 3117 3118
f 3119 3120 3121
f 3122 3123 3124
f 3125 3126 3127
f 3128 3129 3130
f 3131 3132 3133
f 3134 3135 3136
f 3137 3138 3139
f 3140 3141 3142
f 3143 3144 3145
f 3146 3147 3148
f 3149 3150 3151
f 3152 3153 3154
f 3155 3156 3157
f 3158 3159 3160
f 3161 3162 3163
f 3164 3165 3166
f 3167 3168 3169
f 3170 3171 3172
f 3173 3174 3175
f 3176 3177 3178
f 3179 3180 3181
f 3182 3183 3184
f 3185 3186 3187
f 3188 3189 3190
f 3191 3192 3193
f 3194 3195 3196
f 3197 3198 3199
f 3200 3201 3202
f 3203 3204 3205
f 3206 3207 3208
f 3209 3210 3211
f 3212 3213 3214
f 3215 3216 3217
f 3218 3219 3220
f 3221 3222 3223
f 3224 3225 3226
f 3227 3228 3229
f 3230 3231 3232
f 3233 3234 3235
f 3236 3237 3238
f 3239 3240 3241
f 3242 3243 3244
f 3245 3246 3247
f 3248 3249 3250
f 3251 3252 3253
f 3254 3255 3256
f 3257 3258 3259
f 3260 3261 3262
f 3263 3264 3265
f 3266 3267 3268
f 3269 3270 3271
f 3272 3273 3274
f 3275 3276 3277
f 3278 3279 3280
f 3281 3282 3283
f 3284 3285 3286
f 3287 3288 3289
f 3290 3291 3292
f 3293 3294 3295
f 3296 3297 3298
f 3299 3300 3301
f 3302 3303 3304
f 3305 3306 3307
f 3308 3309 3310
f 3311 3312 3313
f 3314 3315 3316
f 3317 3318 3319
f 3320 3321 3322
f 3323 3324 3325
f 3326 3327 3328
f 3329 3330 3331
f 3332 3333 3334
f 3335 3336 3337
f 3338 3339 3340
f 3341 3342 3343
f 3344 3345 3346
f 3347 3348 3349
f 3350 3351 3352
f 3353 3354 3355
f 3356 3357 3358
f 3359 3360 3361
f 3362 3363 3364
f 3365 3366 3367
f 3368 3369 3370
f 3371 3372 3373
f 3374 3375 3376
f 3377 3378 3379
f 3380 3381 3382
f 3383 3373 3372
f 3384 3385 3386
f 3387 3388 3389
f 3390 3391 3392
f 3393 3394 3395
f 3396 3397 3398
f 3399 3400 3401
f 3402 3403 3404
f 3405 3406 3407
f 3408 3409 3410
f 3411 3412 3413
f 3414 3415 3416
f 3417 3418 3419
f 3420 3421 3422
f 3423 3424 3425
f 3426 3427 3428
f 3429 3430 3431
f 3432 3433 3434
f 3417 3435 3418
f 3436 3437 3438
f 3439 3440 3441
f 3439 3441 3442
f 3443 3444 3445
f 3446 3447 3448
f 3449 3450 3451
f 3451 3450 3452
f 3453 3454 3455
f 3453 3455 3456
f 3457 3458 3459
f 3460 3461 3462
f 3463 3464 3465
f 3466 3467 3468
f 3469 3470 3471
f 3472 3473 3474
f 3472 3474 3475
f 3476 3477 3478
f 3479 3480 3481
f 3482 3483 3484
f 3485 3486 3487
f 3488 3489 3490
f 3488 3490 3491
f 3492 3493 3494
f 3495 3496 3497
f 3498 3499 3500
f 3501 3502 3503
f 3504 3505 3506
f 3507 3508 3509
f 3510 3511 3512
f 3513 3514 3515
f 3516 3517 3518
f 3519 3520 3521
f 3522 3523 3524
f 3525 3526 3527
f 3528 3529 3530
f 3531 3532 3533
f 3534 3535 3536
f 3537 3538 3539
f 3540 3541 3542
f 3543 3544 3545
f 3546 3547 3548
f 3549 3550 3551
f 3552 3553 3554
f 3555 3556 3557
f 3558 3559 3560
f 3561 3562 3563
f 3564 3565 3566
f 3567 3568 3569
f 3570 3571 3572
f 3573 3574 3575
f 3576 3577 3578
f 3578 3577 3579
f 3580 3581 3582
f 3582 3581 3583
f 3584 3585 3586
f 3586 3585 3587
f 3588 3589 3590
f 3591 3592 3593
f 3594 3595 3596
f 3597 3598 3599
f 3600 3601 3602
f 3602 3601 3603
f 3604 3605 3606
f 3607 3608 3609
f 3610 3611 3612
f 3612 3611 3613
f 3614 3615 3616
f 3616 3615 3617
f 3618 3619 3620
f 3621 3622 3623
f 3624 3625 3626
f 3626 3625 3627
f 3628 3629 3630
f 3630 3629 3631
f 3632 3633 3634
f 3635 3636 3637
f 3638 3639 3640
f 3641 3642 3643
f 3644 3645 3646
f 3647 3648 3649
f 3650 3651 3652
f 3653 3654 3655
f 3656 3657 3658
f 3659 3660 3661
f 3662 3663 3664
f 3665 3666 3667
f 3668 3669 3670
f 3671 3672 3673
f 3674 3675 3676
f 3677 3678 3679
f 3680 3681 3682
f 3682 3681 3683
f 3684 3685 3686
f 3687 3688 3689
f 3690 3691 3692
f 3692 3691 3693
f 3694 3695 3696
f 3697 3698 3699
f 3700 3701 3702
f 3703 3704 3705
f 3706 3707 3708
f 3708 3707 3709
f 3710 3711 3712
f 3712 3711 3713
f 3714 3715 3716
f 3717 3718 3719
f 3720 3721 3722
f 3723 3724 3725
f 3726 3727 3728
f 3728 3727 3729
f 3730 3731 3732
f 3733 3734 3735
f 3736 3737 3738
f 3738 3737 3739
f 3740 3741 3742
f 3743 3744 3745
f 3746 3747 3748
f 3749 3750 3751
f 3752 3753 3754
f 3754 3753 3755
f 3756 3757 3758
f 3759 3760 3761
f 3762 3763 3764
f 3764 3763 3765
f 3766 3767 3768
f 3769 3770 3771
f 3772 3773 3774
f 3775 3776 3777
f 3778 3779 3780
f 3781 3782 3783
f 3784 3785 3786
f 3787 3788 3789
f 3790 3791 3792
f 3793 3794 3795
f 3796 3797 3798
f 3799 3800 3801
f 3802 3803 3804
f 3804 3803 3805
f 3806 3807 3808
f 3808 3807 3809
f 3810 3811 3812
f 3812 3811 3813
f 3814 3815 3816
f 3816 3815 3817
f 3818 3819 3820
f 3820 3819 3821
f 3822 3823 3824
f 3825 3826 3827
f 3828 3829 3830
f 3831 3832 3833
f 3834 3835 3836
f 3837 3838 3839
f 3840 3841 3842
f 3843 3844 3845
f 3846 3847 3848
f 3849 3850 3851
f 3852 3853 3854
f 3855 3856 3857
f 3858 3859 3860
f 3861 3862 3863
f 3864 3865 3866
f 3866 3865 3867
f 3868 3869 3870
f 3871 3872 3873
f 3874 3875 3876
f 3877 3878 3879
f 3880 3881 3882
f 3882 3881 3883
f 3884 3885 3886
f 3886 3885 3887
f 3888 3889 3890
f 3890 3889 3891
f 3892 3893 3894
f 3895 3896 3897
f 3898 3899 3900
f 3900 3899 3901
f 3902 3903 3904
f 3905 3906 3907
f 3908 3909 3910
f 3910 3909 3911
f 3912 3913 3914
f 3914 3913 3915
f 3916 3917 3918
f 3919 3920 3921
f 3922 3923 3924
f 3925 3926 3927
f 3928 3929 3930
f 3931 3932 3933
f 3934 3935 3936
f 3937 3938 3939
f 3940 3941 3942
f 3943 3944 3945
f 3946 3947 3948
f 3948 3947 3949
f 3950 3951 3952
f 3953 3954 3955
f 3956 3957 3958
f 3959 3960 3961
f 3962 3963 3964
f 3964 3963 3965
f 3966 3967 3968
f 3969 3970 3971
f 3972 3973 3974
f 3974 3973 3975
f 3976 3977 3978
f 3979 3980 3981
f 3982 3983 3984
f 3984 3983 3985
f 3986 3987 3988
f 3988 3987 3989
f 3990 3991 3992
f 3993 3994 3995
f 3996 3997 3998
f 3999 4000 4001
f 4002 4003 4004
f 4004 4003 4005
f 4006 4007 4008
f 4009 4010 4011
f 4012 4013 4014
f 4015 4016 4017
f 4018 4019 4020
f 4021 4022 4023
f 4024 4025 4026
f 4027 4028 4029
f 4030 4031 4032
f 4033 4034 4035
f 4036 3439 3442
f 4037 4038 4039
f 4040 4041 4042
f 4043 4044 4045
f 4046 3453 3456
f 4047 4048 4049
f 4050 4051 4052
f 4053 4054 4055
f 4056 4057 4058
f 4059 4060 4061
f 4062 4063 4064
f 4065 4066 4067
f 4068 4069 4070
f 4071 4072 4073
f 4074 4075 4076
f 4077 4078 4079
f 4080 4081 4082
f 4080 4082 4083
f 4084 4085 4086
f 4087 4088 4089
f 4090 4091 4092
f 4093 4094 4095
f 4026 4025 4096
f 4097 4098 4099
f 4100 4101 4102
f 4103 4104 4105
f 4106 4107 4108
f 4109 4110 4111
f 4112 4113 4114
f 4112 4114 4115
f 4116 4117 4118
f 4119 4120 4121
f 4122 4123 4124
f 4125 4126 4127
f 4128 4129 4130
f 4131 4132 4133
f 4134 4135 4136
f 4137 4138 4139
f 4140 4141 4142
f 4143 4144 4145
f 4146 4147 4148
f 4149 4150 4151
f 4152 4153 4154
f 4152 4154 4155
f 4156 4157 4158
f 4159 4160 4161
f 4162 4163 4164
f 4165 4166 4167
f 4168 4169 4170
f 4171 4172 4173
f 4174 4175 4176
f 4177 4178 4179
f 4180 4181 4182
f 4183 4184 4185
f 4186 4187 4188
f 4189 4190 4191
f 4192 4193 4194
f 4195 4196 4197
f 4198 4199 4200
f 4201 4202 4203
f 4204 4205 4206
f 4207 4208 4209
f 4210 4211 4212
f 4213 4214 4215
f 4216 4217 4218
f 4219 4220 4221
f 4222 4223 4224
f 4225 4226 4227
f 4227 4226 4228
f 4229 4230 4231
f 4232 4233 4234
f 4235 4236 4237
f 4238 4239 4240
f 4241 4242 4243
f 4244 4245 4246
f 4247 4248 4249
f 4250 4251 4252
f 4253 4254 4255
f 4256 4257 4258
f 4259 4260 4261
f 4262 4263 4264
f 4225 4265 4226
f 4266 4267 4268
f 4269 4270 4271
f 4272 4273 4274
f 4275 4276 4277
f 4278 4279 4280
f 4281 4282 4283
f 4284 4285 4286
f 4287 4288 4289
f 4290 4291 4292
f 4293 4294 4295
f 4293 4295 4296
f 4297 4298 4299
f 4300 4301 4302
f 4303 4304 4305
f 4306 4307 4308
f 4309 4310 4311
f 4312 4313 4314
f 4315 4316 4317
f 4318 4319 4320
f 4321 4322 4323
f 4324 4325 4326
f 3545 4327 3543
f 4328 4329 4330
f 4331 4332 4333
f 4334 4335 4336
f 4334 4336 4337
f 4338 4339 4340
f 4341 4342 4343
f 4344 4345 4346
f 4347 4348 4349
f 4350 4351 4352
f 4353 4354 4355
f 4356 4357 4358
f 4359 4360 4361
f 4362 4363 4364
f 4365 4366 4367
f 4368 4369 4370
f 4371 4372 4373
f 4374 4375 4376
f 4109 4111 4377
f 4378 4379 4380
f 4381 4382 4383
f 4384 4385 4386
f 4387 4388 4389
f 4390 4391 4392
f 4393 4394 4395
f 4127 4396 4397
f 4398 4399 4400
f 4401 4402 4403
f 4404 4405 4406
f 4407 4408 4409
f 4410 4411 4412
f 4413 4414 4415
f 4416 4417 4418
f 4419 4420 4421
f 4422 4423 4424
f 4425 4426 4427
f 4428 4429 4430
f 4431 4432 4433
f 4415 4434 4413
f 4435 4436 4437
f 4438 4439 4440
f 4441 4442 4443
f 4444 4445 4446
f 4447 4448 4449
f 4450 4451 4452
f 4453 4454 4455
f 4456 4457 4458
f 4459 4460 4461
f 4462 4463 4464
f 4465 4466 4467
f 4468 4469 4470
f 4471 4472 4473
f 4474 4475 4476
f 4477 4478 4479
f 4480 4481 4482
f 4483 4484 4485
f 4486 4487 4488
f 4488 4487 4489
f 4490 4491 4492
f 4492 4491 4493
f 4494 4495 4496
f 4497 4498 4499
f 4500 4501 4502
f 4503 4504 4505
f 4506 4507 4508
f 4509 4510 4511
f 4512 4513 4514
f 4515 4516 4517
f 4518 4519 4520
f 4521 4522 4523
f 4524 4525 4526
f 4527 4528 4529
f 4530 4531 4532
f 4532 4531 4533
f 4534 4535 4536
f 4536 4535 4537
f 4514 4538 4512
f 4539 4540 4541
f 4542 4543 4544
f 4545 4546 4547
f 4548 4549 4550
f 4551 4552 4553
f 4551 4553 4554
f 4555 4556 4557
f 4558 4559 4560
f 4561 4562 4563
f 4563 4562 4564
f 4565 4566 4567
f 4568 4569 4570
f 4571 4572 4573
f 4574 4575 4576
f 4577 4578 4579
f 4580 4581 4582
f 4583 4584 4585
f 4586 4587 4588
f 4588 4587 4589
f 4590 4591 4592
f 4593 4594 4595
f 4596 4597 4598
f 4599 4600 4601
f 4602 4603 4604
f 4605 4606 4607
f 4608 4609 4610
f 4611 4612 4613
f 4614 4615 4616
f 4617 4618 4619
f 4620 4621 4622
f 4623 4624 4625
f 4626 4627 4628
f 4629 4630 4631
f 4632 4633 4634
f 4635 4636 4637
f 4638 4639 4640
f 4641 4642 4643
f 4644 4645 4646
f 4647 4648 4649
f 4650 4651 4652
f 4653 4654 4655
f 4656 4657 4658
f 4659 4660 4661
f 4662 4663 4664
f 4665 4666 4667
f 4668 4669 4670
f 4671 4672 4673
f 4673 4672 4674
f 4675 4676 4677
f 4678 4679 4680
f 4681 4682 4683
f 4684 4685 4686
f 4687 4688 4689
f 4690 4691 4692
f 4693 4694 4695
f 4696 4697 4698
f 4699 4700 4701
f 4702 4703 4704
f 4705 4706 4707
f 4708 4709 4710
f 4711 4712 4713
f 4714 4715 4716
f 4717 4718 4719
f 4720 4721 4722
f 4723 4724 4725
f 4726 4727 4728
f 4729 4730 4731
f 4732 4733 4734
f 4735 4736 4737
f 4738 4739 4740
f 4741 4742 4743
f 4744 4745 4746
f 4746 4745 4747
f 4748 4749 4750
f 4751 4752 4753
f 4753 4752 4754
f 4755 4756 4757
f 4758 4759 4760
f 4761 4762 4763
f 4764 4765 4766
f 4766 4765 4767
f 4768 4769 4770
f 4771 4772 4773
f 4774 4775 4776
f 4730 4777 4731
f 4778 4779 4780
f 4780 4779 4781
f 4782 4783 4784
f 4785 4786 4787
f 4787 4786 4788
f 4789 4790 4791
f 4791 4790 4792
f 4793 4794 4795
f 4796 4797 4798
f 4799 4800 4801
f 4802 4803 4804
f 4804 4803 4805
f 4806 4807 4808
f 4808 4807 4809
f 4810 4811 4812
f 4813 4814 4815
f 4816 4817 4818
f 4819 4820 4821
f 4822 4823 4824
f 4825 4826 4827
f 4827 4826 4828
f 4829 4830 4831
f 4832 4833 4834
f 4835 4836 4837
f 4838 4839 4840
f 4840 4839 4841
f 4842 4843 4844
f 4845 4846 4847
f 4848 4849 4850
f 4715 4851 4716
f 4852 4853 4854
f 4855 4856 4857
f 4858 4859 4860
f 4860 4859 4861
f 4862 4863 4864
f 4864 4863 4865
f 4866 4867 4868
f 4869 4870 4871
f 4872 4873 4874
f 4875 4876 4877
f 4877 4876 4878
f 4879 4880 4881
f 4881 4880 4882
f 4883 4884 4885
f 4886 4887 4888
f 4889 4890 4891
f 4892 4893 4894
f 4895 4896 4897
f 4898 4899 4900
f 4898 4900 4901
f 4902 4903 4904
f 4902 4904 4905
f 4906 4907 4908
f 4909 4758 4760
f 4910 4911 4912
f 4913 4914 4915
f 4916 4917 4918
f 4919 4920 4921
f 4922 4923 4924
f 4924 4923 4925
f 4926 4927 4928
f 4929 4930 4931
f 4932 4933 4934
f 4935 4936 4937
f 4938 4939 4940
f 4941 4942 4943
f 4941 4943 4944
f 4945 4946 4947
f 4948 4949 4950
f 4951 4952 4953
f 4954 4955 4956
f 4957 4958 4959
f 4957 4959 4960
f 4961 4962 4963
f 4964 4965 4966
f 4967 4968 4969
f 4970 4971 4972
f 4973 4974 4975
f 4973 4975 4976
f 4977 4810 4812
f 4978 4979 4980
f 4981 4982 4983
f 4984 4985 4986
f 4987 4988 4989
f 4990 4991 4992
f 4992 4991 4993
f 4994 4995 4996
f 4997 4998 4999
f 5000 5001 5002
f 5003 5004 5005
f 5005 5004 5006
f 5007 5008 5009
f 5010 5011 5012
f 5012 5011 5013
f 5014 5015 5016
f 5017 5018 5019
f 5019 5018 5020
f 5021 5022 5023
f 5024 4832 4834
f 5025 5026 5027
f 5027 5026 5028
f 5029 5030 5031
f 5032 5033 5034
f 5035 5036 5037
f 5037 5036 5038
f 5039 5040 5041
f 5042 5043 5044
f 5045 5046 5047
f 5048 5049 5050
f 5051 5052 5053
f 5054 5055 5056
f 5054 5056 5057
f 5058 5059 5060
f 5058 5060 5061
f 5062 5063 5064
f 5065 5066 5067
f 5068 5069 5070
f 5068 5070 5071
f 5072 5073 5074
f 5075 5076 5077
f 5078 5079 5080
f 5081 5082 5083
f 5084 5085 5086
f 5084 5086 5087
f 5088 4883 4885
f 5089 5090 5091
f 5092 5093 5094
f 5095 5096 5097
f 5097 5096 5098
f 5099 5100 5101
f 5101 5100 5102
f 5103 5104 5105
f 5106 5107 5108
f 5109 5110 5111
f 5112 5113 5114
f 4894 5115 4892
f 5116 5117 5118
f 5119 5120 5121
f 5121 5120 5122
f 5123 5124 5125
f 5126 5127 5128
f 5129 5130 5131
f 5132 5133 5134
f 4743 5135 4741
f 5136 5137 5138
f 5139 5140 5141
f 5142 5143 5144
f 5145 5146 5147
f 5148 5149 5150
f 5151 5152 5153
f 5153 5152 5154
f 4750 4749 5155
f 5156 4906 4908
f 4707 5157 4705
f 5158 5159 5160
f 5158 5160 5161
f 5162 5163 5164
f 5165 5166 5167
f 5168 5169 5170
f 5171 5172 5173
f 5174 5175 5176
f 5177 5178 5179
f 5180 5181 5182
f 5183 5184 5185
f 5186 5187 5188
f 4762 5189 4763
f 5190 5191 5192
f 5193 5194 5195
f 5196 5197 5198
f 5199 5200 5201
f 5191 5202 5192
f 5203 5204 5205
f 5206 5207 5208
f 5209 5210 5211
f 4704 5212 4702
f 5213 5214 5215
f 5213 5215 5216
f 5217 5218 5219
f 5220 5221 5222
f 5223 5224 5225
f 5226 5227 5228
f 5228 5227 5229
f 5230 5231 5232
f 5233 5234 5235
f 5235 5234 5236
f 5237 5238 5239
f 5240 5241 5242
f 5243 5244 5245
f 5246 5247 5248
f 5249 5250 5251
f 5252 5253 5254
f 5254 5253 5255
f 5256 5257 5258
f 5259 5260 5261
f 5262 5263 5264
f 5265 5266 5267
f 5268 5269 5270
f 5260 5271 5261
f 5272 5273 5274
f 5275 5276 5277
f 5278 5279 5280
f 5278 5280 5281
f 5282 5283 5284
f 5285 5286 5287
f 5288 4939 4938
f 5289 5290 5291
f 5292 5293 5294
f 5295 5296 5297
f 5298 5299 5300
f 5300 5299 5301
f 4728 5302 4726
f 5303 5304 5305
f 5306 5307 5308
f 5309 5310 5311
f 5312 5313 5314
f 5315 5316 5317
f 5317 5316 5318
f 5319 5320 5321
f 5322 5323 5324
f 5324 5323 5325
f 5326 5327 5328
f 5329 5330 5331
f 5332 5333 5334
f 5335 5336 5337
f 5338 5339 5340
f 5341 5342 5343
f 5343 5342 5344
f 5345 5346 5347
f 5348 5349 5350
f 5351 5352 5353
f 5354 5355 5356
f 5349 5357 5350
f 5358 5359 5360
f 5361 5362 5363
f 5364 5365 5366
f 5367 5368 5369
f 5370 5371 5372
f 5373 5374 5375
f 5376 5377 5378
f 5379 5380 5381
f 5382 5383 5384
f 5385 5386 5387
f 5387 5386 5388
f 5389 5390 5391
f 5392 5393 5394
f 5395 5396 5397
f 5398 5399 5400
f 4821 5401 4819
f 5402 5403 5404
f 5405 5406 5407
f 5408 5409 5410
f 5411 5412 5413
f 5414 5415 5416
f 5417 5418 5419
f 5419 5418 5420
f 4824 4823 5421
f 5422 5021 5023
f 4695 5423 4693
f 5424 5425 5426
f 5427 5428 5429
f 5430 5431 5432
f 5433 5434 5435
f 5436 5437 5438
f 5439 5440 5441
f 5442 5443 5444
f 5442 5444 5445
f 5446 5447 5448
f 5449 5450 5451
f 5452 5453 5454
f 4836 5455 4837
f 5456 5457 5458
f 5459 5460 5461
f 5462 5463 5464
f 5465 5466 5467
f 5457 5468 5458
f 5469 5470 5471
f 5472 5473 5474
f 5475 5476 5477
f 4692 5478 4690
f 5479 5480 5481
f 5479 5481 5482
f 5483 5484 5485
f 5486 5487 5488
f 5489 5490 5491
f 5492 5493 5494
f 5494 5493 5495
f 5496 5497 5498
f 5499 5500 5501
f 5501 5500 5502
f 5503 5504 5505
f 5506 5507 5508
f 5509 5510 5511
f 5512 5513 5514
f 5512 5514 5515
f 5516 5517 5518
f 5519 5520 5521
f 5522 5523 5524
f 5525 5526 5527
f 5528 5529 5530
f 5531 5532 5533
f 5534 5535 5536
f 5537 5538 5539
f 5540 5541 5542
f 5543 5544 5545
f 5546 5547 5548
f 5549 5550 5551
f 5549 5551 5552
f 5553 5554 5555
f 5556 5557 5558
f 5559 5052 5051
f 5560 5561 5562
f 5563 5564 5565
f 5566 5567 5568
f 5569 5570 5571
f 5571 5570 5572
f 4713 5573 4711
f 5574 5575 5576
f 5577 5578 5579
f 5580 5581 5582
f 5583 5584 5585
f 5586 5587 5588
f 5588 5587 5589
f 5590 5591 5592
f 5593 5594 5595
f 5595 5594 5596
f 5597 5598 5599
f 5600 5601 5602
f 5603 5604 5605
f 5606 5607 5608
f 5609 5610 5611
f 5612 5613 5614
f 5614 5613 5615
f 5616 5617 5618
f 5619 5620 5621
f 5622 5623 5624
f 5625 5626 5627
f 5620 5628 5621
f 5629 5630 5631
f 5632 5633 5634
f 5635 5636 5637
f 5638 5639 5640
f 5641 5642 5643
f 5644 5645 5646
f 5646 5645 5647
f 5648 5649 5650
f 5651 5652 5653
f 5654 5655 5656
f 5657 5658 5659
f 5660 5661 5662
f 5663 5664 5665
f 5666 5667 5668
f 5669 5670 5671
f 5672 5673 5674
f 5675 5676 5677
f 5678 5679 5680
f 5681 5682 5683
f 5684 5685 5686
f 5686 5685 5687
f 5688 5689 5690
f 5690 5689 5691
f 5692 5693 5694
f 5695 5696 5697
f 5698 5699 5700
f 5701 5702 5703
f 5704 5705 5706
f 5707 5708 5709
f 5710 5711 5712
f 5713 5714 5715
f 5716 5717 5718
f 5719 5720 5721
f 5722 5723 5724
f 5725 5726 5727
f 5728 5729 5730
f 5730 5729 5731
f 5732 5733 5734
f 5735 5736 5737
f 5738 5739 5740
f 5741 5742 5743
f 5744 5745 5746
f 5747 5748 5749
f 5750 5751 5752
f 5753 5754 5755
f 5756 5757 5758
f 5759 5760 5761
f 5762 5763 5764
f 5764 5763 5765
f 5766 5767 5768
f 5769 5770 5771
f 5772 5773 5774
f 5775 5776 5777
f 5778 5779 5780
f 5780 5779 5781
f 5782 5783 5784
f 5785 5786 5787
f 5788 5789 5790
f 5791 5792 5793
f 5794 5795 5796
f 5797 5798 5799
f 5800 5801 5802
f 5803 5804 5805
f 5806 5807 5808
f 5808 5807 5809
f 5810 5811 5812
f 5813 5814 5815
f 5816 5817 5818
f 5819 5820 5821
f 5822 5823 5824
f 5824 5823 5825
f 5826 5827 5828
f 5829 5830 5831
f 5832 5833 5834
f 5835 5836 5837
f 5838 5839 5840
f 5840 5839 5841
f 5842 5843 5844
f 5845 5846 5847
f 5848 5849 5850
f 5851 5852 5853
f 5854 5855 5856
f 5857 5858 5859
f 5860 5861 5862
f 5863 5864 5865
f 5866 5867 5868
f 5869 5870 5871
f 5872 5873 5874
f 5875 5876 5877
f 5878 5879 5880
f 5881 5882 5883
f 5884 5885 5886
f 5887 5888 5889
f 5890 5891 5892
f 5893 5894 5895
f 5896 5897 5898
f 5898 5897 5899
f 5900 5901 5902
f 5903 5904 5905
f 5906 5907 5908
f 5909 5910 5911
f 5912 5913 5914
f 5914 5913 5915
f 5916 5917 5918
f 5919 5920 5921
f 5922 5923 5924
f 5925 5926 5927
f 5928 5929 5930
f 5931 5932 5933
f 5934 5935 5936
f 5937 5938 5939
f 5940 5941 5942
f 5942 5941 5943
f 5944 5945 5946
f 5947 5948 5949
f 5950 5951 5952
f 5953 5954 5955
f 5956 5957 5958
f 5958 5957 5959
f 5960 5961 5962
f 5962 5961 5963
f 5964 5965 5966
f 5967 5968 5969
f 5970 5971 5972
f 5973 5974 5975
f 5976 5977 5978
f 5979 5980 5981
f 5982 5983 5984
f 5985 5986 5987
f 5988 5989 5990
f 5990 5989 5991
f 5992 5993 5994
f 5995 5996 5997
f 5998 5999 6000
f 6001 6002 6003
f 6004 6005 6006
f 6007 6008 6009
f 6010 6011 6012
f 6013 6014 6015
f 6016 6017 6018
f 6018 6017 6019
f 6020 6021 6022
f 6023 6024 6025
f 6026 6027 6028
f 6029 6030 6031
f 6032 6033 6034
f 6034 6033 6035
f 6036 6037 6038
f 6039 6040 6041
f 6042 6043 6044
f 6045 6046 6047
f 6048 6049 6050
f 6051 6052 6053
f 6054 6055 6056
f 6057 6058 6059
f 6060 6061 6062
f 6063 6064 6065
f 6066 6067 6068
f 6069 6070 6071
f 6072 6073 6074
f 6075 6076 6077
f 6078 6079 6080
f 6081 6082 6083
f 6084 6085 6086
f 6087 6088 6089
f 6090 6091 6092
f 6093 6094 6095
f 6096 6097 6098
f 6099 6100 6101
f 6102 6103 6104
f 6105 6106 6107
f 6108 6109 6110
f 6111 6112 6113
f 6114 6115 6116
f 6117 6118 6119
f 6120 6121 6122
f 6123 6124 6125
f 6126 6127 6128
f 6129 6130 6131
f 6132 6133 6134
f 6135 6136 6137
f 6138 6139 6140
f 6141 6142 6143
f 6144 6145 6146
f 6147 6148 6149
f 6150 6151 6152
f 6153 6154 6155
f 6156 6157 6158
f 6159 6160 6161
f 6162 6163 6164
f 6165 6166 6167
f 6168 6169 6170
f 6171 6172 6173
f 6174 6175 6176
f 6177 6178 6179
f 6180 6181 6182
f 6183 6184 6185
f 6186 6187 6188
f 6189 6190 6191
f 6192 6193 6194
f 6195 6196 6197
f 6198 6199 6200
f 6201 6202 6203
f 6204 6205 6206
f 6207 6208 6209
f 6210 6211 6212
f 6213 6214 6215
f 6216 6217 6218
f 6219 6220 6221
f 6222 6223 6224
f 6225 6226 6227
f 6228 6229 6230
f 6231 6232 6233
f 6234 6235 6236
f 6237 6238 6239
f 6240 6241 6242
f 6243 6244 6245
f 6246 6247 6248
f 6249 6250 6251
f 6252 6253 6254
f 6255 6256 6257
f 6258 6259 6260
f 6261 6262 6263
f 6264 6265 6266
f 6267 6268 6269
f 6270 6271 6272
f 6273 6274 6275
f 6276 6277 6278
f 6279 6280 6281
f 6282 6283 6284
f 6285 6286 6287
f 6288 6289 6290
f 6291 6292 6293
f 6294 6295 6296
f 6297 6298 6299
f 6300 6301 6302
f 6303 6304 6305
f 6306 6307 6308
f 6309 6310 6311
f 6312 6313 6314
f 6315 6316 6317
f 6318 6319 6320
f 6321 6322 6323
f 6323 6322 6324
f 6325 6326 6327
f 6328 6329 6330
f 6331 6332 6333
f 6334 6335 6336
f 6337 6338 6339
f 6340 6341 6342
f 6343 6344 6345
f 6346 6347 6348
f 6349 6350 6351
f 6352 6353 6354
f 6355 6356 6357
f 6358 6359 6360
f 6361 6362 6363
f 6364 6365 6366
f 6367 6368 6369
f 6370 6371 6372
f 6373 6374 6375
f 6376 6377 6378
f 6379 6380 6381
f 6382 6383 6384
f 6385 6386 6387
f 6388 6389 6390
f 6391 6392 6393
f 6394 6395 6396
f 6397 6398 6399
f 6400 6401 6402
f 6403 6404 6405
f 6406 6407 6408
f 6409 6410 6411
f 6412 6413 6414
f 6415 6416 6417
f 6418 6419 6420
f 6421 6422 6423
f 6424 6425 6426
f 6427 6428 6429
f 6430 6431 6432
f 6433 6434 6435
f 6436 6437 6438
f 6439 6440 6441
f 6442 6443 6444
f 6445 6446 6447
f 6448 6449 6450
f 6451 6452 6453
f 6454 6455 6456
f 6457 6458 6459
f 6460 6461 6462
f 6463 6464 6465
f 6466 6467 6468
f 6469 6470 6471
f 6472 6473 6474
f 6475 6476 6477
f 6478 6479 6480
f 6481 6482 6483
f 6484 6485 6486
f 6487 6488 6489
f 6490 6491 6492
f 6493 6494 6495
f 6496 6497 6498
f 6499 6500 6501
f 6502 6503 6504
f 6505 6506 6507
f 6508 6509 6510
f 6511 6512 6513
f 6514 6515 6516
f 6517 6518 6519
f 6520 6521 6522
f 6523 6524 6525
f 6526 6527 6528
f 6529 6530 6531
f 6532 6533 6534
f 6535 6536 6537
f 6538 6539 6537
f 6540 6541 6531
f 6542 6543 6531
f 6544 6545 6537
f 6546 6547 6537
f 6548 6549 6534
f 6550 6551 6534
f 6552 6553 6534
f 6554 6550 6534
f 6555 6552 6534
f 6551 6532 6534
f 6556 6546 6537
f 6549 6555 6534
f 6557 6558 6531
f 6559 6535 6537
f 6545 6538 6537
f 6530 6560 6531
f 6561 6542 6531
f 6547 6544 6537
f 6536 6562 6537
f 6560 6561 6531
f 6562 6556 6537
f 6553 6554 6534
f 6543 6563 6531
f 6541 6529 6531
f 6563 6557 6531
f 6564 6548 6534
f 6565 6566 6567
f 6568 6569 6570
f 6571 6572 6573
f 6574 6575 6576
f 6577 6578 6579
f 6580 6581 6582
f 6583 6584 6585
f 6586 6587 6588
f 6589 6590 6591
f 6592 6593 6594
f 6595 6596 6597
f 6598 2804 2806
f 6599 6600 6601
f 6602 6603 6604
f 6605 6606 6607
f 6608 6609 6610
f 6611 6612 6613
f 6614 6615 6616
f 6617 6618 6619
f 6620 6621 6622
f 6623 6624 6625
f 6626 6627 6628
f 6629 6630 6631
f 6632 6633 6634
f 6635 6636 6637
f 6638 6639 6640
f 6641 6642 6643
f 6644 6645 6646
f 6647 6648 6649
f 6650 6651 6652
f 6653 6654 6655
f 6656 6657 6658
f 6659 6660 6661
f 6662 6663 6664
f 6665 6666 6667
f 6668 6669 6670
f 6671 6672 6673
f 2818 2817 6674
f 6675 6676 6677
f 6678 6679 6680
f 6681 6682 6683
f 6684 6685 6686
f 6687 6688 6689
f 6690 6691 6692
f 6693 6694 6695
f 6696 6697 6698
f 6699 6700 6701
f 6702 6703 6704
f 6705 6706 6707
f 6708 6709 6710
f 6711 6712 6713
f 6714 6715 6716
f 6717 6718 6719
f 6720 6721 6722
f 6723 6724 6725
f 2803 2802 6726
f 6727 6728 6729
f 6730 6731 6732
f 6733 6734 6735
f 6736 6737 6738
f 6739 6740 6741
f 2819 6742 2820
f 6743 6744 6745
f 6746 6747 6748
f 6749 6750 6751
f 6752 6753 6754
f 6755 6756 6757
f 6758 6759 6760
f 6761 6762 6763
f 6723 6764 6724
f 6765 6766 6767
f 6768 6769 6770
f 6771 6772 6773
f 6774 6775 6776
f 6777 6778 6779
f 6780 6781 6782
f 6783 6784 6785
f 6786 6787 6788
f 6789 6790 6791
f 6792 6793 6794
f 6795 6796 6797
f 6798 6799 6800
f 6801 6802 6803
f 2809 2808 6804
f 6805 6806 6807
f 6565 6808 6566
f 6568 6809 6569
f 6571 6810 6572
f 6574 6811 6575
f 6577 6812 6578
f 6580 6813 6581
f 6814 6815 6816
f 6586 6817 6587
f 6589 6818 6590
f 6592 6819 6593
f 6595 6820 6596
f 6599 6821 6600
f 6822 6823 6824
f 6825 6826 6827
f 6611 6828 6612
f 6829 6830 6831
f 6617 6832 6618
f 6620 6833 6621
f 6623 6834 6624
f 6626 6835 6627
f 6836 6837 6838
f 6632 6839 6633
f 6635 6840 6636
f 6638 6841 6639
f 6641 6842 6642
f 6644 6843 6645
f 6844 6845 6846
f 6650 6847 6651
f 6848 6849 6850
f 6656 6851 6657
f 6852 6853 6854
f 6662 6855 6663
f 6665 6856 6666
f 6668 6857 6669
f 6671 6858 6672
f 6675 6859 6676
f 6678 6860 6679
f 6681 6861 6682
f 6862 6863 6864
f 6687 6865 6688
f 6866 6867 6868
f 6869 6870 6871
f 6699 6872 6700
f 6873 6874 6875
f 6876 6877 6878
f 6708 6879 6709
f 6711 6880 6712
f 6714 6881 6715
f 6717 6882 6718
f 6720 6883 6721
f 6884 6885 6886
f 6730 6887 6731
f 6733 6888 6734
f 6736 6889 6737
f 6890 6891 6892
f 6743 6893 6744
f 6746 6894 6747
f 6749 6895 6750
f 6752 6896 6753
f 6755 6897 6756
f 6898 6899 6900
f 6901 6902 6903
f 6904 6905 6906
f 6907 6908 6909
f 6910 6911 6912
f 6774 6913 6775
f 6914 6915 6916
f 6917 6918 6919
f 6783 6920 6784
f 6786 6921 6787
f 6922 6923 6924
f 6792 6925 6793
f 6798 6926 6799
f 6801 6927 6802

o eSeries_UR10e_043-mesh
usemtl material_1
v 0.02461951 -0.07072300 0.08493234
v 0.03043072 -0.06838478 0.08517185
v 0.02459199 -0.07067687 0.08518795
v 0.00321119 0.07478086 0.08517181
v -0.00312757 0.07482033 0.08493233
v -0.00311451 0.07476821 0.08518795
v 0.01861527 -0.07253506 0.08493234
v 0.02461951 -0.07072300 0.08493234
v 0.02459199 -0.07067687 0.08518795
v 0.01861527 -0.07253506 0.08493234
v 0.02459199 -0.07067687 0.08518795
v 0.01854476 -0.07249870 0.08518788
v 0.01249090 -0.07384389 0.08493150
v 0.01861527 -0.07253506 0.08493234
v 0.01854476 -0.07249870 0.08518788
v 0.01249090 -0.07384389 0.08493150
v 0.01854476 -0.07249870 0.08518788
v 0.01241988 -0.07377777 0.08520269
v -0.01550486 0.07317397 0.08521637
v -0.00933948 0.07426773 0.08516430
v -0.01554161 0.07325510 0.08505219
v -0.01554161 0.07325510 0.08505219
v -0.00933948 0.07426773 0.08516430
v -0.00936720 0.07429259 0.08493296
v -0.01554161 0.07325510 0.08505219
v -0.00936720 0.07429259 0.08493296
v -0.01554121 0.07324780 0.08493330
v -0.02754034 0.06959911 0.08517185
v -0.02161076 0.07164469 0.08518794
v -0.02163638 0.07169191 0.08493233
v -0.02754034 0.06959911 0.08517185
v -0.02163638 0.07169191 0.08493233
v -0.02754870 0.06962904 0.08493295
v -0.03870842 0.06406362 0.08517181
v -0.03322820 0.06701575 0.08521324
v -0.03327115 0.06708862 0.08505218
v -0.03870842 0.06406362 0.08517181
v -0.03327115 0.06708862 0.08505218
v -0.03877485 0.06405969 0.08493295
v -0.03877485 0.06405969 0.08493295
v -0.03327115 0.06708862 0.08505218
v -0.03326894 0.06708166 0.08493330
v -0.04884624 0.05669228 0.08518788
v -0.04396302 0.06058196 0.08516430
v -0.04892553 0.05669352 0.08493234
v -0.04892553 0.05669352 0.08493234
v -0.04396302 0.06058196 0.08516430
v -0.04399925 0.06059042 0.08493295
v -0.05764762 0.04771517 0.08518795
v -0.05341881 0.05240610 0.08518788
v -0.05349794 0.05240071 0.08493234
v -0.05764762 0.04771517 0.08518795
v -0.05349794 0.05240071 0.08493234
v -0.05769507 0.04774034 0.08493234
v -0.06477343 0.03747496 0.08518788
v -0.06142843 0.04274308 0.08518194
v -0.06148755 0.04274510 0.08493234
v -0.06477343 0.03747496 0.08518788
v -0.06148755 0.04274510 0.08493234
v -0.06484871 0.03745007 0.08493234
v -0.07012831 0.02612364 0.08518193
v -0.06765950 0.03189082 0.08521636
v -0.06774633 0.03191062 0.08505218
v -0.07012831 0.02612364 0.08518193
v -0.06774633 0.03191062 0.08505218
v -0.07018609 0.02611084 0.08493234
v -0.07018609 0.02611084 0.08493234
v -0.06774633 0.03191062 0.08505218
v -0.06774027 0.03190653 0.08493330
v -0.07349476 0.01408864 0.08518790
v -0.07205811 0.02018910 0.08518787
v -0.07212482 0.02014631 0.08493234
v -0.07349476 0.01408864 0.08518790
v -0.07212482 0.02014631 0.08493234
v -0.07355768 0.01404032 0.08493234
v -0.07483534 0.00160993 0.08516429
v -0.07440371 0.00784294 0.08520277
v -0.07448272 0.00782733 0.08493150
v -0.07483534 0.00160993 0.08516429
v -0.07448272 0.00782733 0.08493150
v -0.07486399 0.00158624 0.08493296
v -0.07401664 -0.01090691 0.08520278
v -0.07468949 -0.00463139 0.08518790
v -0.07408927 -0.01094177 0.08493150
v -0.07408927 -0.01094177 0.08493150
v -0.07468949 -0.00463139 0.08518790
v -0.07473842 -0.00469381 0.08493234
v -0.07118574 -0.02308712 0.08518195
v -0.07284439 -0.01706224 0.08520277
v -0.07291386 -0.01710298 0.08493150
v -0.07118574 -0.02308712 0.08518195
v -0.07291386 -0.01710298 0.08493150
v -0.07122307 -0.02313304 0.08493234
v -0.06633909 -0.03466455 0.08517185
v -0.06899239 -0.02893893 0.08520271
v -0.06904054 -0.02902320 0.08493150
v -0.06633909 -0.03466455 0.08517185
v -0.06904054 -0.02902320 0.08493150
v -0.06636801 -0.03467595 0.08493296
v -0.05964748 -0.04519012 0.08518790
v -0.06322289 -0.04007227 0.08516429
v -0.05965370 -0.04526918 0.08493234
v -0.05965370 -0.04526918 0.08493234
v -0.06322289 -0.04007227 0.08516429
v -0.06323359 -0.04010792 0.08493296
v -0.05124906 -0.05455310 0.08517185
v -0.05563418 -0.05007337 0.08517185
v -0.05565935 -0.05009161 0.08493297
v -0.05127257 -0.05457339 0.08493297
v -0.04146815 -0.06229255 0.08518788
v -0.04651587 -0.05862335 0.08518193
v -0.04652159 -0.05868223 0.08493234
v -0.04146815 -0.06229255 0.08518788
v -0.04652159 -0.05868223 0.08493234
v -0.04144801 -0.06236927 0.08493234
v -0.03045767 -0.06837278 0.08517185
v -0.03606789 -0.06556745 0.08518794
v -0.03608375 -0.06561878 0.08493234
v -0.03045767 -0.06837278 0.08517185
v -0.03608375 -0.06561878 0.08493234
v -0.03047320 -0.06839969 0.08493296
v -0.01862787 -0.07245983 0.08520278
v -0.02465658 -0.07067513 0.08516429
v -0.01862402 -0.07254025 0.08493150
v -0.01862402 -0.07254025 0.08493150
v -0.02465658 -0.07067513 0.08516429
v -0.02464288 -0.07070970 0.08493297
v -0.00630241 -0.07457013 0.08518193
v -0.01249723 -0.07379924 0.08517185
v -0.00627457 -0.07462233 0.08493234
v -0.00627457 -0.07462233 0.08493234
v -0.01249723 -0.07379924 0.08517185
v -0.01250553 -0.07382915 0.08493296
v -0.00312757 0.07482033 0.08493233
v 0.00321119 0.07478086 0.08517181
v 0.00315372 0.07481436 0.08493295
v 0.00315372 0.07481436 0.08493295
v 0.00321119 0.07478086 0.08517181
v 0.00936729 0.07430381 0.08493172
v -0.00933948 0.07426773 0.08516430
v -0.00311451 0.07476821 0.08518795
v -0.00312757 0.07482033 0.08493233
v -0.00933948 0.07426773 0.08516430
v -0.00312757 0.07482033 0.08493233
v -0.00936720 0.07429259 0.08493296
v -0.02161076 0.07164469 0.08518794
v -0.01550486 0.07317397 0.08521637
v -0.01554161 0.07325510 0.08505219
v -0.02161076 0.07164469 0.08518794
v -0.01554161 0.07325510 0.08505219
v -0.02163638 0.07169191 0.08493233
v -0.02163638 0.07169191 0.08493233
v -0.01554161 0.07325510 0.08505219
v -0.01554121 0.07324780 0.08493330
v -0.02754870 0.06962904 0.08493295
v -0.03326894 0.06708166 0.08493330
v -0.03327115 0.06708862 0.08505218
v -0.02754870 0.06962904 0.08493295
v -0.03327115 0.06708862 0.08505218
v -0.02754034 0.06959911 0.08517185
v -0.02754034 0.06959911 0.08517185
v -0.03327115 0.06708862 0.08505218
v -0.03322820 0.06701575 0.08521324
v -0.03877485 0.06405969 0.08493295
v -0.04399925 0.06059042 0.08493295
v -0.04396302 0.06058196 0.08516430
v -0.03877485 0.06405969 0.08493295
v -0.04396302 0.06058196 0.08516430
v -0.03870842 0.06406362 0.08517181
v -0.04892553 0.05669352 0.08493234
v -0.05349794 0.05240071 0.08493234
v -0.05341881 0.05240610 0.08518788
v -0.04892553 0.05669352 0.08493234
v -0.05341881 0.05240610 0.08518788
v -0.04884624 0.05669228 0.08518788
v -0.05769507 0.04774034 0.08493234
v -0.06148755 0.04274510 0.08493234
v -0.06142843 0.04274308 0.08518194
v -0.05769507 0.04774034 0.08493234
v -0.06142843 0.04274308 0.08518194
v -0.05764762 0.04771517 0.08518795
v -0.06484871 0.03745007 0.08493234
v -0.06774027 0.03190653 0.08493330
v -0.06774633 0.03191062 0.08505218
v -0.06484871 0.03745007 0.08493234
v -0.06774633 0.03191062 0.08505218
v -0.06477343 0.03747496 0.08518788
v -0.06477343 0.03747496 0.08518788
v -0.06774633 0.03191062 0.08505218
v -0.06765950 0.03189082 0.08521636
v -0.07018609 0.02611084 0.08493234
v -0.07212482 0.02014631 0.08493234
v -0.07205811 0.02018910 0.08518787
v -0.07018609 0.02611084 0.08493234
v -0.07205811 0.02018910 0.08518787
v -0.07012831 0.02612364 0.08518193
v -0.07355768 0.01404032 0.08493234
v -0.07448272 0.00782733 0.08493150
v -0.07349476 0.01408864 0.08518790
v -0.07349476 0.01408864 0.08518790
v -0.07448272 0.00782733 0.08493150
v -0.07440371 0.00784294 0.08520277
v -0.07486399 0.00158624 0.08493296
v -0.07473842 -0.00469381 0.08493234
v -0.07483534 0.00160993 0.08516429
v -0.07483534 0.00160993 0.08516429
v -0.07473842 -0.00469381 0.08493234
v -0.07468949 -0.00463139 0.08518790
v -0.07408927 -0.01094177 0.08493150
v -0.07291386 -0.01710298 0.08493150
v -0.07284439 -0.01706224 0.08520277
v -0.07408927 -0.01094177 0.08493150
v -0.07284439 -0.01706224 0.08520277
v -0.07401664 -0.01090691 0.08520278
v -0.07122307 -0.02313304 0.08493234
v -0.06904054 -0.02902320 0.08493150
v -0.07118574 -0.02308712 0.08518195
v -0.07118574 -0.02308712 0.08518195
v -0.06904054 -0.02902320 0.08493150
v -0.06899239 -0.02893893 0.08520271
v -0.06636801 -0.03467595 0.08493296
v -0.06323359 -0.04010792 0.08493296
v -0.06322289 -0.04007227 0.08516429
v -0.06636801 -0.03467595 0.08493296
v -0.06322289 -0.04007227 0.08516429
v -0.06633909 -0.03466455 0.08517185
v -0.05965370 -0.04526918 0.08493234
v -0.05565935 -0.05009161 0.08493297
v -0.05563418 -0.05007337 0.08517185
v -0.05965370 -0.04526918 0.08493234
v -0.05563418 -0.05007337 0.08517185
v -0.05964748 -0.04519012 0.08518790
v -0.05127257 -0.05457339 0.08493297
v -0.04652159 -0.05868223 0.08493234
v -0.05124906 -0.05455310 0.08517185
v -0.05124906 -0.05455310 0.08517185
v -0.04652159 -0.05868223 0.08493234
v -0.04651587 -0.05862335 0.08518193
v -0.04144801 -0.06236927 0.08493234
v -0.03608375 -0.06561878 0.08493234
v -0.03606789 -0.06556745 0.08518794
v -0.04144801 -0.06236927 0.08493234
v -0.03606789 -0.06556745 0.08518794
v -0.04146815 -0.06229255 0.08518788
v -0.03047320 -0.06839969 0.08493296
v -0.02464288 -0.07070970 0.08493297
v -0.02465658 -0.07067513 0.08516429
v -0.03047320 -0.06839969 0.08493296
v -0.02465658 -0.07067513 0.08516429
v -0.03045767 -0.06837278 0.08517185
v -0.01862402 -0.07254025 0.08493150
v -0.01250553 -0.07382915 0.08493296
v -0.01249723 -0.07379924 0.08517185
v -0.01862402 -0.07254025 0.08493150
v -0.01249723 -0.07379924 0.08517185
v -0.01862787 -0.07245983 0.08520278
v -0.00001499 -0.07484989 0.08517185
v -0.00630241 -0.07457013 0.08518193
v -0.00627457 -0.07462233 0.08493234
v -0.00001499 -0.07484989 0.08517185
v -0.00627457 -0.07462233 0.08493234
v -0.00001805 -0.07488079 0.08493297
v 0.00622294 -0.07455954 0.08519824
v -0.00001499 -0.07484989 0.08517185
v 0.00626803 -0.07463013 0.08493150
v 0.00626803 -0.07463013 0.08493150
v -0.00001499 -0.07484989 0.08517185
v -0.00001805 -0.07488079 0.08493297
v 0.01241988 -0.07377777 0.08520269
v 0.00622294 -0.07455954 0.08519824
v 0.00626803 -0.07463013 0.08493150
v 0.01241988 -0.07377777 0.08520269
v 0.00626803 -0.07463013 0.08493150
v 0.01249090 -0.07384389 0.08493150
v 0.03602343 -0.06561428 0.08516429
v 0.03043072 -0.06838478 0.08517185
v 0.03044025 -0.06841436 0.08493296
v 0.03044025 -0.06841436 0.08493296
v 0.03043072 -0.06838478 0.08517185
v 0.02461951 -0.07072300 0.08493234
v 0.04140898 -0.06235224 0.08517185
v 0.03602343 -0.06561428 0.08516429
v 0.03605831 -0.06562721 0.08493296
v 0.03605831 -0.06562721 0.08493296
v 0.03602343 -0.06561428 0.08516429
v 0.03044025 -0.06841436 0.08493296
v 0.04646138 -0.05868783 0.08516431
v 0.04140898 -0.06235224 0.08517185
v 0.04142338 -0.06237977 0.08493296
v 0.04142338 -0.06237977 0.08493296
v 0.04140898 -0.06235224 0.08517185
v 0.03605831 -0.06562721 0.08493296
v 0.05118212 -0.05461573 0.08517182
v 0.04646138 -0.05868783 0.08516431
v 0.04649787 -0.05869481 0.08493296
v 0.04649787 -0.05869481 0.08493296
v 0.04646138 -0.05868783 0.08516431
v 0.04142338 -0.06237977 0.08493296
v 0.05557273 -0.05014140 0.08517182
v 0.05118212 -0.05461573 0.08517182
v 0.05124632 -0.05459805 0.08493296
v 0.05124632 -0.05459805 0.08493296
v 0.05959678 -0.04528956 0.08516429
v 0.05557273 -0.05014140 0.08517182
v 0.05563517 -0.05011847 0.08493296
v 0.05563517 -0.05011847 0.08493296
v 0.05557273 -0.05014140 0.08517182
v 0.05124632 -0.05459805 0.08493296
v 0.06896126 -0.02901324 0.08520277
v 0.06627525 -0.03471318 0.08520269
v 0.06637089 -0.03469652 0.08493150
v 0.06637089 -0.03469652 0.08493150
v 0.06627525 -0.03471318 0.08520269
v 0.06315654 -0.04017138 0.08517182
v 0.06315654 -0.04017138 0.08517182
v 0.05959678 -0.04528956 0.08516429
v 0.05963389 -0.04528721 0.08493296
v 0.05963389 -0.04528721 0.08493296
v 0.05959678 -0.04528956 0.08516429
v 0.05563517 -0.05011847 0.08493296
v 0.07114719 -0.02314091 0.08520277
v 0.06896126 -0.02901324 0.08520277
v 0.06904143 -0.02902111 0.08493150
v 0.06904143 -0.02902111 0.08493150
v 0.06896126 -0.02901324 0.08520277
v 0.06637089 -0.03469652 0.08493150
v 0.06637089 -0.03469652 0.08493150
v 0.06315654 -0.04017138 0.08517182
v 0.06321428 -0.04013836 0.08493297
v 0.06321428 -0.04013836 0.08493297
v 0.06315654 -0.04017138 0.08517182
v 0.05963389 -0.04528721 0.08493296
v 0.07283332 -0.01712180 0.08519826
v 0.07114719 -0.02314091 0.08520277
v 0.07122774 -0.02314201 0.08493150
v 0.07122774 -0.02314201 0.08493150
v 0.07114719 -0.02314091 0.08520277
v 0.06904143 -0.02902111 0.08493150
v 0.07402028 -0.01099867 0.08518787
v 0.07283332 -0.01712180 0.08519826
v 0.07291439 -0.01710072 0.08493150
v 0.07291439 -0.01710072 0.08493150
v 0.07283332 -0.01712180 0.08519826
v 0.07122774 -0.02314201 0.08493150
v 0.07470229 -0.00474233 0.08516429
v 0.07402028 -0.01099867 0.08518787
v 0.07408110 -0.01094775 0.08493234
v 0.07408110 -0.01094775 0.08493234
v 0.07402028 -0.01099867 0.08518787
v 0.07291439 -0.01710072 0.08493150
v 0.07351800 0.01398318 0.08518192
v 0.07439382 0.00777119 0.08521638
v 0.07447834 0.00779922 0.08505222
v 0.07447834 0.00779922 0.08505222
v 0.07439382 0.00777119 0.08521638
v 0.07483493 0.00149062 0.08517182
v 0.07483493 0.00149062 0.08517182
v 0.07470229 -0.00474233 0.08516429
v 0.07473190 -0.00471977 0.08493296
v 0.07473190 -0.00471977 0.08493296
v 0.07470229 -0.00474233 0.08516429
v 0.07408110 -0.01094775 0.08493234
v 0.07447834 0.00779922 0.08505222
v 0.07483493 0.00149062 0.08517182
v 0.07486476 0.00155013 0.08493296
v 0.07486476 0.00155013 0.08493296
v 0.07209442 0.02005900 0.08518790
v 0.07351800 0.01398318 0.08518192
v 0.07356079 0.01402405 0.08493234
v 0.07356079 0.01402405 0.08493234
v 0.07351800 0.01398318 0.08518192
v 0.07447834 0.00779922 0.08505222
v 0.07018210 0.02601849 0.08517181
v 0.07209442 0.02005900 0.08518790
v 0.07212931 0.02013024 0.08493234
v 0.07212931 0.02013024 0.08493234
v 0.07209442 0.02005900 0.08518790
v 0.07356079 0.01402405 0.08493234
v 0.07356079 0.01402405 0.08493234
v 0.07447834 0.00779922 0.08505222
v 0.07447105 0.00779960 0.08493330
v 0.07447105 0.00779960 0.08493330
v 0.07447834 0.00779922 0.08505222
v 0.07486476 0.00155013 0.08493296
v 0.06773250 0.03185617 0.08517185
v 0.07018210 0.02601849 0.08517181
v 0.07019070 0.02608447 0.08493296
v 0.07019070 0.02608447 0.08493296
v 0.07018210 0.02601849 0.08517181
v 0.07212931 0.02013024 0.08493234
v 0.06484547 0.03738963 0.08516430
v 0.06773250 0.03185617 0.08517185
v 0.06776185 0.03186635 0.08493295
v 0.06776185 0.03186635 0.08493295
v 0.06773250 0.03185617 0.08517185
v 0.07019070 0.02608447 0.08493296
v 0.05772172 0.04765179 0.08517181
v 0.06148757 0.04265267 0.08518787
v 0.06149707 0.04273141 0.08493234
v 0.06149707 0.04273141 0.08493234
v 0.06148757 0.04265267 0.08518787
v 0.06484547 0.03738963 0.08516430
v 0.06149707 0.04273141 0.08493234
v 0.06484547 0.03738963 0.08516430
v 0.06485767 0.03742480 0.08493295
v 0.06485767 0.03742480 0.08493295
v 0.06484547 0.03738963 0.08516430
v 0.06776185 0.03186635 0.08493295
v 0.05350982 0.05234138 0.08516429
v 0.05772172 0.04765179 0.08517181
v 0.05770812 0.04771694 0.08493296
v 0.05770812 0.04771694 0.08493296
v 0.05772172 0.04765179 0.08517181
v 0.06149707 0.04273141 0.08493234
v 0.03878193 0.06399958 0.08518795
v 0.04402247 0.06049326 0.08520270
v 0.04401998 0.06059030 0.08493150
v 0.04401998 0.06059030 0.08493150
v 0.04402247 0.06049326 0.08520270
v 0.04896655 0.05661065 0.08517181
v 0.04896655 0.05661065 0.08517181
v 0.05350982 0.05234138 0.08516429
v 0.05351290 0.05237846 0.08493296
v 0.05351290 0.05237846 0.08493296
v 0.05350982 0.05234138 0.08516429
v 0.05770812 0.04771694 0.08493296
v 0.04401998 0.06059030 0.08493150
v 0.04896655 0.05661065 0.08517181
v 0.04894230 0.05667261 0.08493296
v 0.04894230 0.05667261 0.08493296
v 0.03329058 0.06702032 0.08518793
v 0.03878193 0.06399958 0.08518795
v 0.03879992 0.06405022 0.08493233
v 0.03879992 0.06405022 0.08493233
v 0.03878193 0.06399958 0.08518795
v 0.04401998 0.06059030 0.08493150
v 0.02759446 0.06958066 0.08516428
v 0.03329058 0.06702032 0.08518793
v 0.03330424 0.06707229 0.08493233
v 0.03330424 0.06707229 0.08493233
v 0.00941487 0.07422406 0.08519825
v 0.01557725 0.07317632 0.08520277
v 0.01528995 0.07330036 0.08494149
v 0.01528995 0.07330036 0.08494149
v 0.01557725 0.07317632 0.08520277
v 0.02170754 0.07163290 0.08517181
v 0.02170754 0.07163290 0.08517181
v 0.02759446 0.06958066 0.08516428
v 0.02758223 0.06961576 0.08493296
v 0.02758223 0.06961576 0.08493296
v 0.02759446 0.06958066 0.08516428
v 0.03330424 0.06707229 0.08493233
v 0.00321119 0.07478086 0.08517181
v 0.00941487 0.07422406 0.08519825
v 0.00936729 0.07430381 0.08493172
v 0.00936729 0.07430381 0.08493172
v 0.00941487 0.07422406 0.08519825
v 0.01528995 0.07330036 0.08494149
v 0.01528995 0.07330036 0.08494149
v 0.02170754 0.07163290 0.08517181
v 0.02168702 0.07167055 0.08493288
v 0.02168702 0.07167055 0.08493288
v -0.00623225 -0.07431891 0.08535619
v -0.00630241 -0.07457013 0.08518193
v -0.00002173 -0.07454248 0.08538779
v -0.00002173 -0.07454248 0.08538779
v -0.00630241 -0.07457013 0.08518193
v -0.00001499 -0.07484989 0.08517185
v -0.00002173 -0.07454248 0.08538779
v -0.00001499 -0.07484989 0.08517185
v 0.00623776 -0.07431589 0.08535947
v 0.00623776 -0.07431589 0.08535947
v -0.00001499 -0.07484989 0.08517185
v 0.00622294 -0.07455954 0.08519824
v 0.00623776 -0.07431589 0.08535947
v 0.00622294 -0.07455954 0.08519824
v 0.01242983 -0.07353850 0.08535378
v 0.01242983 -0.07353850 0.08535378
v 0.00622294 -0.07455954 0.08519824
v 0.01241988 -0.07377777 0.08520269
v 0.01242983 -0.07353850 0.08535378
v 0.01241988 -0.07377777 0.08520269
v 0.01854476 -0.07249870 0.08518788
v 0.01242983 -0.07353850 0.08535378
v 0.01854476 -0.07249870 0.08518788
v 0.01854502 -0.07221490 0.08537646
v 0.01854502 -0.07221490 0.08537646
v 0.01854476 -0.07249870 0.08518788
v 0.02450975 -0.07043764 0.08535555
v 0.02450975 -0.07043764 0.08535555
v 0.01854476 -0.07249870 0.08518788
v 0.02459199 -0.07067687 0.08518795
v 0.02450975 -0.07043764 0.08535555
v 0.02459199 -0.07067687 0.08518795
v 0.03029925 -0.06810680 0.08538780
v 0.03029925 -0.06810680 0.08538780
v 0.02459199 -0.07067687 0.08518795
v 0.03043072 -0.06838478 0.08517185
v 0.03029925 -0.06810680 0.08538780
v 0.03043072 -0.06838478 0.08517185
v 0.03592544 -0.06535383 0.08535947
v 0.03592544 -0.06535383 0.08535947
v 0.03043072 -0.06838478 0.08517185
v 0.03602343 -0.06561428 0.08516429
v 0.03592544 -0.06535383 0.08535947
v 0.03602343 -0.06561428 0.08516429
v 0.04125685 -0.06212939 0.08535554
v 0.04125685 -0.06212939 0.08535554
v 0.03602343 -0.06561428 0.08516429
v 0.04140898 -0.06235224 0.08517185
v 0.04125685 -0.06212939 0.08535554
v 0.04140898 -0.06235224 0.08517185
v 0.04628483 -0.05843197 0.08538780
v 0.04628483 -0.05843197 0.08538780
v 0.04140898 -0.06235224 0.08517185
v 0.04646138 -0.05868783 0.08516431
v 0.04628483 -0.05843197 0.08538780
v 0.04646138 -0.05868783 0.08516431
v 0.05118212 -0.05461573 0.08517182
v 0.04628483 -0.05843197 0.08538780
v 0.05118212 -0.05461573 0.08517182
v 0.05104092 -0.05434827 0.08537646
v 0.05104092 -0.05434827 0.08537646
v 0.05118212 -0.05461573 0.08517182
v 0.05541961 -0.04985212 0.08538843
v 0.05541961 -0.04985212 0.08538843
v 0.05118212 -0.05461573 0.08517182
v 0.05557273 -0.05014140 0.08517182
v 0.05541961 -0.04985212 0.08538843
v 0.05557273 -0.05014140 0.08517182
v 0.05936213 -0.04508566 0.08538782
v 0.05959678 -0.04528956 0.08516429
v 0.05936213 -0.04508566 0.08538782
v 0.05959678 -0.04528956 0.08516429
v 0.06315654 -0.04017138 0.08517182
v 0.05936213 -0.04508566 0.08538782
v 0.06315654 -0.04017138 0.08517182
v 0.06294041 -0.03993295 0.08539501
v 0.06294041 -0.03993295 0.08539501
v 0.06315654 -0.04017138 0.08517182
v 0.06607624 -0.03450363 0.08538843
v 0.06607624 -0.03450363 0.08538843
v 0.06315654 -0.04017138 0.08517182
v 0.06627525 -0.03471318 0.08520269
v 0.06607624 -0.03450363 0.08538843
v 0.06627525 -0.03471318 0.08520269
v 0.06874561 -0.02891766 0.08535554
v 0.06874561 -0.02891766 0.08535554
v 0.06627525 -0.03471318 0.08520269
v 0.06896126 -0.02901324 0.08520277
v 0.06874561 -0.02891766 0.08535554
v 0.06896126 -0.02901324 0.08520277
v 0.07089392 -0.02302576 0.08539503
v 0.07089392 -0.02302576 0.08539503
v 0.06896126 -0.02901324 0.08520277
v 0.07114719 -0.02314091 0.08520277
v 0.07089392 -0.02302576 0.08539503
v 0.07114719 -0.02314091 0.08520277
v 0.07258104 -0.01698712 0.08538844
v 0.07258104 -0.01698712 0.08538844
v 0.07114719 -0.02314091 0.08520277
v 0.07283332 -0.01712180 0.08519826
v 0.07258104 -0.01698712 0.08538844
v 0.07283332 -0.01712180 0.08519826
v 0.07374795 -0.01085411 0.08538843
v 0.07374795 -0.01085411 0.08538843
v 0.07283332 -0.01712180 0.08519826
v 0.07402028 -0.01099867 0.08518787
v 0.07374795 -0.01085411 0.08538843
v 0.07402028 -0.01099867 0.08518787
v 0.07442990 -0.00468545 0.08535947
v 0.07470229 -0.00474233 0.08516429
v 0.07442990 -0.00468545 0.08535947
v 0.07470229 -0.00474233 0.08516429
v 0.07456323 0.00157038 0.08535620
v 0.07456323 0.00157038 0.08535620
v 0.07470229 -0.00474233 0.08516429
v 0.07483493 0.00149062 0.08517182
v 0.07456323 0.00157038 0.08535620
v 0.07483493 0.00149062 0.08517182
v 0.07417031 0.00780416 0.08535620
v 0.07417031 0.00780416 0.08535620
v 0.07483493 0.00149062 0.08517182
v 0.07439382 0.00777119 0.08521638
v 0.07417031 0.00780416 0.08535620
v 0.07439382 0.00777119 0.08521638
v 0.07320888 0.01393962 0.08540623
v 0.07320888 0.01393962 0.08540623
v 0.07439382 0.00777119 0.08521638
v 0.07351800 0.01398318 0.08518192
v 0.07320888 0.01393962 0.08540623
v 0.07351800 0.01398318 0.08518192
v 0.07209442 0.02005900 0.08518790
v 0.07320888 0.01393962 0.08540623
v 0.07209442 0.02005900 0.08518790
v 0.07178568 0.02001669 0.08540623
v 0.07178568 0.02001669 0.08540623
v 0.07209442 0.02005900 0.08518790
v 0.07018210 0.02601849 0.08517181
v 0.07178568 0.02001669 0.08540623
v 0.07018210 0.02601849 0.08517181
v 0.06984305 0.02598872 0.08541522
v 0.06984305 0.02598872 0.08541522
v 0.07018210 0.02601849 0.08517181
v 0.06750700 0.03174695 0.08534123
v 0.06750700 0.03174695 0.08534123
v 0.07018210 0.02601849 0.08517181
v 0.06773250 0.03185617 0.08517185
v 0.06750700 0.03174695 0.08534123
v 0.06773250 0.03185617 0.08517185
v 0.06458714 0.03728623 0.08535947
v 0.06458714 0.03728623 0.08535947
v 0.06773250 0.03185617 0.08517185
v 0.06484547 0.03738963 0.08516430
v 0.06458714 0.03728623 0.08535947
v 0.06484547 0.03738963 0.08516430
v 0.06123625 0.04257069 0.08535620
v 0.06123625 0.04257069 0.08535620
v 0.06484547 0.03738963 0.08516430
v 0.06148757 0.04265267 0.08518787
v 0.06123625 0.04257069 0.08535620
v 0.06148757 0.04265267 0.08518787
v 0.05745926 0.04754551 0.08535620
v 0.05772172 0.04765179 0.08517181
v 0.05745926 0.04754551 0.08535620
v 0.05772172 0.04765179 0.08517181
v 0.05326315 0.05212378 0.08540623
v 0.05326315 0.05212378 0.08540623
v 0.05772172 0.04765179 0.08517181
v 0.05350982 0.05234138 0.08516429
v 0.05326315 0.05212378 0.08540623
v 0.05350982 0.05234138 0.08516429
v 0.04896655 0.05661065 0.08517181
v 0.05326315 0.05212378 0.08540623
v 0.04896655 0.05661065 0.08517181
v 0.04873236 0.05645280 0.08535947
v 0.04873236 0.05645280 0.08535947
v 0.04896655 0.05661065 0.08517181
v 0.04382998 0.06034132 0.08535619
v 0.04382998 0.06034132 0.08535619
v 0.04896655 0.05661065 0.08517181
v 0.04402247 0.06049326 0.08520270
v 0.04382998 0.06034132 0.08535619
v 0.04402247 0.06049326 0.08520270
v 0.03865007 0.06378372 0.08535554
v 0.03865007 0.06378372 0.08535554
v 0.04402247 0.06049326 0.08520270
v 0.03878193 0.06399958 0.08518795
v 0.03865007 0.06378372 0.08535554
v 0.03878193 0.06399958 0.08518795
v 0.03316373 0.06675890 0.08538779
v 0.03316373 0.06675890 0.08538779
v 0.03878193 0.06399958 0.08518795
v 0.03329058 0.06702032 0.08518793
v 0.03316373 0.06675890 0.08538779
v 0.03329058 0.06702032 0.08518793
v 0.02743183 0.06930823 0.08539501
v 0.02743183 0.06930823 0.08539501
v 0.03329058 0.06702032 0.08518793
v 0.02759446 0.06958066 0.08516428
v 0.02743183 0.06930823 0.08539501
v 0.02759446 0.06958066 0.08516428
v 0.02151102 0.07137118 0.08538844
v 0.02151102 0.07137118 0.08538844
v 0.02759446 0.06958066 0.08516428
v 0.02170754 0.07163290 0.08517181
v 0.02151102 0.07137118 0.08538844
v 0.02170754 0.07163290 0.08517181
v 0.01552728 0.07296549 0.08534125
v 0.01552728 0.07296549 0.08534125
v 0.02170754 0.07163290 0.08517181
v 0.01557725 0.07317632 0.08520277
v 0.01552728 0.07296549 0.08534125
v 0.01557725 0.07317632 0.08520277
v 0.00932670 0.07393564 0.08541521
v 0.00932670 0.07393564 0.08541521
v 0.01557725 0.07317632 0.08520277
v 0.00941487 0.07422406 0.08519825
v 0.00932670 0.07393564 0.08541521
v 0.00941487 0.07422406 0.08519825
v 0.00311459 0.07451471 0.08535620
v 0.00311459 0.07451471 0.08535620
v 0.00941487 0.07422406 0.08519825
v 0.00321119 0.07478086 0.08517181
v 0.00311459 0.07451471 0.08535620
v 0.00321119 0.07478086 0.08517181
v -0.00309549 0.07445987 0.08540623
v -0.00309549 0.07445987 0.08540623
v 0.00321119 0.07478086 0.08517181
v -0.00311451 0.07476821 0.08518795
v -0.00309549 0.07445987 0.08540623
v -0.00311451 0.07476821 0.08518795
v -0.00934791 0.07396978 0.08537644
v -0.00934791 0.07396978 0.08537644
v -0.00311451 0.07476821 0.08518795
v -0.00933948 0.07426773 0.08516430
v -0.00934791 0.07396978 0.08537644
v -0.00933948 0.07426773 0.08516430
v -0.01554250 0.07288544 0.08540683
v -0.01554250 0.07288544 0.08540683
v -0.00933948 0.07426773 0.08516430
v -0.01550486 0.07317397 0.08521637
v -0.01554250 0.07288544 0.08540683
v -0.01550486 0.07317397 0.08521637
v -0.02152427 0.07136727 0.08538781
v -0.02152427 0.07136727 0.08538781
v -0.01550486 0.07317397 0.08521637
v -0.02161076 0.07164469 0.08518794
v -0.02152427 0.07136727 0.08538781
v -0.02161076 0.07164469 0.08518794
v -0.02744972 0.06932118 0.08537644
v -0.02754034 0.06959911 0.08517185
v -0.02744972 0.06932118 0.08537644
v -0.02754034 0.06959911 0.08517185
v -0.03316841 0.06679820 0.08535620
v -0.03316841 0.06679820 0.08535620
v -0.02754034 0.06959911 0.08517185
v -0.03322820 0.06701575 0.08521324
v -0.03316841 0.06679820 0.08535620
v -0.03322820 0.06701575 0.08521324
v -0.03864160 0.06378847 0.08535619
v -0.03864160 0.06378847 0.08535619
v -0.03322820 0.06701575 0.08521324
v -0.03870842 0.06406362 0.08517181
v -0.03864160 0.06378847 0.08535619
v -0.03870842 0.06406362 0.08517181
v -0.04378376 0.06030619 0.08540622
v -0.04378376 0.06030619 0.08540622
v -0.03870842 0.06406362 0.08517181
v -0.04396302 0.06058196 0.08516430
v -0.04378376 0.06030619 0.08540622
v -0.04396302 0.06058196 0.08516430
v -0.04884624 0.05669228 0.08518788
v -0.04378376 0.06030619 0.08540622
v -0.04884624 0.05669228 0.08518788
v -0.04871841 0.05646863 0.08535554
v -0.04871841 0.05646863 0.08535554
v -0.04884624 0.05669228 0.08518788
v -0.05341881 0.05240610 0.08518788
v -0.04871841 0.05646863 0.08535554
v -0.05341881 0.05240610 0.08518788
v -0.05328149 0.05218087 0.08535947
v -0.05328149 0.05218087 0.08535947
v -0.05341881 0.05240610 0.08518788
v -0.05745336 0.04755317 0.08535552
v -0.05745336 0.04755317 0.08535552
v -0.05341881 0.05240610 0.08518788
v -0.05764762 0.04771517 0.08518795
v -0.05745336 0.04755317 0.08535552
v -0.05764762 0.04771517 0.08518795
v -0.06123102 0.04257879 0.08535553
v -0.06123102 0.04257879 0.08535553
v -0.05764762 0.04771517 0.08518795
v -0.06142843 0.04274308 0.08518194
v -0.06123102 0.04257879 0.08535553
v -0.06142843 0.04274308 0.08518194
v -0.06477343 0.03747496 0.08518788
v -0.06123102 0.04257879 0.08535553
v -0.06477343 0.03747496 0.08518788
v -0.06454432 0.03724913 0.08541521
v -0.06454432 0.03724913 0.08541521
v -0.06477343 0.03747496 0.08518788
v -0.06745240 0.03168644 0.08540682
v -0.06745240 0.03168644 0.08540682
v -0.06477343 0.03747496 0.08518788
v -0.06765950 0.03189082 0.08521636
v -0.06745240 0.03168644 0.08540682
v -0.06765950 0.03189082 0.08521636
v -0.06984135 0.02600074 0.08540623
v -0.06984135 0.02600074 0.08540623
v -0.06765950 0.03189082 0.08521636
v -0.07012831 0.02612364 0.08518193
v -0.06984135 0.02600074 0.08540623
v -0.07012831 0.02612364 0.08518193
v -0.07205811 0.02018910 0.08518787
v -0.06984135 0.02600074 0.08540623
v -0.07205811 0.02018910 0.08518787
v -0.07179596 0.02003681 0.08539502
v -0.07179596 0.02003681 0.08539502
v -0.07205811 0.02018910 0.08518787
v -0.07326034 0.01396653 0.08535619
v -0.07326034 0.01396653 0.08535619
v -0.07205811 0.02018910 0.08518787
v -0.07349476 0.01408864 0.08518790
v -0.07326034 0.01396653 0.08535619
v -0.07349476 0.01408864 0.08518790
v -0.07411329 0.00781501 0.08540622
v -0.07411329 0.00781501 0.08540622
v -0.07349476 0.01408864 0.08518790
v -0.07440371 0.00784294 0.08520277
v -0.07411329 0.00781501 0.08540622
v -0.07440371 0.00784294 0.08520277
v -0.07456079 0.00156456 0.08535948
v -0.07456079 0.00156456 0.08535948
v -0.07440371 0.00784294 0.08520277
v -0.07483534 0.00160993 0.08516429
v -0.07456079 0.00156456 0.08535948
v -0.07483534 0.00160993 0.08516429
v -0.07443205 -0.00469139 0.08535622
v -0.07443205 -0.00469139 0.08535622
v -0.07483534 0.00160993 0.08516429
v -0.07468949 -0.00463139 0.08518790
v -0.07443205 -0.00469139 0.08535622
v -0.07468949 -0.00463139 0.08518790
v -0.07374601 -0.01086778 0.08538780
v -0.07401664 -0.01090691 0.08520278
v -0.07374601 -0.01086778 0.08538780
v -0.07401664 -0.01090691 0.08520278
v -0.07258744 -0.01702861 0.08537646
v -0.07258744 -0.01702861 0.08537646
v -0.07401664 -0.01090691 0.08520278
v -0.07284439 -0.01706224 0.08520277
v -0.07258744 -0.01702861 0.08537646
v -0.07284439 -0.01706224 0.08520277
v -0.07090482 -0.02306177 0.08537160
v -0.07118574 -0.02308712 0.08518195
v -0.07090482 -0.02306177 0.08537160
v -0.07118574 -0.02308712 0.08518195
v -0.06874903 -0.02890867 0.08535620
v -0.06874903 -0.02890867 0.08535620
v -0.07118574 -0.02308712 0.08518195
v -0.06899239 -0.02893893 0.08520271
v -0.06874903 -0.02890867 0.08535620
v -0.06899239 -0.02893893 0.08520271
v -0.06610156 -0.03453656 0.08535554
v -0.06610156 -0.03453656 0.08535554
v -0.06899239 -0.02893893 0.08520271
v -0.06633909 -0.03466455 0.08517185
v -0.06610156 -0.03453656 0.08535554
v -0.06633909 -0.03466455 0.08517185
v -0.06296451 -0.03993540 0.08537096
v -0.06296451 -0.03993540 0.08537096
v -0.06633909 -0.03466455 0.08517185
v -0.06322289 -0.04007227 0.08516429
v -0.06296451 -0.03993540 0.08537096
v -0.06322289 -0.04007227 0.08516429
v -0.05964748 -0.04519012 0.08518790
v -0.06296451 -0.03993540 0.08537096
v -0.05964748 -0.04519012 0.08518790
v -0.05938575 -0.04508041 0.08537644
v -0.05938575 -0.04508041 0.08537644
v -0.05964748 -0.04519012 0.08518790
v -0.05542282 -0.04987662 0.08537096
v -0.05563418 -0.05007337 0.08517185
v -0.05542282 -0.04987662 0.08537096
v -0.05563418 -0.05007337 0.08517185
v -0.05105484 -0.05433940 0.08537096
v -0.05124906 -0.05455310 0.08517185
v -0.05105484 -0.05433940 0.08537096
v -0.05124906 -0.05455310 0.08517185
v -0.04630902 -0.05843273 0.08537646
v -0.04651587 -0.05862335 0.08518193
v -0.04630902 -0.05843273 0.08537646
v -0.04651587 -0.05862335 0.08518193
v -0.04124289 -0.06211570 0.08537161
v -0.04124289 -0.06211570 0.08537161
v -0.04651587 -0.05862335 0.08518193
v -0.04146815 -0.06229255 0.08518788
v -0.04124289 -0.06211570 0.08537161
v -0.04146815 -0.06229255 0.08518788
v -0.03593021 -0.06535120 0.08535950
v -0.03593021 -0.06535120 0.08535950
v -0.04146815 -0.06229255 0.08518788
v -0.03606789 -0.06556745 0.08518794
v -0.03593021 -0.06535120 0.08535950
v -0.03606789 -0.06556745 0.08518794
v -0.03028659 -0.06811234 0.08538844
v -0.03028659 -0.06811234 0.08538844
v -0.03606789 -0.06556745 0.08518794
v -0.03045767 -0.06837278 0.08517185
v -0.03028659 -0.06811234 0.08538844
v -0.03045767 -0.06837278 0.08517185
v -0.02451873 -0.07043418 0.08535619
v -0.02451873 -0.07043418 0.08535619
v -0.03045767 -0.06837278 0.08517185
v -0.02465658 -0.07067513 0.08516429
v -0.02451873 -0.07043418 0.08535619
v -0.02465658 -0.07067513 0.08516429
v -0.01856494 -0.07223249 0.08535554
v -0.01856494 -0.07223249 0.08535554
v -0.02465658 -0.07067513 0.08516429
v -0.01862787 -0.07245983 0.08520278
v -0.01856494 -0.07223249 0.08535554
v -0.01862787 -0.07245983 0.08520278
v -0.01242235 -0.07349708 0.08539503
v -0.01242235 -0.07349708 0.08539503
v -0.01862787 -0.07245983 0.08520278
v -0.01249723 -0.07379924 0.08517185
v -0.01242235 -0.07349708 0.08539503
v -0.01249723 -0.07379924 0.08517185
v -0.00623225 -0.07431891 0.08535619
v -0.00623225 -0.07431891 0.08535619
v -0.01249723 -0.07379924 0.08517185
v -0.00630241 -0.07457013 0.08518193
v 0.03316028 0.06713009 0.08587817
v 0.03857790 0.06419412 0.08588398
v 0.03875097 0.06386077 0.08585453
v 0.04397609 0.06039518 0.08585967
v 0.04861852 0.05696866 0.08588427
v 0.04885834 0.05650397 0.08585453
v 0.05315246 0.05275616 0.08588024
v 0.05733178 0.04819074 0.08588487
v 0.05759722 0.04756464 0.08585453
v 0.06444556 0.03808021 0.08587371
v 0.06735265 0.03266478 0.08587475
v 0.06761655 0.03174646 0.08585454
v 0.00338189 0.07478417 0.08587516
v 0.00954583 0.07428064 0.08588183
v 0.00942624 0.07410116 0.08585453
v -0.00281874 0.07480559 0.08587431
v 0.00338189 0.07478417 0.08587516
v 0.00319267 0.07463003 0.08585453
v -0.00928288 0.07406828 0.08583847
v -0.00898780 0.07431704 0.08587430
v -0.00281874 0.07480559 0.08587431
v -0.01546739 0.07307937 0.08585453
v -0.01510462 0.07335165 0.08588138
v -0.00898780 0.07431704 0.08587430
v -0.02150516 0.07148294 0.08583847
v -0.02110905 0.07185417 0.08588148
v -0.01510462 0.07335165 0.08588138
v -0.03261934 0.06737431 0.08587375
v -0.02695724 0.06987593 0.08588536
v -0.02743816 0.06947649 0.08585453
v -0.02743816 0.06947649 0.08585453
v -0.02695724 0.06987593 0.08588536
v -0.02110905 0.07185417 0.08588148
v -0.03864046 0.06392769 0.08585453
v -0.03804749 0.06448782 0.08587976
v -0.03261934 0.06737431 0.08587375
v -0.04809745 0.05737948 0.08587506
v -0.04321628 0.06115519 0.08588092
v -0.04385426 0.06047014 0.08585453
v 0.02747760 0.06966919 0.08588227
v 0.02755412 0.06937864 0.08584029
v 0.02164058 0.07169959 0.08588399
v 0.07180117 0.02122380 0.08587546
v 0.07340174 0.01391666 0.08585956
v 0.07196396 0.02002559 0.08585454
v 0.07196396 0.02002559 0.08585454
v 0.07340174 0.01391666 0.08585956
v 0.07179570 0.02000807 0.08572311
v 0.06982635 0.02705305 0.08588089
v 0.07180117 0.02122380 0.08587546
v 0.07003586 0.02597720 0.08585454
v 0.07003586 0.02597720 0.08585454
v 0.07180117 0.02122380 0.08587546
v 0.07196396 0.02002559 0.08585454
v 0.07003586 0.02597720 0.08585454
v 0.07196396 0.02002559 0.08585454
v 0.06986967 0.02594563 0.08572310
v 0.06986967 0.02594563 0.08572310
v 0.07196396 0.02002559 0.08585454
v 0.07179570 0.02000807 0.08572311
v 0.06735265 0.03266478 0.08587475
v 0.06982635 0.02705305 0.08588089
v 0.06761655 0.03174646 0.08585454
v 0.06761655 0.03174646 0.08585454
v 0.06982635 0.02705305 0.08588089
v 0.07003586 0.02597720 0.08585454
v 0.06761655 0.03174646 0.08585454
v 0.07003586 0.02597720 0.08585454
v 0.06746840 0.03171017 0.08574393
v 0.06746840 0.03171017 0.08574393
v 0.07003586 0.02597720 0.08585454
v 0.06986967 0.02594563 0.08572310
v 0.06472292 0.03729315 0.08585453
v 0.06444556 0.03808021 0.08587371
v 0.06761655 0.03174646 0.08585454
v 0.06472292 0.03729315 0.08585453
v 0.06761655 0.03174646 0.08585454
v 0.06457835 0.03724456 0.08574393
v 0.06457835 0.03724456 0.08574393
v 0.06761655 0.03174646 0.08585454
v 0.06746840 0.03171017 0.08574393
v 0.06110649 0.04329933 0.08588282
v 0.06444556 0.03808021 0.08587371
v 0.06137532 0.04257823 0.08585453
v 0.06137532 0.04257823 0.08585453
v 0.06472292 0.03729315 0.08585453
v 0.06137532 0.04257823 0.08585453
v 0.06472292 0.03729315 0.08585453
v 0.06123530 0.04251773 0.08574393
v 0.06123530 0.04251773 0.08574393
v 0.06472292 0.03729315 0.08585453
v 0.06457835 0.03724456 0.08574393
v 0.06123530 0.04251773 0.08574393
v 0.06457835 0.03724456 0.08574393
v 0.06118633 0.04249322 0.08554185
v 0.05733178 0.04819074 0.08588487
v 0.06110649 0.04329933 0.08588282
v 0.05759722 0.04756464 0.08585453
v 0.05759722 0.04756464 0.08585453
v 0.06110649 0.04329933 0.08588282
v 0.06137532 0.04257823 0.08585453
v 0.05759722 0.04756464 0.08585453
v 0.06137532 0.04257823 0.08585453
v 0.05746273 0.04749268 0.08574392
v 0.05746273 0.04749268 0.08574392
v 0.06137532 0.04257823 0.08585453
v 0.06123530 0.04251773 0.08574393
v 0.05746273 0.04749268 0.08574392
v 0.06123530 0.04251773 0.08574393
v 0.05741601 0.04746413 0.08554185
v 0.06118633 0.04249322 0.08554185
v 0.05341507 0.05221747 0.08585453
v 0.05315246 0.05275616 0.08588024
v 0.05759722 0.04756464 0.08585453
v 0.05341507 0.05221747 0.08585453
v 0.05759722 0.04756464 0.08585453
v 0.05327609 0.05212106 0.08572310
v 0.05327609 0.05212106 0.08572310
v 0.05759722 0.04756464 0.08585453
v 0.05746273 0.04749268 0.08574392
v 0.05327609 0.05212106 0.08572310
v 0.05746273 0.04749268 0.08574392
v 0.05741601 0.04746413 0.08554185
v 0.05327609 0.05212106 0.08572310
v 0.05741601 0.04746413 0.08554185
v 0.05326315 0.05212378 0.08540623
v 0.04861852 0.05696866 0.08588427
v 0.05315246 0.05275616 0.08588024
v 0.04885834 0.05650397 0.08585453
v 0.04885834 0.05650397 0.08585453
v 0.05315246 0.05275616 0.08588024
v 0.05341507 0.05221747 0.08585453
v 0.04885834 0.05650397 0.08585453
v 0.05341507 0.05221747 0.08585453
v 0.04873775 0.05641056 0.08574392
v 0.04873775 0.05641056 0.08574392
v 0.05341507 0.05221747 0.08585453
v 0.05327609 0.05212106 0.08572310
v 0.04873775 0.05641056 0.08574392
v 0.05327609 0.05212106 0.08572310
v 0.04869643 0.05637464 0.08554185
v 0.04869643 0.05637464 0.08554185
v 0.05327609 0.05212106 0.08572310
v 0.05326315 0.05212378 0.08540623
v 0.04397609 0.06039518 0.08585967
v 0.04885834 0.05650397 0.08585453
v 0.04384650 0.06029101 0.08574393
v 0.04384650 0.06029101 0.08574393
v 0.04885834 0.05650397 0.08585453
v 0.04873775 0.05641056 0.08574392
v 0.04384650 0.06029101 0.08574393
v 0.04873775 0.05641056 0.08574392
v 0.04380832 0.06025175 0.08554185
v 0.04869643 0.05637464 0.08554185
v 0.04380832 0.06025175 0.08554185
v 0.04869643 0.05637464 0.08554185
v 0.04382998 0.06034132 0.08535619
v 0.03857790 0.06419412 0.08588398
v 0.04397609 0.06039518 0.08585967
v 0.03875097 0.06386077 0.08585453
v 0.03875097 0.06386077 0.08585453
v 0.04397609 0.06039518 0.08585967
v 0.03864770 0.06374853 0.08574392
v 0.04384650 0.06029101 0.08574393
v 0.03864770 0.06374853 0.08574392
v 0.04384650 0.06029101 0.08574393
v 0.03861297 0.06370620 0.08554186
v 0.03861297 0.06370620 0.08554186
v 0.04384650 0.06029101 0.08574393
v 0.04380832 0.06025175 0.08554185
v 0.03861297 0.06370620 0.08554186
v 0.04380832 0.06025175 0.08554185
v 0.03865007 0.06378372 0.08535554
v 0.03865007 0.06378372 0.08535554
v 0.04380832 0.06025175 0.08554185
v 0.04382998 0.06034132 0.08535619
v 0.03316028 0.06713009 0.08587817
v 0.03875097 0.06386077 0.08585453
v 0.03322216 0.06682085 0.08581899
v 0.03322216 0.06682085 0.08581899
v 0.03875097 0.06386077 0.08585453
v 0.03864770 0.06374853 0.08574392
v 0.03322216 0.06682085 0.08581899
v 0.03864770 0.06374853 0.08574392
v 0.03315359 0.06672077 0.08564766
v 0.03315359 0.06672077 0.08564766
v 0.03864770 0.06374853 0.08574392
v 0.03861297 0.06370620 0.08554186
v 0.03315359 0.06672077 0.08564766
v 0.03861297 0.06370620 0.08554186
v 0.03316373 0.06675890 0.08538779
v 0.03316373 0.06675890 0.08538779
v 0.03861297 0.06370620 0.08554186
v 0.03865007 0.06378372 0.08535554
v 0.02156239 0.07131541 0.08564767
v 0.02151102 0.07137118 0.08538844
v 0.01551270 0.07286168 0.08551482
v 0.01553325 0.07291255 0.08574395
v 0.02156239 0.07131541 0.08564767
v 0.01551270 0.07286168 0.08551482
v 0.01553325 0.07291255 0.08574395
v 0.01551270 0.07286168 0.08551482
v 0.00937725 0.07393928 0.08572313
v 0.00937725 0.07393928 0.08572313
v 0.01551270 0.07286168 0.08551482
v 0.00932670 0.07393564 0.08541521
v 0.00937725 0.07393928 0.08572313
v 0.00932670 0.07393564 0.08541521
v 0.00314611 0.07442811 0.08554185
v 0.00315617 0.07448194 0.08574392
v 0.00937725 0.07393928 0.08572313
v 0.00314611 0.07442811 0.08554185
v 0.00315617 0.07448194 0.08574392
v 0.00314611 0.07442811 0.08554185
v -0.00308483 0.07446766 0.08572310
v -0.00308483 0.07446766 0.08572310
v 0.00314611 0.07442811 0.08554185
v -0.00309549 0.07445987 0.08540623
v -0.00308483 0.07446766 0.08572310
v -0.00309549 0.07445987 0.08540623
v -0.00930713 0.07391106 0.08562218
v 0.00942624 0.07410116 0.08585453
v 0.01559389 0.07305249 0.08585453
v 0.00937725 0.07393928 0.08572313
v 0.00942624 0.07410116 0.08585453
v 0.00937725 0.07393928 0.08572313
v 0.00315617 0.07448194 0.08574392
v -0.03856743 0.06373378 0.08554185
v -0.03309912 0.06673747 0.08554185
v -0.03864160 0.06378847 0.08535619
v -0.03856743 0.06373378 0.08554185
v -0.03864160 0.06378847 0.08535619
v -0.04378376 0.06030619 0.08540622
v 0.01564806 0.07323850 0.08588184
v 0.02164733 0.07143703 0.08583619
v 0.01559389 0.07305249 0.08585453
v 0.00319267 0.07463003 0.08585453
v 0.00942624 0.07410116 0.08585453
v 0.00315617 0.07448194 0.08574392
v 0.00319267 0.07463003 0.08585453
v 0.00315617 0.07448194 0.08574392
v -0.00308483 0.07446766 0.08572310
v -0.00928288 0.07406828 0.08583847
v -0.00308483 0.07446766 0.08572310
v -0.00930713 0.07391106 0.08562218
v -0.00928288 0.07406828 0.08583847
v -0.00930713 0.07391106 0.08562218
v -0.01546051 0.07291036 0.08572310
v 0.00338189 0.07478417 0.08587516
v 0.00942624 0.07410116 0.08585453
v 0.00319267 0.07463003 0.08585453
v -0.02150516 0.07148294 0.08583847
v -0.01546051 0.07291036 0.08572310
v -0.02150558 0.07133255 0.08564766
v -0.02150516 0.07148294 0.08583847
v -0.02150558 0.07133255 0.08564766
v -0.02738986 0.06928280 0.08567730
v -0.03311619 0.06678949 0.08574392
v -0.02738986 0.06928280 0.08567730
v -0.03309912 0.06673747 0.08554185
v -0.03311619 0.06678949 0.08574392
v -0.03309912 0.06673747 0.08554185
v -0.03856743 0.06373378 0.08554185
v -0.05320574 0.05214011 0.08554186
v -0.04865615 0.05640940 0.08554185
v -0.05328149 0.05218087 0.08535947
v -0.05320574 0.05214011 0.08554186
v -0.05328149 0.05218087 0.08535947
v -0.05745336 0.04755317 0.08535552
v -0.00898780 0.07431704 0.08587430
v -0.00928288 0.07406828 0.08583847
v -0.01546739 0.07307937 0.08585453
v -0.02743816 0.06947649 0.08585453
v -0.02150516 0.07148294 0.08583847
v -0.02738986 0.06928280 0.08567730
v -0.02743816 0.06947649 0.08585453
v -0.02738986 0.06928280 0.08567730
v -0.03311619 0.06678949 0.08574392
v -0.04868566 0.05645552 0.08574392
v -0.04377918 0.06031858 0.08572311
v -0.04865615 0.05640940 0.08554185
v -0.04868566 0.05645552 0.08574392
v -0.04865615 0.05640940 0.08554185
v -0.05320574 0.05214011 0.08554186
v -0.03261934 0.06737431 0.08587375
v -0.02743816 0.06947649 0.08585453
v -0.03315553 0.06693688 0.08585453
v -0.04385426 0.06047014 0.08585453
v -0.03864046 0.06392769 0.08585453
v -0.04377918 0.06031858 0.08572311
v -0.04385426 0.06047014 0.08585453
v -0.04377918 0.06031858 0.08572311
v -0.04868566 0.05645552 0.08574392
v -0.06119601 0.04257427 0.08574393
v -0.05741888 0.04754568 0.08574392
v -0.06115598 0.04253690 0.08554185
v -0.06119601 0.04257427 0.08574393
v -0.06115598 0.04253690 0.08554185
v -0.06452807 0.03729715 0.08572313
v -0.06452807 0.03729715 0.08572313
v -0.06115598 0.04253690 0.08554185
v -0.06454432 0.03724913 0.08541521
v -0.06452807 0.03729715 0.08572313
v -0.06454432 0.03724913 0.08541521
v -0.06745240 0.03168644 0.08540682
v -0.04809745 0.05737948 0.08587506
v -0.04385426 0.06047014 0.08585453
v -0.04876042 0.05658847 0.08585453
v -0.05752110 0.04767599 0.08586013
v -0.05333012 0.05232013 0.08585963
v -0.05741888 0.04754568 0.08574392
v -0.05752110 0.04767599 0.08586013
v -0.05741888 0.04754568 0.08574392
v -0.06119601 0.04257427 0.08574393
v -0.07447313 0.00158735 0.08556850
v -0.07411329 0.00781501 0.08540622
v -0.07456079 0.00156456 0.08535948
v -0.07447313 0.00158735 0.08556850
v -0.07456079 0.00156456 0.08535948
v -0.07443205 -0.00469139 0.08535622
v -0.06450233 0.03783054 0.08587118
v -0.06130872 0.04269572 0.08586014
v -0.06452807 0.03729715 0.08572313
v -0.06450233 0.03783054 0.08587118
v -0.06452807 0.03729715 0.08572313
v -0.06742269 0.03176681 0.08572311
v -0.07322185 0.01400289 0.08574393
v -0.07175133 0.02006413 0.08564767
v -0.07317007 0.01398505 0.08554185
v -0.07322185 0.01400289 0.08574393
v -0.07317007 0.01398505 0.08554185
v -0.07411943 0.00782674 0.08572313
v -0.07411943 0.00782674 0.08572313
v -0.07317007 0.01398505 0.08554185
v -0.07411329 0.00781501 0.08540622
v -0.07411943 0.00782674 0.08572313
v -0.07411329 0.00781501 0.08540622
v -0.07447313 0.00158735 0.08556850
v -0.06742565 0.03233470 0.08587121
v -0.06450233 0.03783054 0.08587118
v -0.06742269 0.03176681 0.08572311
v -0.06742565 0.03233470 0.08587121
v -0.06742269 0.03176681 0.08572311
v -0.06984439 0.02601358 0.08572310
v -0.07189180 0.02015384 0.08585048
v -0.06984439 0.02601358 0.08572310
v -0.07175133 0.02006413 0.08564767
v -0.07189180 0.02015384 0.08585048
v -0.07175133 0.02006413 0.08564767
v -0.07322185 0.01400289 0.08574393
v -0.07462065 0.00164362 0.08584350
v -0.07411943 0.00782674 0.08572313
v -0.07447313 0.00158735 0.08556850
v -0.07462065 0.00164362 0.08584350
v -0.07447313 0.00158735 0.08556850
v -0.07440382 -0.00464664 0.08574393
v -0.07440382 -0.00464664 0.08574393
v -0.07447313 0.00158735 0.08556850
v -0.07434923 -0.00465103 0.08554188
v -0.07440382 -0.00464664 0.08574393
v -0.07434923 -0.00465103 0.08554188
v -0.07370891 -0.01085440 0.08564766
v -0.07085791 -0.02299184 0.08562219
v -0.07253332 -0.01698194 0.08562221
v -0.07090482 -0.02306177 0.08537160
v -0.07085791 -0.02299184 0.08562219
v -0.07090482 -0.02306177 0.08537160
v -0.06868412 -0.02884327 0.08554185
v -0.06868412 -0.02884327 0.08554185
v -0.07090482 -0.02306177 0.08537160
v -0.06874903 -0.02890867 0.08535620
v -0.06868412 -0.02884327 0.08554185
v -0.06874903 -0.02890867 0.08535620
v -0.06610156 -0.03453656 0.08535554
v -0.07337405 0.01406937 0.08586017
v -0.07189180 0.02015384 0.08585048
v -0.07322185 0.01400289 0.08574393
v -0.07337405 0.01406937 0.08586017
v -0.07322185 0.01400289 0.08574393
v -0.07411943 0.00782674 0.08572313
v -0.06602967 -0.03448948 0.08554185
v -0.06602967 -0.03448948 0.08554185
v -0.06610156 -0.03453656 0.08535554
v -0.06296451 -0.03993540 0.08537096
v -0.07383023 -0.01085520 0.08581901
v -0.07440382 -0.00464664 0.08574393
v -0.07370891 -0.01085440 0.08564766
v -0.07383023 -0.01085520 0.08581901
v -0.07370891 -0.01085440 0.08564766
v -0.07253332 -0.01698194 0.08562221
v -0.06291288 -0.03989248 0.08559517
v -0.06602967 -0.03448948 0.08554185
v -0.06296451 -0.03993540 0.08537096
v -0.06291288 -0.03989248 0.08559517
v -0.06296451 -0.03993540 0.08537096
v -0.05938575 -0.04508041 0.08537644
v -0.05101686 -0.05428395 0.08562220
v -0.05538031 -0.04982458 0.08562221
v -0.05105484 -0.05433940 0.08537096
v -0.05101686 -0.05428395 0.08562220
v -0.05105484 -0.05433940 0.08537096
v -0.04630902 -0.05843273 0.08537646
v -0.07183017 -0.02117311 0.08587795
v -0.07333413 -0.01516539 0.08587807
v -0.07098600 -0.02301578 0.08581901
v -0.07183017 -0.02117311 0.08587795
v -0.07098600 -0.02301578 0.08581901
v -0.06877128 -0.02885069 0.08579002
v -0.05946837 -0.04508048 0.08581901
v -0.06301441 -0.03993041 0.08580534
v -0.05935529 -0.04501573 0.08562221
v -0.05946837 -0.04508048 0.08581901
v -0.05935529 -0.04501573 0.08562221
v -0.05538031 -0.04982458 0.08562221
v -0.06442779 -0.03816936 0.08587759
v -0.06736175 -0.03271464 0.08587772
v -0.06301441 -0.03993041 0.08580534
v -0.06442779 -0.03816936 0.08587759
v -0.06301441 -0.03993041 0.08580534
v -0.05946837 -0.04508048 0.08581901
v -0.04638902 -0.05845337 0.08581901
v -0.05111758 -0.05436664 0.08581901
v -0.04629559 -0.05836253 0.08562220
v -0.04638902 -0.05845337 0.08581901
v -0.04629559 -0.05836253 0.08562220
v -0.04124954 -0.06203179 0.08562220
v -0.05685904 -0.04868885 0.08587468
v -0.06105297 -0.04336313 0.08587746
v -0.05548760 -0.04989854 0.08581901
v -0.05685904 -0.04868885 0.08587468
v -0.05548760 -0.04989854 0.08581901
v -0.05111758 -0.05436664 0.08581901
v -0.01245417 -0.07345553 0.08564768
v -0.01855140 -0.07214301 0.08556850
v -0.01242235 -0.07349708 0.08539503
v -0.01245417 -0.07345553 0.08564768
v -0.01242235 -0.07349708 0.08539503
v -0.00626011 -0.07423107 0.08554186
v -0.05307588 -0.05282755 0.08587719
v -0.05685904 -0.04868885 0.08587468
v -0.05111758 -0.05436664 0.08581901
v -0.05307588 -0.05282755 0.08587719
v -0.05111758 -0.05436664 0.08581901
v -0.04638902 -0.05845337 0.08581901
v -0.03039489 -0.06815343 0.08581901
v -0.03598333 -0.06534870 0.08580535
v -0.03033055 -0.06805056 0.08564766
v -0.03039489 -0.06815343 0.08581901
v -0.03033055 -0.06805056 0.08564766
v -0.02452380 -0.07033435 0.08559581
v 0.00620701 -0.07423553 0.08554185
v -0.00002173 -0.07454248 0.08538779
v 0.00623776 -0.07431589 0.08535947
v 0.00620701 -0.07423553 0.08554185
v 0.00623776 -0.07431589 0.08535947
v 0.01242983 -0.07353850 0.08535378
v -0.04364787 -0.06084927 0.08587689
v -0.04852802 -0.05703346 0.08587704
v -0.04133507 -0.06213010 0.08581901
v -0.04364787 -0.06084927 0.08587689
v -0.04133507 -0.06213010 0.08581901
v -0.03598333 -0.06534870 0.08580535
v -0.00629389 -0.07431178 0.08579002
v -0.01245417 -0.07345553 0.08564768
v -0.00626011 -0.07423107 0.08554186
v -0.00629389 -0.07431178 0.08579002
v -0.00626011 -0.07423107 0.08554186
v -0.00002970 -0.07450383 0.08564766
v -0.03846868 -0.06424886 0.08587674
v -0.04364787 -0.06084927 0.08587689
v -0.03598333 -0.06534870 0.08580535
v -0.03846868 -0.06424886 0.08587674
v -0.03598333 -0.06534870 0.08580535
v -0.03039489 -0.06815343 0.08581901
v -0.01249090 -0.07357117 0.08581901
v -0.01860128 -0.07224436 0.08580536
v -0.01245417 -0.07345553 0.08564768
v -0.01249090 -0.07357117 0.08581901
v -0.01245417 -0.07345553 0.08564768
v -0.00629389 -0.07431178 0.08579002
v 0.01849726 -0.07216176 0.08562223
v 0.01239340 -0.07344890 0.08559582
v 0.01854502 -0.07221490 0.08537646
v 0.01849726 -0.07216176 0.08562223
v 0.01854502 -0.07221490 0.08537646
v 0.02446882 -0.07035351 0.08559582
v 0.02446882 -0.07035351 0.08559582
v 0.01854502 -0.07221490 0.08537646
v 0.02450975 -0.07043764 0.08535555
v 0.02446882 -0.07035351 0.08559582
v 0.02450975 -0.07043764 0.08535555
v 0.03029925 -0.06810680 0.08538780
v -0.02734187 -0.06971143 0.08587370
v -0.03300337 -0.06721666 0.08587402
v -0.02458534 -0.07045779 0.08581902
v -0.02734187 -0.06971143 0.08587370
v -0.02458534 -0.07045779 0.08581902
v -0.01860128 -0.07224436 0.08580536
v -0.00004657 -0.07462395 0.08581899
v -0.00629389 -0.07431178 0.08579002
v -0.00002970 -0.07450383 0.08564766
v -0.00004657 -0.07462395 0.08581899
v -0.00002970 -0.07450383 0.08564766
v 0.00618717 -0.07432074 0.08579002
v 0.03586471 -0.06529291 0.08554185
v 0.03029925 -0.06810680 0.08538780
v 0.03592544 -0.06535383 0.08535947
v 0.03586471 -0.06529291 0.08554185
v 0.03592544 -0.06535383 0.08535947
v 0.04125685 -0.06212939 0.08535554
v -0.00346487 -0.07480553 0.08587802
v -0.00963419 -0.07426333 0.08587789
v -0.00629389 -0.07431178 0.08579002
v -0.00346487 -0.07480553 0.08587802
v -0.00629389 -0.07431178 0.08579002
v -0.00004657 -0.07462395 0.08581899
v 0.01851307 -0.07229111 0.08581901
v 0.01239901 -0.07358671 0.08581901
v 0.01849726 -0.07216176 0.08562223
v 0.01851307 -0.07229111 0.08581901
v 0.01849726 -0.07216176 0.08562223
v 0.02446882 -0.07035351 0.08559582
v 0.01501411 -0.07336539 0.08587838
v 0.00890150 -0.07435494 0.08587826
v 0.01239901 -0.07358671 0.08581901
v 0.01501411 -0.07336539 0.08587838
v 0.01239901 -0.07358671 0.08581901
v 0.01851307 -0.07229111 0.08581901
v 0.05534728 -0.04987485 0.08564767
v 0.05097345 -0.05432472 0.08562221
v 0.05541961 -0.04985212 0.08538843
v 0.05534728 -0.04987485 0.08564767
v 0.05541961 -0.04985212 0.08538843
v 0.05936213 -0.04508566 0.08538782
v 0.03749440 -0.06479143 0.08587547
v 0.03200440 -0.06767203 0.08587543
v 0.03588123 -0.06537883 0.08579002
v 0.03749440 -0.06479143 0.08587547
v 0.03588123 -0.06537883 0.08579002
v 0.04122613 -0.06214708 0.08579002
v 0.05542523 -0.04996781 0.08581901
v 0.05104966 -0.05443041 0.08581901
v 0.05534728 -0.04987485 0.08564767
v 0.05542523 -0.04996781 0.08581901
v 0.05534728 -0.04987485 0.08564767
v 0.05932659 -0.04506858 0.08564767
v 0.05270757 -0.05319664 0.08587903
v 0.04813315 -0.05736865 0.08587895
v 0.05104966 -0.05443041 0.08581901
v 0.05270757 -0.05319664 0.08587903
v 0.05104966 -0.05443041 0.08581901
v 0.05542523 -0.04996781 0.08581901
v 0.06611044 -0.03461426 0.08581901
v 0.06298212 -0.04002488 0.08581901
v 0.06601181 -0.03454362 0.08564765
v 0.06611044 -0.03461426 0.08581901
v 0.06601181 -0.03454362 0.08564765
v 0.06865570 -0.02889175 0.08559580
v 0.07370025 -0.01091309 0.08564765
v 0.07252858 -0.01704191 0.08564767
v 0.07374795 -0.01085411 0.08538843
v 0.07370025 -0.01091309 0.08564765
v 0.07374795 -0.01085411 0.08538843
v 0.07434591 -0.00470409 0.08554186
v 0.07447879 0.00153351 0.08554186
v 0.07434591 -0.00470409 0.08554186
v 0.07456323 0.00157038 0.08535620
v 0.07447879 0.00153351 0.08554186
v 0.07456323 0.00157038 0.08535620
v 0.07417031 0.00780416 0.08535620
v 0.06384832 -0.03907748 0.08587562
v 0.06074673 -0.04379291 0.08587916
v 0.06298212 -0.04002488 0.08581901
v 0.06384832 -0.03907748 0.08587562
v 0.06298212 -0.04002488 0.08581901
v 0.06611044 -0.03461426 0.08581901
v 0.07264167 -0.01708583 0.08581901
v 0.07095722 -0.02310440 0.08581901
v 0.07252858 -0.01704191 0.08564767
v 0.07264167 -0.01708583 0.08581901
v 0.07252858 -0.01704191 0.08564767
v 0.07370025 -0.01091309 0.08564765
v 0.07442730 -0.00473626 0.08579002
v 0.07370025 -0.01091309 0.08564765
v 0.07434591 -0.00470409 0.08554186
v 0.07442730 -0.00473626 0.08579002
v 0.07434591 -0.00470409 0.08554186
v 0.07447879 0.00153351 0.08554186
v 0.06964027 -0.02753605 0.08587932
v 0.06686191 -0.03366201 0.08587563
v 0.06877503 -0.02896090 0.08581901
v 0.06964027 -0.02753605 0.08587932
v 0.06877503 -0.02896090 0.08581901
v 0.07095722 -0.02310440 0.08581901
v 0.07414396 0.00775825 0.08574393
v 0.07453312 0.00152682 0.08574392
v 0.07408927 0.00776035 0.08554185
v 0.07414396 0.00775825 0.08574393
v 0.07408927 0.00776035 0.08554185
v 0.07321815 0.01393021 0.08572311
v 0.07321815 0.01393021 0.08572311
v 0.07408927 0.00776035 0.08554185
v 0.07320888 0.01393962 0.08540623
v 0.07321815 0.01393021 0.08572311
v 0.07320888 0.01393962 0.08540623
v 0.07178568 0.02001669 0.08540623
v 0.07167676 -0.02168983 0.08587936
v 0.06964027 -0.02753605 0.08587932
v 0.07095722 -0.02310440 0.08581901
v 0.07167676 -0.02168983 0.08587936
v 0.07095722 -0.02310440 0.08581901
v 0.07264167 -0.01708583 0.08581901
v 0.07179570 0.02000807 0.08572311
v 0.07179570 0.02000807 0.08572311
v 0.07178568 0.02001669 0.08540623
v 0.06984305 0.02598872 0.08541522
v 0.06452749 0.03722425 0.08554184
v 0.06741547 0.03169578 0.08551482
v 0.06458714 0.03728623 0.08535947
v 0.06452749 0.03722425 0.08554184
v 0.06458714 0.03728623 0.08535947
v 0.06123625 0.04257069 0.08535620
v 0.07426961 -0.00959366 0.08587941
v 0.07322340 -0.01569529 0.08587939
v 0.07381663 -0.01094735 0.08581901
v 0.07426961 -0.00959366 0.08587941
v 0.07381663 -0.01094735 0.08581901
v 0.07442730 -0.00473626 0.08579002
v 0.07469593 0.00147921 0.08586005
v 0.07442730 -0.00473626 0.08579002
v 0.07453312 0.00152682 0.08574392
v 0.07469593 0.00147921 0.08586005
v 0.07453312 0.00152682 0.08574392
v 0.07414396 0.00775825 0.08574393
v 0.05741601 0.04746413 0.08554185
v 0.06118633 0.04249322 0.08554185
v 0.05745926 0.04754551 0.08535620
v 0.05741601 0.04746413 0.08554185
v 0.05745926 0.04754551 0.08535620
v 0.05326315 0.05212378 0.08540623
v 0.07480826 -0.00342656 0.08587942
v 0.07426961 -0.00959366 0.08587941
v 0.07442730 -0.00473626 0.08579002
v 0.07480826 -0.00342656 0.08587942
v 0.07442730 -0.00473626 0.08579002
v 0.07469593 0.00147921 0.08586005
v 0.07431016 0.00772434 0.08586004
v 0.07469593 0.00147921 0.08586005
v 0.07414396 0.00775825 0.08574393
v 0.07431016 0.00772434 0.08586004
v 0.07414396 0.00775825 0.08574393
v 0.07321815 0.01393021 0.08572311
v 0.06746840 0.03171017 0.08574393
v 0.06986967 0.02594563 0.08572310
v 0.06741547 0.03169578 0.08551482
v 0.06746840 0.03171017 0.08574393
v 0.06741547 0.03169578 0.08551482
v 0.06452749 0.03722425 0.08554184
v 0.01551270 0.07286168 0.08551482
v 0.02151102 0.07137118 0.08538844
v 0.01552728 0.07296549 0.08534125
v 0.01551270 0.07286168 0.08551482
v 0.01552728 0.07296549 0.08534125
v 0.00932670 0.07393564 0.08541521
v 0.00314611 0.07442811 0.08554185
v 0.00932670 0.07393564 0.08541521
v 0.00311459 0.07451471 0.08535620
v 0.00314611 0.07442811 0.08554185
v 0.00311459 0.07451471 0.08535620
v -0.00309549 0.07445987 0.08540623
v 0.02164733 0.07143703 0.08583619
v 0.02156239 0.07131541 0.08564767
v 0.01553325 0.07291255 0.08574395
v -0.00930713 0.07391106 0.08562218
v -0.00309549 0.07445987 0.08540623
v -0.00934791 0.07396978 0.08537644
v -0.00930713 0.07391106 0.08562218
v -0.00934791 0.07396978 0.08537644
v -0.01554250 0.07288544 0.08540683
v 0.01559389 0.07305249 0.08585453
v 0.02164733 0.07143703 0.08583619
v 0.01553325 0.07291255 0.08574395
v 0.01559389 0.07305249 0.08585453
v 0.01553325 0.07291255 0.08574395
v 0.00937725 0.07393928 0.08572313
v -0.01546051 0.07291036 0.08572310
v -0.00930713 0.07391106 0.08562218
v -0.01554250 0.07288544 0.08540683
v -0.01546051 0.07291036 0.08572310
v -0.01554250 0.07288544 0.08540683
v -0.02150558 0.07133255 0.08564766
v -0.02150558 0.07133255 0.08564766
v -0.01554250 0.07288544 0.08540683
v -0.02152427 0.07136727 0.08538781
v -0.02150558 0.07133255 0.08564766
v -0.02152427 0.07136727 0.08538781
v -0.02738986 0.06928280 0.08567730
v -0.02738986 0.06928280 0.08567730
v -0.02152427 0.07136727 0.08538781
v -0.02744972 0.06932118 0.08537644
v -0.02738986 0.06928280 0.08567730
v -0.02744972 0.06932118 0.08537644
v -0.03309912 0.06673747 0.08554185
v -0.03309912 0.06673747 0.08554185
v -0.02744972 0.06932118 0.08537644
v -0.03316841 0.06679820 0.08535620
v -0.03309912 0.06673747 0.08554185
v -0.03316841 0.06679820 0.08535620
v -0.03864160 0.06378847 0.08535619
v -0.04871841 0.05646863 0.08535554
v -0.05328149 0.05218087 0.08535947
v -0.04865615 0.05640940 0.08554185
v -0.04871841 0.05646863 0.08535554
v -0.04865615 0.05640940 0.08554185
v -0.04378376 0.06030619 0.08540622
v -0.00308483 0.07446766 0.08572310
v -0.00928288 0.07406828 0.08583847
v -0.00306344 0.07463545 0.08585453
v -0.00308483 0.07446766 0.08572310
v -0.00306344 0.07463545 0.08585453
v 0.00319267 0.07463003 0.08585453
v 0.01559389 0.07305249 0.08585453
v 0.00942624 0.07410116 0.08585453
v 0.00954583 0.07428064 0.08588183
v 0.01564806 0.07323850 0.08588184
v -0.00281874 0.07480559 0.08587431
v 0.00319267 0.07463003 0.08585453
v -0.00306344 0.07463545 0.08585453
v -0.01546739 0.07307937 0.08585453
v -0.00928288 0.07406828 0.08583847
v -0.01546051 0.07291036 0.08572310
v -0.01546739 0.07307937 0.08585453
v -0.01546051 0.07291036 0.08572310
v -0.02150516 0.07148294 0.08583847
v -0.03858882 0.06378418 0.08574392
v -0.03311619 0.06678949 0.08574392
v -0.03856743 0.06373378 0.08554185
v -0.03858882 0.06378418 0.08574392
v -0.03856743 0.06373378 0.08554185
v -0.04377918 0.06031858 0.08572311
v -0.04377918 0.06031858 0.08572311
v -0.03856743 0.06373378 0.08554185
v -0.04378376 0.06030619 0.08540622
v -0.04377918 0.06031858 0.08572311
v -0.04378376 0.06030619 0.08540622
v -0.04865615 0.05640940 0.08554185
v -0.05738209 0.04750513 0.08554185
v -0.05738209 0.04750513 0.08554185
v -0.05745336 0.04755317 0.08535552
v -0.06123102 0.04257879 0.08535553
v -0.06123102 0.04257879 0.08535553
v -0.06454432 0.03724913 0.08541521
v -0.06115598 0.04253690 0.08554185
v -0.06115598 0.04253690 0.08554185
v -0.00306344 0.07463545 0.08585453
v -0.00928288 0.07406828 0.08583847
v -0.00281874 0.07480559 0.08587431
v -0.01510462 0.07335165 0.08588138
v -0.01546739 0.07307937 0.08585453
v -0.02150516 0.07148294 0.08583847
v -0.03315553 0.06693688 0.08585453
v -0.02743816 0.06947649 0.08585453
v -0.03311619 0.06678949 0.08574392
v -0.03315553 0.06693688 0.08585453
v -0.03311619 0.06678949 0.08574392
v -0.03858882 0.06378418 0.08574392
v -0.05323898 0.05218362 0.08574393
v -0.05323898 0.05218362 0.08574393
v -0.05320574 0.05214011 0.08554186
v -0.05738209 0.04750513 0.08554185
v -0.05738209 0.04750513 0.08554185
v -0.05741888 0.04754568 0.08574392
v -0.03858882 0.06378418 0.08574392
v -0.04377918 0.06031858 0.08572311
v -0.03864046 0.06392769 0.08585453
v -0.03858882 0.06378418 0.08574392
v -0.03864046 0.06392769 0.08585453
v -0.03315553 0.06693688 0.08585453
v -0.02150516 0.07148294 0.08583847
v -0.02743816 0.06947649 0.08585453
v -0.02110905 0.07185417 0.08588148
v -0.03261934 0.06737431 0.08587375
v -0.03315553 0.06693688 0.08585453
v -0.03864046 0.06392769 0.08585453
v -0.04876042 0.05658847 0.08585453
v -0.04385426 0.06047014 0.08585453
v -0.04868566 0.05645552 0.08574392
v -0.04876042 0.05658847 0.08585453
v -0.04868566 0.05645552 0.08574392
v -0.05323898 0.05218362 0.08574393
v -0.06742269 0.03176681 0.08572311
v -0.06742269 0.03176681 0.08572311
v -0.06745240 0.03168644 0.08540682
v -0.06984135 0.02600074 0.08540623
v -0.07317007 0.01398505 0.08554185
v -0.07179596 0.02003681 0.08539502
v -0.07326034 0.01396653 0.08535619
v -0.07317007 0.01398505 0.08554185
v -0.07326034 0.01396653 0.08535619
v -0.07411329 0.00781501 0.08540622
v -0.07179596 0.02003681 0.08539502
v -0.07317007 0.01398505 0.08554185
v -0.07175133 0.02006413 0.08564767
v -0.07179596 0.02003681 0.08539502
v -0.07175133 0.02006413 0.08564767
v -0.06984135 0.02600074 0.08540623
v -0.06984135 0.02600074 0.08540623
v -0.07175133 0.02006413 0.08564767
v -0.06984439 0.02601358 0.08572310
v -0.06984135 0.02600074 0.08540623
v -0.06984439 0.02601358 0.08572310
v -0.06742269 0.03176681 0.08572311
v -0.05323898 0.05218362 0.08574393
v -0.05741888 0.04754568 0.08574392
v -0.05333012 0.05232013 0.08585963
v -0.05323898 0.05218362 0.08574393
v -0.05333012 0.05232013 0.08585963
v -0.04876042 0.05658847 0.08585453
v -0.03864046 0.06392769 0.08585453
v -0.04385426 0.06047014 0.08585453
v -0.04321628 0.06115519 0.08588092
v -0.03864046 0.06392769 0.08585453
v -0.04321628 0.06115519 0.08588092
v -0.03804749 0.06448782 0.08587976
v -0.07443205 -0.00469139 0.08535622
v -0.07374601 -0.01086778 0.08538780
v -0.07434923 -0.00465103 0.08554188
v -0.07443205 -0.00469139 0.08535622
v -0.07434923 -0.00465103 0.08554188
v -0.07447313 0.00158735 0.08556850
v -0.06119601 0.04257427 0.08574393
v -0.06452807 0.03729715 0.08572313
v -0.06130872 0.04269572 0.08586014
v -0.06119601 0.04257427 0.08574393
v -0.06130872 0.04269572 0.08586014
v -0.05752110 0.04767599 0.08586013
v -0.04876042 0.05658847 0.08585453
v -0.05333012 0.05232013 0.08585963
v -0.04809745 0.05737948 0.08587506
v -0.07258744 -0.01702861 0.08537646
v -0.07258744 -0.01702861 0.08537646
v -0.07253332 -0.01698194 0.08562221
v -0.07374601 -0.01086778 0.08538780
v -0.07374601 -0.01086778 0.08538780
v -0.07253332 -0.01698194 0.08562221
v -0.07370891 -0.01085440 0.08564766
v -0.07374601 -0.01086778 0.08538780
v -0.07370891 -0.01085440 0.08564766
v -0.07434923 -0.00465103 0.08554188
v -0.06984439 0.02601358 0.08572310
v -0.07189180 0.02015384 0.08585048
v -0.07000036 0.02610830 0.08586015
v -0.06984439 0.02601358 0.08572310
v -0.07000036 0.02610830 0.08586015
v -0.06742565 0.03233470 0.08587121
v -0.07411943 0.00782674 0.08572313
v -0.07462065 0.00164362 0.08584350
v -0.07429397 0.00788045 0.08586017
v -0.07411943 0.00782674 0.08572313
v -0.07429397 0.00788045 0.08586017
v -0.07337405 0.01406937 0.08586017
v -0.07456777 -0.00461948 0.08586017
v -0.07462065 0.00164362 0.08584350
v -0.07440382 -0.00464664 0.08574393
v -0.07456777 -0.00461948 0.08586017
v -0.07440382 -0.00464664 0.08574393
v -0.07383023 -0.01085520 0.08581901
v -0.07266297 -0.01699509 0.08581902
v -0.07383023 -0.01085520 0.08581901
v -0.07253332 -0.01698194 0.08562221
v -0.07266297 -0.01699509 0.08581902
v -0.07253332 -0.01698194 0.08562221
v -0.07085791 -0.02299184 0.08562219
v -0.06877128 -0.02885069 0.08579002
v -0.07085791 -0.02299184 0.08562219
v -0.06868412 -0.02884327 0.08554185
v -0.06877128 -0.02885069 0.08579002
v -0.06868412 -0.02884327 0.08554185
v -0.06602967 -0.03448948 0.08554185
v -0.05935529 -0.04501573 0.08562221
v -0.06291288 -0.03989248 0.08559517
v -0.05938575 -0.04508041 0.08537644
v -0.05935529 -0.04501573 0.08562221
v -0.05938575 -0.04508041 0.08537644
v -0.05542282 -0.04987662 0.08537096
v -0.05542282 -0.04987662 0.08537096
v -0.05105484 -0.05433940 0.08537096
v -0.05538031 -0.04982458 0.08562221
v -0.05538031 -0.04982458 0.08562221
v -0.06602967 -0.03448948 0.08554185
v -0.06291288 -0.03989248 0.08559517
v -0.06611593 -0.03450417 0.08579002
v -0.06602967 -0.03448948 0.08554185
v -0.06611593 -0.03450417 0.08579002
v -0.06877128 -0.02885069 0.08579002
v -0.07085791 -0.02299184 0.08562219
v -0.06877128 -0.02885069 0.08579002
v -0.07098600 -0.02301578 0.08581901
v -0.07085791 -0.02299184 0.08562219
v -0.07098600 -0.02301578 0.08581901
v -0.07266297 -0.01699509 0.08581902
v -0.07433653 -0.00905390 0.08587816
v -0.07456777 -0.00461948 0.08586017
v -0.07383023 -0.01085520 0.08581901
v -0.07433653 -0.00905390 0.08587816
v -0.07383023 -0.01085520 0.08581901
v -0.07266297 -0.01699509 0.08581902
v -0.06301441 -0.03993041 0.08580534
v -0.06611593 -0.03450417 0.08579002
v -0.06291288 -0.03989248 0.08559517
v -0.06301441 -0.03993041 0.08580534
v -0.06291288 -0.03989248 0.08559517
v -0.05935529 -0.04501573 0.08562221
v -0.04629559 -0.05836253 0.08562220
v -0.05101686 -0.05428395 0.08562220
v -0.04630902 -0.05843273 0.08537646
v -0.04629559 -0.05836253 0.08562220
v -0.04630902 -0.05843273 0.08537646
v -0.04124289 -0.06211570 0.08537161
v -0.03593021 -0.06535120 0.08535950
v -0.03028659 -0.06811234 0.08538844
v -0.03590982 -0.06526295 0.08556851
v -0.03593021 -0.06535120 0.08535950
v -0.03590982 -0.06526295 0.08556851
v -0.04124289 -0.06211570 0.08537161
v -0.04124289 -0.06211570 0.08537161
v -0.03590982 -0.06526295 0.08556851
v -0.04124954 -0.06203179 0.08562220
v -0.04124954 -0.06203179 0.08562220
v -0.07266297 -0.01699509 0.08581902
v -0.07098600 -0.02301578 0.08581901
v -0.07333413 -0.01516539 0.08587807
v -0.07266297 -0.01699509 0.08581902
v -0.07333413 -0.01516539 0.08587807
v -0.07433653 -0.00905390 0.08587816
v -0.06983483 -0.02703626 0.08587784
v -0.07183017 -0.02117311 0.08587795
v -0.06877128 -0.02885069 0.08579002
v -0.06983483 -0.02703626 0.08587784
v -0.06877128 -0.02885069 0.08579002
v -0.06611593 -0.03450417 0.08579002
v -0.05548760 -0.04989854 0.08581901
v -0.05946837 -0.04508048 0.08581901
v -0.05538031 -0.04982458 0.08562221
v -0.05548760 -0.04989854 0.08581901
v -0.05538031 -0.04982458 0.08562221
v -0.05101686 -0.05428395 0.08562220
v -0.02452380 -0.07033435 0.08559581
v -0.03028659 -0.06811234 0.08538844
v -0.02451873 -0.07043418 0.08535619
v -0.02452380 -0.07033435 0.08559581
v -0.02451873 -0.07043418 0.08535619
v -0.01856494 -0.07223249 0.08535554
v -0.01856494 -0.07223249 0.08535554
v -0.01242235 -0.07349708 0.08539503
v -0.01855140 -0.07214301 0.08556850
v -0.01856494 -0.07223249 0.08535554
v -0.01855140 -0.07214301 0.08556850
v -0.02452380 -0.07033435 0.08559581
v -0.03028659 -0.06811234 0.08538844
v -0.02452380 -0.07033435 0.08559581
v -0.03033055 -0.06805056 0.08564766
v -0.03028659 -0.06811234 0.08538844
v -0.03033055 -0.06805056 0.08564766
v -0.03590982 -0.06526295 0.08556851
v -0.05101686 -0.05428395 0.08562220
v -0.05101686 -0.05428395 0.08562220
v -0.05111758 -0.05436664 0.08581901
v -0.05548760 -0.04989854 0.08581901
v -0.06611593 -0.03450417 0.08579002
v -0.06301441 -0.03993041 0.08580534
v -0.06736175 -0.03271464 0.08587772
v -0.06611593 -0.03450417 0.08579002
v -0.06736175 -0.03271464 0.08587772
v -0.06983483 -0.02703626 0.08587784
v -0.00623225 -0.07431891 0.08535619
v -0.00002173 -0.07454248 0.08538779
v -0.00626011 -0.07423107 0.08554186
v -0.00623225 -0.07431891 0.08535619
v -0.00626011 -0.07423107 0.08554186
v -0.01242235 -0.07349708 0.08539503
v -0.03590982 -0.06526295 0.08556851
v -0.03033055 -0.06805056 0.08564766
v -0.03598333 -0.06534870 0.08580535
v -0.03590982 -0.06526295 0.08556851
v -0.03598333 -0.06534870 0.08580535
v -0.04124954 -0.06203179 0.08562220
v -0.04124954 -0.06203179 0.08562220
v -0.03598333 -0.06534870 0.08580535
v -0.04133507 -0.06213010 0.08581901
v -0.04133507 -0.06213010 0.08581901
v -0.05946837 -0.04508048 0.08581901
v -0.05548760 -0.04989854 0.08581901
v -0.06105297 -0.04336313 0.08587746
v -0.05946837 -0.04508048 0.08581901
v -0.06105297 -0.04336313 0.08587746
v -0.06442779 -0.03816936 0.08587759
v 0.01242983 -0.07353850 0.08535378
v 0.01854502 -0.07221490 0.08537646
v 0.01239340 -0.07344890 0.08559582
v 0.01242983 -0.07353850 0.08535378
v 0.01239340 -0.07344890 0.08559582
v 0.00620701 -0.07423553 0.08554185
v -0.00002173 -0.07454248 0.08538779
v 0.00620701 -0.07423553 0.08554185
v -0.00002970 -0.07450383 0.08564766
v -0.00002173 -0.07454248 0.08538779
v -0.00002970 -0.07450383 0.08564766
v -0.00626011 -0.07423107 0.08554186
v -0.01855140 -0.07214301 0.08556850
v -0.01245417 -0.07345553 0.08564768
v -0.01860128 -0.07224436 0.08580536
v -0.01855140 -0.07214301 0.08556850
v -0.01860128 -0.07224436 0.08580536
v -0.02452380 -0.07033435 0.08559581
v -0.02452380 -0.07033435 0.08559581
v -0.01860128 -0.07224436 0.08580536
v -0.02458534 -0.07045779 0.08581902
v -0.02452380 -0.07033435 0.08559581
v -0.02458534 -0.07045779 0.08581902
v -0.03039489 -0.06815343 0.08581901
v -0.04638902 -0.05845337 0.08581901
v -0.04133507 -0.06213010 0.08581901
v -0.04852802 -0.05703346 0.08587704
v -0.04638902 -0.05845337 0.08581901
v -0.04852802 -0.05703346 0.08587704
v -0.05307588 -0.05282755 0.08587719
v 0.00620701 -0.07423553 0.08554185
v 0.01239340 -0.07344890 0.08559582
v 0.00618717 -0.07432074 0.08579002
v 0.00620701 -0.07423553 0.08554185
v 0.00618717 -0.07432074 0.08579002
v -0.00002970 -0.07450383 0.08564766
v -0.03039489 -0.06815343 0.08581901
v -0.02458534 -0.07045779 0.08581902
v -0.03300337 -0.06721666 0.08587402
v -0.03039489 -0.06815343 0.08581901
v -0.03300337 -0.06721666 0.08587402
v -0.03846868 -0.06424886 0.08587674
v -0.02148654 -0.07173260 0.08587349
v -0.02734187 -0.06971143 0.08587370
v -0.01860128 -0.07224436 0.08580536
v -0.02148654 -0.07173260 0.08587349
v -0.01860128 -0.07224436 0.08580536
v -0.01249090 -0.07357117 0.08581901
v 0.03027635 -0.06807469 0.08564766
v 0.02446882 -0.07035351 0.08559582
v 0.03029925 -0.06810680 0.08538780
v 0.03027635 -0.06807469 0.08564766
v 0.03029925 -0.06810680 0.08538780
v 0.03586471 -0.06529291 0.08554185
v 0.04120248 -0.06206284 0.08554185
v 0.04120248 -0.06206284 0.08554185
v 0.04125685 -0.06212939 0.08535554
v 0.04628483 -0.05843197 0.08538780
v 0.01239340 -0.07344890 0.08559582
v 0.01849726 -0.07216176 0.08562223
v 0.01239901 -0.07358671 0.08581901
v 0.01239340 -0.07344890 0.08559582
v 0.01239901 -0.07358671 0.08581901
v 0.00618717 -0.07432074 0.08579002
v -0.01249090 -0.07357117 0.08581901
v -0.00629389 -0.07431178 0.08579002
v -0.00963419 -0.07426333 0.08587789
v -0.01249090 -0.07357117 0.08581901
v -0.00963419 -0.07426333 0.08587789
v -0.02148654 -0.07173260 0.08587349
v 0.00272779 -0.07483609 0.08587814
v -0.00346487 -0.07480553 0.08587802
v -0.00004657 -0.07462395 0.08581899
v 0.00272779 -0.07483609 0.08587814
v -0.00004657 -0.07462395 0.08581899
v 0.00618717 -0.07432074 0.08579002
v 0.02449735 -0.07048842 0.08581901
v 0.01851307 -0.07229111 0.08581901
v 0.02446882 -0.07035351 0.08559582
v 0.02449735 -0.07048842 0.08581901
v 0.02446882 -0.07035351 0.08559582
v 0.03027635 -0.06807469 0.08564766
v 0.03588123 -0.06537883 0.08579002
v 0.03027635 -0.06807469 0.08564766
v 0.03586471 -0.06529291 0.08554185
v 0.03588123 -0.06537883 0.08579002
v 0.03586471 -0.06529291 0.08554185
v 0.04120248 -0.06206284 0.08554185
v 0.04625464 -0.05840658 0.08564766
v 0.04120248 -0.06206284 0.08554185
v 0.04628483 -0.05843197 0.08538780
v 0.04625464 -0.05840658 0.08564766
v 0.04628483 -0.05843197 0.08538780
v 0.05097345 -0.05432472 0.08562221
v 0.05097345 -0.05432472 0.08562221
v 0.04628483 -0.05843197 0.08538780
v 0.05104092 -0.05434827 0.08537646
v 0.05097345 -0.05432472 0.08562221
v 0.05104092 -0.05434827 0.08537646
v 0.05541961 -0.04985212 0.08538843
v 0.04120248 -0.06206284 0.08554185
v 0.04625464 -0.05840658 0.08564766
v 0.04122613 -0.06214708 0.08579002
v 0.04120248 -0.06206284 0.08554185
v 0.04122613 -0.06214708 0.08579002
v 0.03588123 -0.06537883 0.08579002
v 0.03027635 -0.06807469 0.08564766
v 0.03588123 -0.06537883 0.08579002
v 0.03030972 -0.06819134 0.08581901
v 0.03027635 -0.06807469 0.08564766
v 0.03030972 -0.06819134 0.08581901
v 0.02449735 -0.07048842 0.08581901
v 0.00618717 -0.07432074 0.08579002
v 0.01239901 -0.07358671 0.08581901
v 0.00890150 -0.07435494 0.08587826
v 0.00618717 -0.07432074 0.08579002
v 0.00890150 -0.07435494 0.08587826
v 0.00272779 -0.07483609 0.08587814
v 0.02102374 -0.07187432 0.08587849
v 0.01501411 -0.07336539 0.08587838
v 0.01851307 -0.07229111 0.08581901
v 0.02102374 -0.07187432 0.08587849
v 0.01851307 -0.07229111 0.08581901
v 0.02449735 -0.07048842 0.08581901
v 0.05932659 -0.04506858 0.08564767
v 0.05534728 -0.04987485 0.08564767
v 0.05936213 -0.04508566 0.08538782
v 0.05932659 -0.04506858 0.08564767
v 0.05936213 -0.04508566 0.08538782
v 0.06294041 -0.03993295 0.08539501
v 0.02688955 -0.06989190 0.08587859
v 0.02102374 -0.07187432 0.08587849
v 0.02449735 -0.07048842 0.08581901
v 0.02688955 -0.06989190 0.08587859
v 0.02449735 -0.07048842 0.08581901
v 0.03030972 -0.06819134 0.08581901
v 0.04631599 -0.05851125 0.08581901
v 0.04122613 -0.06214708 0.08579002
v 0.04625464 -0.05840658 0.08564766
v 0.04631599 -0.05851125 0.08581901
v 0.04625464 -0.05840658 0.08564766
v 0.05097345 -0.05432472 0.08562221
v 0.06288977 -0.03994619 0.08564766
v 0.05932659 -0.04506858 0.08564767
v 0.06294041 -0.03993295 0.08539501
v 0.06288977 -0.03994619 0.08564766
v 0.06294041 -0.03993295 0.08539501
v 0.06607624 -0.03450363 0.08538843
v 0.06865570 -0.02889175 0.08559580
v 0.06607624 -0.03450363 0.08538843
v 0.06874561 -0.02891766 0.08535554
v 0.06865570 -0.02889175 0.08559580
v 0.06874561 -0.02891766 0.08535554
v 0.07089392 -0.02302576 0.08539503
v 0.06607624 -0.03450363 0.08538843
v 0.06865570 -0.02889175 0.08559580
v 0.06601181 -0.03454362 0.08564765
v 0.06607624 -0.03450363 0.08538843
v 0.06601181 -0.03454362 0.08564765
v 0.06288977 -0.03994619 0.08564766
v 0.05097345 -0.05432472 0.08562221
v 0.05534728 -0.04987485 0.08564767
v 0.05104966 -0.05443041 0.08581901
v 0.05097345 -0.05432472 0.08562221
v 0.05104966 -0.05443041 0.08581901
v 0.04631599 -0.05851125 0.08581901
v 0.03030972 -0.06819134 0.08581901
v 0.03588123 -0.06537883 0.08579002
v 0.03200440 -0.06767203 0.08587543
v 0.03030972 -0.06819134 0.08581901
v 0.03200440 -0.06767203 0.08587543
v 0.02688955 -0.06989190 0.08587859
v 0.04322964 -0.06114861 0.08587887
v 0.03749440 -0.06479143 0.08587547
v 0.04122613 -0.06214708 0.08579002
v 0.04322964 -0.06114861 0.08587887
v 0.04122613 -0.06214708 0.08579002
v 0.04631599 -0.05851125 0.08581901
v 0.05941206 -0.04515467 0.08581901
v 0.05542523 -0.04996781 0.08581901
v 0.05932659 -0.04506858 0.08564767
v 0.05941206 -0.04515467 0.08581901
v 0.05932659 -0.04506858 0.08564767
v 0.06288977 -0.03994619 0.08564766
v 0.07084819 -0.02305116 0.08564767
v 0.06865570 -0.02889175 0.08559580
v 0.07089392 -0.02302576 0.08539503
v 0.07084819 -0.02305116 0.08564767
v 0.07089392 -0.02302576 0.08539503
v 0.07258104 -0.01698712 0.08538844
v 0.07442990 -0.00468545 0.08535947
v 0.07456323 0.00157038 0.08535620
v 0.07434591 -0.00470409 0.08554186
v 0.07442990 -0.00468545 0.08535947
v 0.07434591 -0.00470409 0.08554186
v 0.07374795 -0.01085411 0.08538843
v 0.07258104 -0.01698712 0.08538844
v 0.07374795 -0.01085411 0.08538843
v 0.07252858 -0.01704191 0.08564767
v 0.07258104 -0.01698712 0.08538844
v 0.07252858 -0.01704191 0.08564767
v 0.07084819 -0.02305116 0.08564767
v 0.06288977 -0.03994619 0.08564766
v 0.06601181 -0.03454362 0.08564765
v 0.06298212 -0.04002488 0.08581901
v 0.06288977 -0.03994619 0.08564766
v 0.06298212 -0.04002488 0.08581901
v 0.05941206 -0.04515467 0.08581901
v 0.04631599 -0.05851125 0.08581901
v 0.05104966 -0.05443041 0.08581901
v 0.04813315 -0.05736865 0.08587895
v 0.04631599 -0.05851125 0.08581901
v 0.04813315 -0.05736865 0.08587895
v 0.04322964 -0.06114861 0.08587887
v 0.05692170 -0.04866104 0.08587910
v 0.05270757 -0.05319664 0.08587903
v 0.05542523 -0.04996781 0.08581901
v 0.05692170 -0.04866104 0.08587910
v 0.05542523 -0.04996781 0.08581901
v 0.05941206 -0.04515467 0.08581901
v 0.06877503 -0.02896090 0.08581901
v 0.06611044 -0.03461426 0.08581901
v 0.06865570 -0.02889175 0.08559580
v 0.06877503 -0.02896090 0.08581901
v 0.06865570 -0.02889175 0.08559580
v 0.07084819 -0.02305116 0.08564767
v 0.07408927 0.00776035 0.08554185
v 0.07447879 0.00153351 0.08554186
v 0.07417031 0.00780416 0.08535620
v 0.07408927 0.00776035 0.08554185
v 0.07417031 0.00780416 0.08535620
v 0.07320888 0.01393962 0.08540623
v 0.07084819 -0.02305116 0.08564767
v 0.07252858 -0.01704191 0.08564767
v 0.07095722 -0.02310440 0.08581901
v 0.07084819 -0.02305116 0.08564767
v 0.07095722 -0.02310440 0.08581901
v 0.06877503 -0.02896090 0.08581901
v 0.05941206 -0.04515467 0.08581901
v 0.06298212 -0.04002488 0.08581901
v 0.06074673 -0.04379291 0.08587916
v 0.05941206 -0.04515467 0.08581901
v 0.06074673 -0.04379291 0.08587916
v 0.05692170 -0.04866104 0.08587910
v 0.06750700 0.03174695 0.08534123
v 0.06458714 0.03728623 0.08535947
v 0.06741547 0.03169578 0.08551482
v 0.06750700 0.03174695 0.08534123
v 0.06741547 0.03169578 0.08551482
v 0.06984305 0.02598872 0.08541522
v 0.07447879 0.00153351 0.08554186
v 0.07447879 0.00153351 0.08554186
v 0.07453312 0.00152682 0.08574392
v 0.07442730 -0.00473626 0.08579002
v 0.07370025 -0.01091309 0.08564765
v 0.07442730 -0.00473626 0.08579002
v 0.07381663 -0.01094735 0.08581901
v 0.07370025 -0.01091309 0.08564765
v 0.07381663 -0.01094735 0.08581901
v 0.07264167 -0.01708583 0.08581901
v 0.06611044 -0.03461426 0.08581901
v 0.06877503 -0.02896090 0.08581901
v 0.06686191 -0.03366201 0.08587563
v 0.06611044 -0.03461426 0.08581901
v 0.06686191 -0.03366201 0.08587563
v 0.06384832 -0.03907748 0.08587562
v 0.06123625 0.04257069 0.08535620
v 0.05745926 0.04754551 0.08535620
v 0.06118633 0.04249322 0.08554185
v 0.06123625 0.04257069 0.08535620
v 0.06118633 0.04249322 0.08554185
v 0.06452749 0.03722425 0.08554184
v 0.06984305 0.02598872 0.08541522
v 0.06741547 0.03169578 0.08551482
v 0.06986967 0.02594563 0.08572310
v 0.06984305 0.02598872 0.08541522
v 0.06986967 0.02594563 0.08572310
v 0.07179570 0.02000807 0.08572311
v 0.07264167 -0.01708583 0.08581901
v 0.07381663 -0.01094735 0.08581901
v 0.07322340 -0.01569529 0.08587939
v 0.07264167 -0.01708583 0.08581901
v 0.07322340 -0.01569529 0.08587939
v 0.07167676 -0.02168983 0.08587936
v 0.07340174 0.01391666 0.08585956
v 0.07431016 0.00772434 0.08586004
v 0.07321815 0.01393021 0.08572311
v 0.07321815 0.01393021 0.08572311
v 0.06457835 0.03724456 0.08574393
v 0.06746840 0.03171017 0.08574393
v 0.06452749 0.03722425 0.08554184
v 0.06452749 0.03722425 0.08554184
v 0.04869643 0.05637464 0.08554185
v 0.05326315 0.05212378 0.08540623
v 0.04873236 0.05645280 0.08535947
v 0.04869643 0.05637464 0.08554185
v 0.04873236 0.05645280 0.08535947
v 0.04382998 0.06034132 0.08535619
v 0.02747760 0.06966919 0.08588227
v 0.03316028 0.06713009 0.08587817
v 0.02755412 0.06937864 0.08584029
v 0.02755412 0.06937864 0.08584029
v 0.03316028 0.06713009 0.08587817
v 0.03322216 0.06682085 0.08581899
v 0.02755412 0.06937864 0.08584029
v 0.03322216 0.06682085 0.08581899
v 0.02745431 0.06926098 0.08564767
v 0.02745431 0.06926098 0.08564767
v 0.03322216 0.06682085 0.08581899
v 0.03315359 0.06672077 0.08564766
v 0.02745431 0.06926098 0.08564767
v 0.03315359 0.06672077 0.08564766
v 0.02743183 0.06930823 0.08539501
v 0.02743183 0.06930823 0.08539501
v 0.03315359 0.06672077 0.08564766
v 0.03316373 0.06675890 0.08538779
v 0.01564806 0.07323850 0.08588184
v 0.02164058 0.07169959 0.08588399
v 0.02164733 0.07143703 0.08583619
v 0.02164733 0.07143703 0.08583619
v 0.02164058 0.07169959 0.08588399
v 0.02755412 0.06937864 0.08584029
v 0.02164733 0.07143703 0.08583619
v 0.02755412 0.06937864 0.08584029
v 0.02156239 0.07131541 0.08564767
v 0.02156239 0.07131541 0.08564767
v 0.02755412 0.06937864 0.08584029
v 0.02745431 0.06926098 0.08564767
v 0.02156239 0.07131541 0.08564767
v 0.02745431 0.06926098 0.08564767
v 0.02151102 0.07137118 0.08538844
v 0.02151102 0.07137118 0.08538844
v 0.02745431 0.06926098 0.08564767
v 0.02743183 0.06930823 0.08539501
v -0.00963419 -0.07426333 0.08587789
v -0.00340710 -0.07491731 0.08601247
v -0.00958205 -0.07438006 0.08601246
v 0.05733178 0.04819074 0.08588487
v 0.05326049 0.05279713 0.08601273
v 0.05743853 0.04821858 0.08601272
v -0.01564097 -0.07324155 0.08588387
v -0.00963419 -0.07426333 0.08587789
v -0.00958205 -0.07438006 0.08601246
v -0.01564097 -0.07324155 0.08588387
v -0.00958205 -0.07438006 0.08601246
v -0.01571065 -0.07333071 0.08601275
v 0.06074673 -0.04379291 0.08587916
v 0.06427692 -0.03861374 0.08596306
v 0.06084341 -0.04384400 0.08601272
v 0.06110649 0.04329933 0.08588282
v 0.05733178 0.04819074 0.08588487
v 0.05743853 0.04821858 0.08601272
v 0.06121689 0.04331905 0.08600996
v -0.05701334 0.04852283 0.08587613
v -0.06082793 0.04385483 0.08598024
v -0.05701728 0.04870199 0.08597633
v -0.02148654 -0.07173260 0.08587349
v -0.01564097 -0.07324155 0.08588387
v -0.01571065 -0.07333071 0.08601275
v -0.02148654 -0.07173260 0.08587349
v -0.01571065 -0.07333071 0.08601275
v -0.02170160 -0.07178501 0.08600996
v 0.05692170 -0.04866104 0.08587910
v 0.06074673 -0.04379291 0.08587916
v 0.06084341 -0.04384400 0.08601272
v 0.05692170 -0.04866104 0.08587910
v 0.06084341 -0.04384400 0.08601272
v 0.05702137 -0.04870944 0.08600996
v 0.06444556 0.03808021 0.08587371
v 0.06110649 0.04329933 0.08588282
v 0.06459537 0.03808833 0.08598024
v 0.06459537 0.03808833 0.08598024
v 0.06110649 0.04329933 0.08588282
v 0.06121689 0.04331905 0.08600996
v -0.05291612 0.05294615 0.08587320
v -0.05701334 0.04852283 0.08587613
v -0.05701728 0.04870199 0.08597633
v -0.05291612 0.05294615 0.08587320
v -0.05701728 0.04870199 0.08597633
v -0.05282133 0.05322744 0.08597982
v -0.02734187 -0.06971143 0.08587370
v -0.02148654 -0.07173260 0.08587349
v -0.02170160 -0.07178501 0.08600996
v -0.02734187 -0.06971143 0.08587370
v -0.02170160 -0.07178501 0.08600996
v -0.02754805 -0.06975180 0.08601246
v 0.05270757 -0.05319664 0.08587903
v 0.05692170 -0.04866104 0.08587910
v 0.05702137 -0.04870944 0.08600996
v 0.05270757 -0.05319664 0.08587903
v 0.05702137 -0.04870944 0.08600996
v 0.05281087 -0.05324679 0.08601246
v 0.06735265 0.03266478 0.08587475
v 0.06444556 0.03808021 0.08587371
v 0.06459537 0.03808833 0.08598024
v 0.06735265 0.03266478 0.08587475
v 0.06459537 0.03808833 0.08598024
v 0.06750358 0.03265148 0.08597634
v 0.06982635 0.02705305 0.08588089
v 0.06735265 0.03266478 0.08587475
v 0.06750358 0.03265148 0.08597634
v 0.06982635 0.02705305 0.08588089
v 0.06750358 0.03265148 0.08597634
v 0.06997587 0.02697383 0.08601245
v 0.00958862 0.07437889 0.08601223
v 0.01571064 0.07333071 0.08601274
v 0.01564806 0.07323850 0.08588184
v 0.00958862 0.07437889 0.08601223
v 0.01564806 0.07323850 0.08588184
v 0.00954583 0.07428064 0.08588183
v -0.00000002 0.07499903 0.08606849
v 0.00342856 0.07490679 0.08598109
v -0.00280490 0.07493272 0.08598085
v -0.00280490 0.07493272 0.08598085
v 0.00342856 0.07490679 0.08598109
v 0.00338189 0.07478417 0.08587516
v -0.00280490 0.07493272 0.08598085
v 0.00338189 0.07478417 0.08587516
v -0.00281874 0.07480559 0.08587431
v -0.01507988 0.07346187 0.08600996
v -0.00893547 0.07445404 0.08597993
v -0.01510462 0.07335165 0.08588138
v -0.01510462 0.07335165 0.08588138
v -0.00893547 0.07445404 0.08597993
v -0.00898780 0.07431704 0.08587430
v -0.02696563 0.06997788 0.08600995
v -0.02109336 0.07196803 0.08601443
v -0.02110905 0.07185417 0.08588148
v -0.02696563 0.06997788 0.08600995
v -0.02110905 0.07185417 0.08588148
v -0.02695724 0.06987593 0.08588536
v -0.03811479 0.06458170 0.08599328
v -0.03267643 0.06749448 0.08597983
v -0.03804749 0.06448782 0.08587976
v -0.03804749 0.06448782 0.08587976
v -0.03267643 0.06749448 0.08597983
v -0.03261934 0.06737431 0.08587375
v -0.04821859 0.05743853 0.08601273
v -0.04331067 0.06122422 0.08601273
v -0.04321628 0.06115519 0.08588092
v -0.04821859 0.05743853 0.08601273
v -0.04321628 0.06115519 0.08588092
v -0.04809745 0.05737948 0.08587506
v -0.06427692 0.03861374 0.08596305
v -0.06082793 0.04385483 0.08598024
v -0.06082558 0.04364896 0.08587613
v -0.06082558 0.04364896 0.08587613
v -0.06082793 0.04385483 0.08598024
v -0.05701334 0.04852283 0.08587613
v -0.06724607 0.03317392 0.08596305
v -0.06427692 0.03861374 0.08596305
v -0.06450233 0.03783054 0.08587118
v -0.06450233 0.03783054 0.08587118
v -0.06427692 0.03861374 0.08596305
v -0.06082558 0.04364896 0.08587613
v -0.07178843 0.02167195 0.08597982
v -0.06974144 0.02754972 0.08597634
v -0.06967955 0.02738129 0.08587611
v -0.06967955 0.02738129 0.08587611
v -0.06974144 0.02754972 0.08597634
v -0.06724607 0.03317392 0.08596305
v -0.06967955 0.02738129 0.08587611
v -0.06724607 0.03317392 0.08596305
v -0.06742565 0.03233470 0.08587121
v -0.06742565 0.03233470 0.08587121
v -0.06724607 0.03317392 0.08596305
v -0.06450233 0.03783054 0.08587118
v -0.07332477 0.01569493 0.08597635
v -0.07178843 0.02167195 0.08597982
v -0.07170273 0.02153347 0.08587610
v -0.07170273 0.02153347 0.08587610
v -0.07178843 0.02167195 0.08597982
v -0.06967955 0.02738129 0.08587611
v -0.07436915 0.00961827 0.08598024
v -0.07332477 0.01569493 0.08597635
v -0.07323608 0.01553843 0.08587608
v -0.07323608 0.01553843 0.08587608
v -0.07332477 0.01569493 0.08597635
v -0.07170273 0.02153347 0.08587610
v -0.07490943 0.00344404 0.08598024
v -0.07436915 0.00961827 0.08598024
v -0.07426910 0.00943736 0.08587607
v -0.07426910 0.00943736 0.08587607
v -0.07436915 0.00961827 0.08598024
v -0.07323608 0.01553843 0.08587608
v -0.07346186 -0.01507988 0.08600996
v -0.07445630 -0.00897044 0.08601244
v -0.07433653 -0.00905390 0.08587816
v -0.07433653 -0.00905390 0.08587816
v -0.07445630 -0.00897044 0.08601244
v -0.07493562 -0.00281191 0.08597982
v -0.07493562 -0.00281191 0.08597982
v -0.07490943 0.00344404 0.08598024
v -0.07479475 0.00327159 0.08587604
v -0.07479475 0.00327159 0.08587604
v -0.07490943 0.00344404 0.08598024
v -0.07426910 0.00943736 0.08587607
v -0.07196434 -0.02110314 0.08601243
v -0.07346186 -0.01507988 0.08600996
v -0.07333413 -0.01516539 0.08587807
v -0.07333413 -0.01516539 0.08587807
v -0.07346186 -0.01507988 0.08600996
v -0.07433653 -0.00905390 0.08587816
v -0.07433653 -0.00905390 0.08587816
v -0.07493562 -0.00281191 0.08597982
v -0.07480941 -0.00291651 0.08587601
v -0.07480941 -0.00291651 0.08587601
v -0.07493562 -0.00281191 0.08597982
v -0.07479475 0.00327159 0.08587604
v -0.06997587 -0.02697383 0.08601246
v -0.07196434 -0.02110314 0.08601243
v -0.07183017 -0.02117311 0.08587795
v -0.07183017 -0.02117311 0.08587795
v -0.07196434 -0.02110314 0.08601243
v -0.07333413 -0.01516539 0.08587807
v -0.06751207 -0.03265222 0.08600998
v -0.06997587 -0.02697383 0.08601246
v -0.06983483 -0.02703626 0.08587784
v -0.06983483 -0.02703626 0.08587784
v -0.06997587 -0.02697383 0.08601246
v -0.07183017 -0.02117311 0.08587795
v -0.06459167 -0.03810686 0.08601275
v -0.06751207 -0.03265222 0.08600998
v -0.06736175 -0.03271464 0.08587772
v -0.06736175 -0.03271464 0.08587772
v -0.06751207 -0.03265222 0.08600998
v -0.06983483 -0.02703626 0.08587784
v -0.06121689 -0.04331904 0.08600996
v -0.06459167 -0.03810686 0.08601275
v -0.06442779 -0.03816936 0.08587759
v -0.06442779 -0.03816936 0.08587759
v -0.06459167 -0.03810686 0.08601275
v -0.06736175 -0.03271464 0.08587772
v -0.05744940 -0.04818876 0.08596352
v -0.06121689 -0.04331904 0.08600996
v -0.06105297 -0.04336313 0.08587746
v -0.06105297 -0.04336313 0.08587746
v -0.06121689 -0.04331904 0.08600996
v -0.06442779 -0.03816936 0.08587759
v -0.04870945 -0.05702136 0.08600996
v -0.05326049 -0.05279713 0.08601273
v -0.05307588 -0.05282755 0.08587719
v -0.05307588 -0.05282755 0.08587719
v -0.05326049 -0.05279713 0.08601273
v -0.05744940 -0.04818876 0.08596352
v -0.04383707 -0.06084929 0.08601444
v -0.04870945 -0.05702136 0.08600996
v -0.04852802 -0.05703346 0.08587704
v -0.04852802 -0.05703346 0.08587704
v -0.04870945 -0.05702136 0.08600996
v -0.05307588 -0.05282755 0.08587719
v -0.06105297 -0.04336313 0.08587746
v -0.05685904 -0.04868885 0.08587468
v -0.05744940 -0.04818876 0.08596352
v -0.05744940 -0.04818876 0.08596352
v -0.05685904 -0.04868885 0.08587468
v -0.05307588 -0.05282755 0.08587719
v -0.04852802 -0.05703346 0.08587704
v -0.04364787 -0.06084927 0.08587689
v -0.04383707 -0.06084929 0.08601444
v -0.04383707 -0.06084929 0.08601444
v -0.04364787 -0.06084927 0.08587689
v -0.03865971 -0.06426098 0.08600996
v -0.04364787 -0.06084927 0.08587689
v -0.03846868 -0.06424886 0.08587674
v -0.03865971 -0.06426098 0.08600996
v -0.03865971 -0.06426098 0.08600996
v -0.03846868 -0.06424886 0.08587674
v -0.03323152 -0.06723008 0.08601275
v -0.03846868 -0.06424886 0.08587674
v -0.03300337 -0.06721666 0.08587402
v -0.03323152 -0.06723008 0.08601275
v 0.00278278 -0.07494200 0.08600995
v -0.00340710 -0.07491731 0.08601247
v -0.00346487 -0.07480553 0.08587802
v -0.00346487 -0.07480553 0.08587802
v -0.00340710 -0.07491731 0.08601247
v -0.00963419 -0.07426333 0.08587789
v 0.00895112 -0.07445867 0.08601273
v 0.00278278 -0.07494200 0.08600995
v 0.00272779 -0.07483609 0.08587814
v 0.00272779 -0.07483609 0.08587814
v 0.00278278 -0.07494200 0.08600995
v -0.00346487 -0.07480553 0.08587802
v 0.01507988 -0.07346186 0.08600996
v 0.00895112 -0.07445867 0.08601273
v 0.00890150 -0.07435494 0.08587826
v 0.00890150 -0.07435494 0.08587826
v 0.00895112 -0.07445867 0.08601273
v 0.00272779 -0.07483609 0.08587814
v 0.02109336 -0.07196802 0.08601443
v 0.01507988 -0.07346186 0.08600996
v 0.01501411 -0.07336539 0.08587838
v 0.01501411 -0.07336539 0.08587838
v 0.01507988 -0.07346186 0.08600996
v 0.00890150 -0.07435494 0.08587826
v 0.02696563 -0.06997787 0.08600996
v 0.02109336 -0.07196802 0.08601443
v 0.02102374 -0.07187432 0.08587849
v 0.02102374 -0.07187432 0.08587849
v 0.02109336 -0.07196802 0.08601443
v 0.01501411 -0.07336539 0.08587838
v 0.03269075 -0.06748227 0.08596306
v 0.02696563 -0.06997787 0.08600996
v 0.02688955 -0.06989190 0.08587859
v 0.02688955 -0.06989190 0.08587859
v 0.02696563 -0.06997787 0.08600996
v 0.02102374 -0.07187432 0.08587849
v 0.03811512 -0.06456960 0.08595924
v 0.04322964 -0.06114861 0.08587887
v 0.04331065 -0.06122421 0.08601273
v 0.04331065 -0.06122421 0.08601273
v 0.04322964 -0.06114861 0.08587887
v 0.04821860 -0.05743852 0.08601273
v 0.02688955 -0.06989190 0.08587859
v 0.03200440 -0.06767203 0.08587543
v 0.03269075 -0.06748227 0.08596306
v 0.03269075 -0.06748227 0.08596306
v 0.03200440 -0.06767203 0.08587543
v 0.03811512 -0.06456960 0.08595924
v 0.04322964 -0.06114861 0.08587887
v 0.04813315 -0.05736865 0.08587895
v 0.04821860 -0.05743852 0.08601273
v 0.03200440 -0.06767203 0.08587543
v 0.03749440 -0.06479143 0.08587547
v 0.03811512 -0.06456960 0.08595924
v 0.03811512 -0.06456960 0.08595924
v 0.03749440 -0.06479143 0.08587547
v 0.04322964 -0.06114861 0.08587887
v 0.05281087 -0.05324679 0.08601246
v 0.04821860 -0.05743852 0.08601273
v 0.04813315 -0.05736865 0.08587895
v 0.05281087 -0.05324679 0.08601246
v 0.04813315 -0.05736865 0.08587895
v 0.05270757 -0.05319664 0.08587903
v 0.07178847 -0.02169391 0.08601246
v 0.06974772 -0.02755546 0.08600995
v 0.06964027 -0.02753605 0.08587932
v 0.06964027 -0.02753605 0.08587932
v 0.06974772 -0.02755546 0.08600995
v 0.06724607 -0.03317391 0.08596306
v 0.07333195 -0.01569955 0.08600998
v 0.07178847 -0.02169391 0.08601246
v 0.07167676 -0.02168983 0.08587936
v 0.07167676 -0.02168983 0.08587936
v 0.07178847 -0.02169391 0.08601246
v 0.06964027 -0.02753605 0.08587932
v 0.06724607 -0.03317391 0.08596306
v 0.06427692 -0.03861374 0.08596306
v 0.06384832 -0.03907748 0.08587562
v 0.06384832 -0.03907748 0.08587562
v 0.06427692 -0.03861374 0.08596306
v 0.06074673 -0.04379291 0.08587916
v 0.07437764 -0.00960134 0.08601275
v 0.07333195 -0.01569955 0.08600998
v 0.07322340 -0.01569529 0.08587939
v 0.07322340 -0.01569529 0.08587939
v 0.06964027 -0.02753605 0.08587932
v 0.06724607 -0.03317391 0.08596306
v 0.06686191 -0.03366201 0.08587563
v 0.06686191 -0.03366201 0.08587563
v 0.06724607 -0.03317391 0.08596306
v 0.06384832 -0.03907748 0.08587562
v 0.07491647 -0.00342649 0.08601275
v 0.07437764 -0.00960134 0.08601275
v 0.07426961 -0.00959366 0.08587941
v 0.07426961 -0.00959366 0.08587941
v 0.07437764 -0.00960134 0.08601275
v 0.07322340 -0.01569529 0.08587939
v 0.07480826 -0.00342656 0.08587942
v 0.07491647 -0.00342649 0.08601275
v 0.07480826 -0.00342656 0.08587942
v 0.07493562 0.00281193 0.08597982
v 0.07480826 -0.00342656 0.08587942
v 0.07482011 0.00267304 0.08587621
v 0.07493562 0.00281193 0.08597982
v 0.07493562 0.00281193 0.08597982
v 0.07482011 0.00267304 0.08587621
v 0.07444796 0.00896402 0.08597632
v 0.07482011 0.00267304 0.08587621
v 0.07434384 0.00884233 0.08587620
v 0.07444796 0.00896402 0.08597632
v 0.07346520 0.01506925 0.08601273
v 0.07444796 0.00896402 0.08597632
v 0.07337172 0.01495760 0.08587705
v 0.07337172 0.01495760 0.08587705
v 0.07444796 0.00896402 0.08597632
v 0.07434384 0.00884233 0.08587620
v 0.07196434 0.02110314 0.08601243
v 0.07346520 0.01506925 0.08601273
v 0.07337172 0.01495760 0.08587705
v 0.07196434 0.02110314 0.08601243
v 0.07337172 0.01495760 0.08587705
v 0.07180117 0.02122380 0.08587546
v 0.02164058 0.07169959 0.08588399
v 0.01564806 0.07323850 0.08588184
v 0.01571064 0.07333071 0.08601274
v 0.02164058 0.07169959 0.08588399
v 0.01571064 0.07333071 0.08601274
v 0.02170160 0.07178502 0.08600995
v 0.00954583 0.07428064 0.08588183
v 0.00338189 0.07478417 0.08587516
v 0.00342856 0.07490679 0.08598109
v 0.00954583 0.07428064 0.08588183
v 0.00342856 0.07490679 0.08598109
v 0.00958862 0.07437889 0.08601223
v -0.00281874 0.07480559 0.08587431
v -0.00898780 0.07431704 0.08587430
v -0.00893547 0.07445404 0.08597993
v -0.00281874 0.07480559 0.08587431
v -0.00893547 0.07445404 0.08597993
v -0.00280490 0.07493272 0.08598085
v -0.01510462 0.07335165 0.08588138
v -0.02110905 0.07185417 0.08588148
v -0.02109336 0.07196803 0.08601443
v -0.01510462 0.07335165 0.08588138
v -0.02109336 0.07196803 0.08601443
v -0.01507988 0.07346187 0.08600996
v -0.02695724 0.06987593 0.08588536
v -0.03261934 0.06737431 0.08587375
v -0.03267643 0.06749448 0.08597983
v -0.02695724 0.06987593 0.08588536
v -0.03267643 0.06749448 0.08597983
v -0.02696563 0.06997788 0.08600995
v -0.03804749 0.06448782 0.08587976
v -0.04321628 0.06115519 0.08588092
v -0.03811479 0.06458170 0.08599328
v -0.03811479 0.06458170 0.08599328
v -0.04321628 0.06115519 0.08588092
v -0.04331067 0.06122422 0.08601273
v -0.04809745 0.05737948 0.08587506
v -0.05291612 0.05294615 0.08587320
v -0.05282133 0.05322744 0.08597982
v -0.04809745 0.05737948 0.08587506
v -0.05282133 0.05322744 0.08597982
v -0.04821859 0.05743853 0.08601273
v -0.04809745 0.05737948 0.08587506
v -0.05333012 0.05232013 0.08585963
v -0.05291612 0.05294615 0.08587320
v -0.05291612 0.05294615 0.08587320
v -0.05333012 0.05232013 0.08585963
v -0.05752110 0.04767599 0.08586013
v -0.05291612 0.05294615 0.08587320
v -0.05752110 0.04767599 0.08586013
v -0.05701334 0.04852283 0.08587613
v -0.05701334 0.04852283 0.08587613
v -0.05752110 0.04767599 0.08586013
v -0.06130872 0.04269572 0.08586014
v -0.06130872 0.04269572 0.08586014
v -0.06082558 0.04364896 0.08587613
v -0.06082558 0.04364896 0.08587613
v -0.06130872 0.04269572 0.08586014
v -0.06450233 0.03783054 0.08587118
v -0.06742565 0.03233470 0.08587121
v -0.07000036 0.02610830 0.08586015
v -0.06967955 0.02738129 0.08587611
v -0.06967955 0.02738129 0.08587611
v -0.07000036 0.02610830 0.08586015
v -0.07189180 0.02015384 0.08585048
v -0.06967955 0.02738129 0.08587611
v -0.07189180 0.02015384 0.08585048
v -0.07170273 0.02153347 0.08587610
v -0.07170273 0.02153347 0.08587610
v -0.07189180 0.02015384 0.08585048
v -0.07337405 0.01406937 0.08586017
v -0.07170273 0.02153347 0.08587610
v -0.07337405 0.01406937 0.08586017
v -0.07323608 0.01553843 0.08587608
v -0.07323608 0.01553843 0.08587608
v -0.07337405 0.01406937 0.08586017
v -0.07429397 0.00788045 0.08586017
v -0.07323608 0.01553843 0.08587608
v -0.07429397 0.00788045 0.08586017
v -0.07426910 0.00943736 0.08587607
v -0.07426910 0.00943736 0.08587607
v -0.07429397 0.00788045 0.08586017
v -0.07462065 0.00164362 0.08584350
v -0.07426910 0.00943736 0.08587607
v -0.07462065 0.00164362 0.08584350
v -0.07479475 0.00327159 0.08587604
v -0.07479475 0.00327159 0.08587604
v -0.07462065 0.00164362 0.08584350
v -0.07456777 -0.00461948 0.08586017
v -0.07479475 0.00327159 0.08587604
v -0.07456777 -0.00461948 0.08586017
v -0.07480941 -0.00291651 0.08587601
v -0.07480941 -0.00291651 0.08587601
v -0.07456777 -0.00461948 0.08586017
v -0.07433653 -0.00905390 0.08587816
v -0.02754805 -0.06975180 0.08601246
v -0.03323152 -0.06723008 0.08601275
v -0.03300337 -0.06721666 0.08587402
v -0.02754805 -0.06975180 0.08601246
v -0.03300337 -0.06721666 0.08587402
v -0.02734187 -0.06971143 0.08587370
v -0.01564097 -0.07324155 0.08588387
v -0.02148654 -0.07173260 0.08587349
v -0.00963419 -0.07426333 0.08587789
v 0.07482011 0.00267304 0.08587621
v 0.07480826 -0.00342656 0.08587942
v 0.07469593 0.00147921 0.08586005
v 0.07482011 0.00267304 0.08587621
v 0.07469593 0.00147921 0.08586005
v 0.07434384 0.00884233 0.08587620
v 0.07434384 0.00884233 0.08587620
v 0.07469593 0.00147921 0.08586005
v 0.07431016 0.00772434 0.08586004
v 0.07434384 0.00884233 0.08587620
v 0.07431016 0.00772434 0.08586004
v 0.07337172 0.01495760 0.08587705
v 0.07337172 0.01495760 0.08587705
v 0.07431016 0.00772434 0.08586004
v 0.07340174 0.01391666 0.08585956
v 0.07337172 0.01495760 0.08587705
v 0.07340174 0.01391666 0.08585956
v 0.07180117 0.02122380 0.08587546
v 0.06997587 0.02697383 0.08601245
v 0.07196434 0.02110314 0.08601243
v 0.07180117 0.02122380 0.08587546
v 0.06997587 0.02697383 0.08601245
v 0.07180117 0.02122380 0.08587546
v 0.06982635 0.02705305 0.08588089
v 0.04870945 0.05702137 0.08600995
v 0.05326049 0.05279713 0.08601273
v 0.05315246 0.05275616 0.08588024
v 0.05315246 0.05275616 0.08588024
v 0.05326049 0.05279713 0.08601273
v 0.05733178 0.04819074 0.08588487
v 0.05315246 0.05275616 0.08588024
v 0.04861852 0.05696866 0.08588427
v 0.04870945 0.05702137 0.08600995
v 0.04870945 0.05702137 0.08600995
v 0.04861852 0.05696866 0.08588427
v 0.04383707 0.06084929 0.08601444
v 0.04375160 0.06079357 0.08588884
v 0.04383707 0.06084929 0.08601444
v 0.04375160 0.06079357 0.08588884
v 0.03865971 0.06426099 0.08600996
v 0.04375160 0.06079357 0.08588884
v 0.03857790 0.06419412 0.08588398
v 0.03865971 0.06426099 0.08600996
v 0.04861852 0.05696866 0.08588427
v 0.04397609 0.06039518 0.08585967
v 0.04375160 0.06079357 0.08588884
v 0.03323749 0.06722416 0.08599665
v 0.03865971 0.06426099 0.08600996
v 0.03857790 0.06419412 0.08588398
v 0.03323749 0.06722416 0.08599665
v 0.03857790 0.06419412 0.08588398
v 0.03316028 0.06713009 0.08587817
v 0.04375160 0.06079357 0.08588884
v 0.04397609 0.06039518 0.08585967
v 0.03857790 0.06419412 0.08588398
v 0.02754807 0.06975181 0.08601245
v 0.03323749 0.06722416 0.08599665
v 0.02747760 0.06966919 0.08588227
v 0.02747760 0.06966919 0.08588227
v 0.03323749 0.06722416 0.08599665
v 0.03316028 0.06713009 0.08587817
v 0.02170160 0.07178502 0.08600995
v 0.02754807 0.06975181 0.08601245
v 0.02747760 0.06966919 0.08588227
v 0.02170160 0.07178502 0.08600995
v 0.02747760 0.06966919 0.08588227
v 0.02164058 0.07169959 0.08588399
v -0.00893547 0.07445404 0.08597993
v -0.00895531 0.07445897 0.09717954
v -0.00280490 0.07493272 0.08598085
v -0.00272912 0.07494872 0.09717243
v -0.00280490 0.07493272 0.08598085
v -0.00272912 0.07494872 0.09717243
v -0.00000002 0.07499903 0.08606849
v -0.00000002 0.07499903 0.08606849
v -0.00272912 0.07494872 0.09717243
v 0.00342856 0.07490679 0.08598109
v 0.00342856 0.07490679 0.08598109
v -0.00272912 0.07494872 0.09717243
v 0.00341575 0.07491687 0.09718180
v 0.00342856 0.07490679 0.08598109
v 0.00341575 0.07491687 0.09718180
v 0.00958862 0.07437889 0.08601223
v 0.00958213 0.07438094 0.09717931
v 0.00958862 0.07437889 0.08601223
v 0.00958213 0.07438094 0.09717931
v 0.01571064 0.07333071 0.08601274
v 0.01570006 0.07333289 0.09718179
v 0.01571064 0.07333071 0.08601274
v 0.01570006 0.07333289 0.09718179
v 0.02169414 0.07178930 0.09717931
v 0.02170160 0.07178502 0.08600995
v 0.02170160 0.07178502 0.08600995
v 0.02169414 0.07178930 0.09717931
v 0.02754807 0.06975181 0.08601245
v 0.02754835 0.06975264 0.09717929
v 0.02754807 0.06975181 0.08601245
v 0.02754835 0.06975264 0.09717929
v 0.03323749 0.06722416 0.08599665
v 0.03322811 0.06723265 0.09717951
v 0.03323749 0.06722416 0.08599665
v 0.03322811 0.06723265 0.09717951
v 0.03865971 0.06426099 0.08600996
v 0.03866057 0.06426167 0.09718182
v 0.03865971 0.06426099 0.08600996
v 0.03866057 0.06426167 0.09718182
v 0.04383707 0.06084929 0.08601444
v 0.04383707 0.06084929 0.08601444
v 0.03866057 0.06426167 0.09718182
v 0.04382865 0.06085548 0.09717931
v 0.04383707 0.06084929 0.08601444
v 0.04382865 0.06085548 0.09717931
v 0.04870431 0.05702833 0.09717929
v 0.04870945 0.05702137 0.08600995
v 0.04870945 0.05702137 0.08600995
v 0.04870431 0.05702833 0.09717929
v 0.05326049 0.05279713 0.08601273
v 0.05325289 0.05280466 0.09718183
v 0.05326049 0.05279713 0.08601273
v 0.05325289 0.05280466 0.09718183
v 0.05742663 0.04823403 0.09717929
v 0.05743853 0.04821858 0.08601272
v 0.05743853 0.04821858 0.08601272
v 0.05742663 0.04823403 0.09717929
v 0.06121361 0.04332705 0.09717929
v 0.06121689 0.04331905 0.08600996
v 0.06121689 0.04331905 0.08600996
v 0.06121361 0.04332705 0.09717929
v 0.06459537 0.03808833 0.08598024
v 0.06459025 0.03811083 0.09717954
v 0.06459537 0.03808833 0.08598024
v 0.06459025 0.03811083 0.09717954
v 0.06750358 0.03265148 0.08597634
v 0.06751314 0.03265241 0.09718182
v 0.06750358 0.03265148 0.08597634
v 0.06751314 0.03265241 0.09718182
v 0.06997587 0.02697383 0.08601245
v 0.06996020 0.02699284 0.09722343
v 0.06997587 0.02697383 0.08601245
v 0.06996020 0.02699284 0.09722343
v 0.07196434 0.02110314 0.08601243
v 0.07195032 0.02112338 0.09722341
v 0.07196434 0.02110314 0.08601243
v 0.07195032 0.02112338 0.09722341
v 0.07346520 0.01506925 0.08601273
v 0.07345306 0.01507355 0.09722742
v 0.07346520 0.01506925 0.08601273
v 0.07345306 0.01507355 0.09722742
v 0.07445717 0.00897054 0.09717929
v 0.07444796 0.00896402 0.08597632
v 0.07444796 0.00896402 0.08597632
v 0.07445717 0.00897054 0.09717929
v 0.07493562 0.00281193 0.08597982
v 0.07494364 0.00279127 0.09717931
v 0.07493562 0.00281193 0.08597982
v 0.07494364 0.00279127 0.09717931
v 0.07491647 -0.00342649 0.08601275
v 0.07491744 -0.00342236 0.09717954
v 0.07491647 -0.00342649 0.08601275
v 0.07491744 -0.00342236 0.09717954
v 0.07437764 -0.00960134 0.08601275
v 0.07437890 -0.00959072 0.09718182
v 0.07437764 -0.00960134 0.08601275
v 0.07437890 -0.00959072 0.09718182
v 0.07333562 -0.01569169 0.09717928
v 0.07333195 -0.01569955 0.08600998
v 0.07333195 -0.01569955 0.08600998
v 0.07333562 -0.01569169 0.09717928
v 0.07178847 -0.02169391 0.08601246
v 0.07178930 -0.02169413 0.09717931
v 0.07178847 -0.02169391 0.08601246
v 0.07178930 -0.02169413 0.09717931
v 0.06974772 -0.02755546 0.08600995
v 0.06974855 -0.02755616 0.09718181
v 0.06974772 -0.02755546 0.08600995
v 0.06974855 -0.02755616 0.09718181
v 0.06724607 -0.03317391 0.08596306
v 0.06723948 -0.03321435 0.09717927
v 0.06724607 -0.03317391 0.08596306
v 0.06723948 -0.03321435 0.09717927
v 0.06427692 -0.03861374 0.08596306
v 0.06426700 -0.03865349 0.09717930
v 0.06427692 -0.03861374 0.08596306
v 0.06426700 -0.03865349 0.09717930
v 0.06084341 -0.04384400 0.08601272
v 0.06084341 -0.04384400 0.08601272
v 0.06426700 -0.03865349 0.09717930
v 0.06084645 -0.04384111 0.09717954
v 0.06084341 -0.04384400 0.08601272
v 0.06084645 -0.04384111 0.09717954
v 0.05702137 -0.04870944 0.08600996
v 0.05701833 -0.04871595 0.09717954
v 0.05702137 -0.04870944 0.08600996
v 0.05701833 -0.04871595 0.09717954
v 0.05281087 -0.05324679 0.08601246
v 0.05280468 -0.05325286 0.09718183
v 0.05281087 -0.05324679 0.08601246
v 0.05280468 -0.05325286 0.09718183
v 0.04821860 -0.05743852 0.08601273
v 0.04822225 -0.05743646 0.09717953
v 0.04821860 -0.05743852 0.08601273
v 0.04822225 -0.05743646 0.09717953
v 0.04331065 -0.06122421 0.08601273
v 0.04331449 -0.06122246 0.09717954
v 0.04331065 -0.06122421 0.08601273
v 0.04331449 -0.06122246 0.09717954
v 0.03811512 -0.06456960 0.08595924
v 0.03811606 -0.06458613 0.09718181
v 0.03811512 -0.06456960 0.08595924
v 0.03811606 -0.06458613 0.09718181
v 0.03269075 -0.06748227 0.08596306
v 0.03266072 -0.06751012 0.09717930
v 0.03269075 -0.06748227 0.08596306
v 0.03266072 -0.06751012 0.09717930
v 0.02696563 -0.06997787 0.08600996
v 0.02695983 -0.06998216 0.09717954
v 0.02696563 -0.06997787 0.08600996
v 0.02695983 -0.06998216 0.09717954
v 0.02109336 -0.07196802 0.08601443
v 0.02108868 -0.07196945 0.09717954
v 0.02109336 -0.07196802 0.08601443
v 0.02108868 -0.07196945 0.09717954
v 0.01507988 -0.07346186 0.08600996
v 0.01507973 -0.07346296 0.09718179
v 0.01507988 -0.07346186 0.08600996
v 0.01507973 -0.07346296 0.09718179
v 0.00895112 -0.07445867 0.08601273
v 0.00895530 -0.07445896 0.09717954
v 0.00895112 -0.07445867 0.08601273
v 0.00895530 -0.07445896 0.09717954
v 0.00278278 -0.07494200 0.08600995
v 0.00277594 -0.07494417 0.09717954
v 0.00278278 -0.07494200 0.08600995
v 0.00277594 -0.07494417 0.09717954
v -0.00340710 -0.07491731 0.08601247
v -0.00340710 -0.07491731 0.08601247
v 0.00277594 -0.07494417 0.09717954
v -0.00342316 -0.07490004 0.09724285
v -0.00340710 -0.07491731 0.08601247
v -0.00342316 -0.07490004 0.09724285
v -0.00958205 -0.07438006 0.08601246
v -0.00958205 -0.07438006 0.08601246
v -0.00342316 -0.07490004 0.09724285
v -0.00958214 -0.07438093 0.09717930
v -0.00958205 -0.07438006 0.08601246
v -0.00958214 -0.07438093 0.09717930
v -0.01571065 -0.07333071 0.08601275
v -0.01573225 -0.07331785 0.09722381
v -0.01571065 -0.07333071 0.08601275
v -0.01573225 -0.07331785 0.09722381
v -0.02170160 -0.07178501 0.08600996
v -0.02170299 -0.07177426 0.09722741
v -0.02170160 -0.07178501 0.08600996
v -0.02170299 -0.07177426 0.09722741
v -0.02754805 -0.06975180 0.08601246
v -0.02754163 -0.06975298 0.09719373
v -0.02754805 -0.06975180 0.08601246
v -0.02754163 -0.06975298 0.09719373
v -0.03323152 -0.06723008 0.08601275
v -0.03323959 -0.06722129 0.09720878
v -0.03323152 -0.06723008 0.08601275
v -0.03323959 -0.06722129 0.09720878
v -0.03865971 -0.06426098 0.08600996
v -0.03865908 -0.06424334 0.09724287
v -0.03865971 -0.06426098 0.08600996
v -0.03865908 -0.06424334 0.09724287
v -0.04383707 -0.06084929 0.08601444
v -0.04379306 -0.06086482 0.09723861
v -0.04383707 -0.06084929 0.08601444
v -0.04379306 -0.06086482 0.09723861
v -0.04866964 -0.05704055 0.09723860
v -0.04870945 -0.05702136 0.08600996
v -0.04870945 -0.05702136 0.08600996
v -0.04866964 -0.05704055 0.09723860
v -0.05326049 -0.05279713 0.08601273
v -0.05324692 -0.05278729 0.09724285
v -0.05326049 -0.05279713 0.08601273
v -0.05324692 -0.05278729 0.09724285
v -0.05739443 -0.04825182 0.09723861
v -0.05744940 -0.04818876 0.08596352
v -0.05744940 -0.04818876 0.08596352
v -0.05739443 -0.04825182 0.09723861
v -0.06118300 -0.04334743 0.09723860
v -0.06121689 -0.04331904 0.08600996
v -0.06121689 -0.04331904 0.08600996
v -0.06118300 -0.04334743 0.09723860
v -0.06459167 -0.03810686 0.08601275
v -0.06460164 -0.03806494 0.09723903
v -0.06459167 -0.03810686 0.08601275
v -0.06460164 -0.03806494 0.09723903
v -0.06751207 -0.03265222 0.08600998
v -0.06750187 -0.03263787 0.09724286
v -0.06751207 -0.03265222 0.08600998
v -0.06750187 -0.03263787 0.09724286
v -0.06997587 -0.02697383 0.08601246
v -0.06995199 -0.02700146 0.09723861
v -0.06997587 -0.02697383 0.08601246
v -0.06995199 -0.02700146 0.09723861
v -0.07196434 -0.02110314 0.08601243
v -0.07194283 -0.02113266 0.09723860
v -0.07196434 -0.02110314 0.08601243
v -0.07194283 -0.02113266 0.09723860
v -0.07346186 -0.01507988 0.08600996
v -0.07344845 -0.01506843 0.09724285
v -0.07346186 -0.01507988 0.08600996
v -0.07344845 -0.01506843 0.09724285
v -0.07445630 -0.00897044 0.08601244
v -0.07445861 -0.00896349 0.09717774
v -0.07445630 -0.00897044 0.08601244
v -0.07445861 -0.00896349 0.09717774
v -0.07493562 -0.00281191 0.08597982
v -0.07492690 -0.00277372 0.09724285
v -0.07493562 -0.00281191 0.08597982
v -0.07492690 -0.00277372 0.09724285
v -0.07490943 0.00344404 0.08598024
v -0.07491744 0.00342241 0.09717954
v -0.07490943 0.00344404 0.08598024
v -0.07491744 0.00342241 0.09717954
v -0.07436915 0.00961827 0.08598024
v -0.07436152 0.00959670 0.09724285
v -0.07436915 0.00961827 0.08598024
v -0.07436152 0.00959670 0.09724285
v -0.07333562 0.01569170 0.09717928
v -0.07332477 0.01569493 0.08597635
v -0.07332477 0.01569493 0.08597635
v -0.07333562 0.01569170 0.09717928
v -0.07178843 0.02167195 0.08597982
v -0.07178930 0.02169414 0.09717931
v -0.07178843 0.02167195 0.08597982
v -0.07178930 0.02169414 0.09717931
v -0.06974144 0.02754972 0.08597634
v -0.06973025 0.02755768 0.09724285
v -0.06974144 0.02754972 0.08597634
v -0.06973025 0.02755768 0.09724285
v -0.06724607 0.03317392 0.08596305
v -0.06724607 0.03317392 0.08596305
v -0.06973025 0.02755768 0.09724285
v -0.06723948 0.03321436 0.09717926
v -0.06724607 0.03317392 0.08596305
v -0.06723948 0.03321436 0.09717926
v -0.06427692 0.03861374 0.08596305
v -0.06426700 0.03865350 0.09717929
v -0.06427692 0.03861374 0.08596305
v -0.06426700 0.03865350 0.09717929
v -0.06082793 0.04385483 0.08598024
v -0.06082793 0.04385483 0.08598024
v -0.06426700 0.03865350 0.09717929
v -0.06082294 0.04385864 0.09722380
v -0.06082793 0.04385483 0.08598024
v -0.06082294 0.04385864 0.09722380
v -0.05701728 0.04870199 0.08597633
v -0.05699342 0.04873151 0.09722380
v -0.05701728 0.04870199 0.08597633
v -0.05699342 0.04873151 0.09722380
v -0.05282133 0.05322744 0.08597982
v -0.05279408 0.05324799 0.09722742
v -0.05282133 0.05322744 0.08597982
v -0.05279408 0.05324799 0.09722742
v -0.04821859 0.05743853 0.08601273
v -0.04822226 0.05743647 0.09717954
v -0.04821859 0.05743853 0.08601273
v -0.04822226 0.05743647 0.09717954
v -0.04331067 0.06122422 0.08601273
v -0.04331450 0.06122245 0.09717954
v -0.04331067 0.06122422 0.08601273
v -0.04331450 0.06122245 0.09717954
v -0.03811479 0.06458170 0.08599328
v -0.03810696 0.06457883 0.09722740
v -0.03811479 0.06458170 0.08599328
v -0.03810696 0.06457883 0.09722740
v -0.03267643 0.06749448 0.08597983
v -0.03267793 0.06749220 0.09722343
v -0.03267643 0.06749448 0.08597983
v -0.03267793 0.06749220 0.09722343
v -0.02696563 0.06997788 0.08600995
v -0.02693051 0.06998399 0.09722382
v -0.02696563 0.06997788 0.08600995
v -0.02693051 0.06998399 0.09722382
v -0.02109336 0.07196803 0.08601443
v -0.02108778 0.07195742 0.09722740
v -0.02109336 0.07196803 0.08601443
v -0.02108778 0.07195742 0.09722740
v -0.01508850 0.07346209 0.09717928
v -0.01507988 0.07346187 0.08600996
v -0.01507988 0.07346187 0.08600996
v -0.01508850 0.07346209 0.09717928
v -0.00893547 0.07445404 0.08597993
v -0.00895531 0.07445897 0.09717954
v 0.07484454 0.00272528 0.09731619
v 0.07491744 -0.00342236 0.09717954
v 0.07494364 0.00279127 0.09717931
v -0.00892555 0.07436350 0.09731317
v -0.00272912 0.07494872 0.09717243
v -0.00895531 0.07445897 0.09717954
v 0.07436385 0.00889652 0.09731622
v 0.07484454 0.00272528 0.09731619
v 0.07494364 0.00279127 0.09717931
v 0.07436385 0.00889652 0.09731622
v 0.07494364 0.00279127 0.09717931
v 0.07445717 0.00897054 0.09717929
v -0.01502090 0.07337598 0.09731364
v -0.00892555 0.07436350 0.09731317
v -0.00895531 0.07445897 0.09717954
v -0.01502090 0.07337598 0.09731364
v -0.00895531 0.07445897 0.09717954
v -0.01508850 0.07346209 0.09717928
v 0.07345306 0.01507355 0.09722742
v 0.07436385 0.00889652 0.09731622
v 0.07445717 0.00897054 0.09717929
v -0.02754697 -0.06963346 0.09731647
v -0.03323959 -0.06722129 0.09720878
v -0.02754163 -0.06975298 0.09719373
v -0.02108778 0.07195742 0.09722740
v -0.01502090 0.07337598 0.09731364
v -0.01508850 0.07346209 0.09717928
v 0.07187511 0.02092634 0.09732311
v 0.07345306 0.01507355 0.09722742
v 0.07195032 0.02112338 0.09722341
v -0.02218992 -0.07148652 0.09732739
v -0.02754697 -0.06963346 0.09731647
v -0.02170299 -0.07177426 0.09722741
v -0.02170299 -0.07177426 0.09722741
v -0.02754697 -0.06963346 0.09731647
v -0.02754163 -0.06975298 0.09719373
v -0.02686974 0.06986464 0.09732333
v -0.02108778 0.07195742 0.09722740
v -0.02693051 0.06998399 0.09722382
v 0.06993699 0.02667461 0.09732504
v 0.07187511 0.02092634 0.09732311
v 0.07195032 0.02112338 0.09722341
v 0.06993699 0.02667461 0.09732504
v 0.07195032 0.02112338 0.09722341
v 0.06996020 0.02699284 0.09722343
v -0.01581478 -0.07317030 0.09732295
v -0.02218992 -0.07148652 0.09732739
v -0.02170299 -0.07177426 0.09722741
v -0.01581478 -0.07317030 0.09732295
v -0.02170299 -0.07177426 0.09722741
v -0.01573225 -0.07331785 0.09722381
v -0.03251823 0.06741683 0.09732400
v -0.02686974 0.06986464 0.09732333
v -0.02693051 0.06998399 0.09722382
v -0.03267793 0.06749220 0.09722343
v -0.03794710 0.06450875 0.09732574
v -0.03251823 0.06741683 0.09732400
v -0.03267793 0.06749220 0.09722343
v -0.03794710 0.06450875 0.09732574
v -0.03267793 0.06749220 0.09722343
v -0.03810696 0.06457883 0.09722740
v 0.03322811 0.06723265 0.09717951
v 0.02754835 0.06975264 0.09717929
v 0.02754709 0.06964718 0.09731428
v 0.03322811 0.06723265 0.09717951
v 0.02754709 0.06964718 0.09731428
v 0.03321160 0.06712867 0.09731596
v 0.04382865 0.06085548 0.09717931
v 0.03866057 0.06426167 0.09718182
v 0.03864013 0.06416334 0.09731187
v 0.04382865 0.06085548 0.09717931
v 0.03864013 0.06416334 0.09731187
v 0.04380881 0.06074569 0.09731602
v 0.05325289 0.05280466 0.09718183
v 0.04870431 0.05702833 0.09717929
v 0.04867425 0.05692873 0.09731145
v 0.05325289 0.05280466 0.09718183
v 0.04867425 0.05692873 0.09731145
v 0.05320632 0.05270980 0.09731516
v 0.06121361 0.04332705 0.09717929
v 0.05742663 0.04823403 0.09717929
v 0.05737872 0.04814437 0.09731055
v 0.06121361 0.04332705 0.09717929
v 0.05737872 0.04814437 0.09731055
v 0.06114998 0.04324804 0.09731284
v 0.06751314 0.03265241 0.09718182
v 0.06459025 0.03811083 0.09717954
v 0.06450043 0.03806695 0.09731277
v 0.06751314 0.03265241 0.09718182
v 0.06450043 0.03806695 0.09731277
v 0.06738715 0.03266927 0.09731564
v 0.07437890 -0.00959072 0.09718182
v 0.07491744 -0.00342236 0.09717954
v 0.07481394 -0.00346465 0.09731620
v 0.07481394 -0.00346465 0.09731620
v 0.07491744 -0.00342236 0.09717954
v 0.07484454 0.00272528 0.09731619
v 0.07436385 0.00889652 0.09731622
v 0.07345306 0.01507355 0.09722742
v 0.07335765 0.01491968 0.09732310
v 0.07335765 0.01491968 0.09732310
v 0.07345306 0.01507355 0.09722742
v 0.07187511 0.02092634 0.09732311
v 0.07333562 -0.01569169 0.09717928
v 0.07437890 -0.00959072 0.09718182
v 0.07427229 -0.00963105 0.09731620
v 0.07427229 -0.00963105 0.09731620
v 0.07437890 -0.00959072 0.09718182
v 0.07481394 -0.00346465 0.09731620
v 0.07178930 -0.02169413 0.09717931
v 0.07333562 -0.01569169 0.09717928
v 0.07322331 -0.01573136 0.09731620
v 0.07322331 -0.01573136 0.09731620
v 0.07333562 -0.01569169 0.09717928
v 0.07427229 -0.00963105 0.09731620
v 0.06974855 -0.02755616 0.09718181
v 0.07178930 -0.02169413 0.09717931
v 0.07167406 -0.02172455 0.09731622
v 0.07167406 -0.02172455 0.09731622
v 0.07178930 -0.02169413 0.09717931
v 0.07322331 -0.01573136 0.09731620
v 0.06723948 -0.03321435 0.09717927
v 0.06974855 -0.02755616 0.09718181
v 0.06963524 -0.02756919 0.09731623
v 0.06963524 -0.02756919 0.09731623
v 0.06974855 -0.02755616 0.09718181
v 0.07167406 -0.02172455 0.09731622
v 0.06426700 -0.03865349 0.09717930
v 0.06723948 -0.03321435 0.09717927
v 0.06712067 -0.03322551 0.09731626
v 0.06712067 -0.03322551 0.09731626
v 0.06723948 -0.03321435 0.09717927
v 0.06963524 -0.02756919 0.09731623
v 0.06084645 -0.04384111 0.09717954
v 0.06426700 -0.03865349 0.09717930
v 0.06413227 -0.03867447 0.09731836
v 0.06413227 -0.03867447 0.09731836
v 0.06426700 -0.03865349 0.09717930
v 0.06712067 -0.03322551 0.09731626
v 0.05701833 -0.04871595 0.09717954
v 0.06084645 -0.04384111 0.09717954
v 0.06073626 -0.04382028 0.09731632
v 0.06073626 -0.04382028 0.09731632
v 0.06084645 -0.04384111 0.09717954
v 0.06413227 -0.03867447 0.09731836
v 0.05280468 -0.05325286 0.09718183
v 0.05701833 -0.04871595 0.09717954
v 0.05688824 -0.04870699 0.09731855
v 0.05688824 -0.04870699 0.09731855
v 0.05701833 -0.04871595 0.09717954
v 0.06073626 -0.04382028 0.09731632
v 0.04822225 -0.05743646 0.09717953
v 0.05280468 -0.05325286 0.09718183
v 0.05266953 -0.05324050 0.09731867
v 0.05266953 -0.05324050 0.09731867
v 0.05280468 -0.05325286 0.09718183
v 0.05688824 -0.04870699 0.09731855
v 0.04331449 -0.06122246 0.09717954
v 0.04822225 -0.05743646 0.09717953
v 0.04809068 -0.05740997 0.09731878
v 0.04809068 -0.05740997 0.09731878
v 0.04822225 -0.05743646 0.09717953
v 0.05266953 -0.05324050 0.09731867
v 0.03811606 -0.06458613 0.09718181
v 0.04331449 -0.06122246 0.09717954
v 0.04318284 -0.06118700 0.09731890
v 0.04318284 -0.06118700 0.09731890
v 0.04331449 -0.06122246 0.09717954
v 0.04809068 -0.05740997 0.09731878
v 0.03266072 -0.06751012 0.09717930
v 0.03811606 -0.06458613 0.09718181
v 0.03797964 -0.06454565 0.09731903
v 0.03797964 -0.06454565 0.09731903
v 0.03811606 -0.06458613 0.09718181
v 0.04318284 -0.06118700 0.09731890
v 0.02695983 -0.06998216 0.09717954
v 0.03266072 -0.06751012 0.09717930
v 0.03251664 -0.06746294 0.09731916
v 0.03251664 -0.06746294 0.09731916
v 0.03266072 -0.06751012 0.09717930
v 0.03797964 -0.06454565 0.09731903
v 0.02108868 -0.07196945 0.09717954
v 0.02695983 -0.06998216 0.09717954
v 0.02683110 -0.06991894 0.09731930
v 0.02683110 -0.06991894 0.09731930
v 0.02695983 -0.06998216 0.09717954
v 0.03251664 -0.06746294 0.09731916
v 0.01507973 -0.07346296 0.09718179
v 0.02108868 -0.07196945 0.09717954
v 0.02100367 -0.07188538 0.09731901
v 0.02100367 -0.07188538 0.09731901
v 0.02108868 -0.07196945 0.09717954
v 0.02683110 -0.06991894 0.09731930
v 0.00895530 -0.07445896 0.09717954
v 0.01507973 -0.07346296 0.09718179
v 0.01499475 -0.07337446 0.09731907
v 0.01499475 -0.07337446 0.09731907
v 0.01507973 -0.07346296 0.09718179
v 0.02100367 -0.07188538 0.09731901
v 0.00277594 -0.07494417 0.09717954
v 0.00895530 -0.07445896 0.09717954
v 0.00883414 -0.07436718 0.09731973
v 0.00883414 -0.07436718 0.09731973
v 0.00895530 -0.07445896 0.09717954
v 0.01499475 -0.07337446 0.09731907
v 0.00883414 -0.07436718 0.09731973
v 0.00265846 -0.07484274 0.09731988
v 0.00277594 -0.07494417 0.09717954
v 0.00277594 -0.07494417 0.09717954
v 0.00265846 -0.07484274 0.09731988
v -0.00342316 -0.07490004 0.09724285
v -0.00342316 -0.07490004 0.09724285
v -0.00967154 -0.07426007 0.09732255
v -0.00958214 -0.07438093 0.09717930
v 0.00265846 -0.07484274 0.09731988
v -0.00436519 -0.07472213 0.09732432
v -0.00342316 -0.07490004 0.09724285
v -0.00342316 -0.07490004 0.09724285
v -0.00436519 -0.07472213 0.09732432
v -0.00967154 -0.07426007 0.09732255
v -0.03865908 -0.06424334 0.09724287
v -0.03323959 -0.06722129 0.09720878
v -0.03301720 -0.06719123 0.09732295
v -0.03301720 -0.06719123 0.09732295
v -0.03323959 -0.06722129 0.09720878
v -0.02754697 -0.06963346 0.09731647
v -0.04379306 -0.06086482 0.09723861
v -0.03865908 -0.06424334 0.09724287
v -0.03787001 -0.06456452 0.09732377
v -0.03787001 -0.06456452 0.09732377
v -0.03865908 -0.06424334 0.09724287
v -0.03301720 -0.06719123 0.09732295
v -0.04866964 -0.05704055 0.09723860
v -0.04379306 -0.06086482 0.09723861
v -0.04308866 -0.06120482 0.09732373
v -0.04308866 -0.06120482 0.09732373
v -0.04379306 -0.06086482 0.09723861
v -0.03787001 -0.06456452 0.09732377
v -0.05324692 -0.05278729 0.09724285
v -0.04866964 -0.05704055 0.09723860
v -0.04800989 -0.05742534 0.09732369
v -0.04800989 -0.05742534 0.09732369
v -0.04866964 -0.05704055 0.09723860
v -0.04308866 -0.06120482 0.09732373
v -0.05739443 -0.04825182 0.09723861
v -0.05324692 -0.05278729 0.09724285
v -0.05260031 -0.05325207 0.09732366
v -0.05260031 -0.05325207 0.09732366
v -0.05324692 -0.05278729 0.09724285
v -0.04800989 -0.05742534 0.09732369
v -0.06118300 -0.04334743 0.09723860
v -0.05739443 -0.04825182 0.09723861
v -0.05682887 -0.04871363 0.09732362
v -0.05682887 -0.04871363 0.09732362
v -0.05739443 -0.04825182 0.09723861
v -0.05260031 -0.05325207 0.09732366
v -0.06460164 -0.03806494 0.09723903
v -0.06118300 -0.04334743 0.09723860
v -0.06066676 -0.04384116 0.09732359
v -0.06066676 -0.04384116 0.09732359
v -0.06118300 -0.04334743 0.09723860
v -0.05682887 -0.04871363 0.09732362
v -0.06750187 -0.03263787 0.09724286
v -0.06460164 -0.03806494 0.09723903
v -0.06408769 -0.03866830 0.09732354
v -0.06408769 -0.03866830 0.09732354
v -0.06460164 -0.03806494 0.09723903
v -0.06066676 -0.04384116 0.09732359
v -0.07492690 -0.00277372 0.09724285
v -0.07445861 -0.00896349 0.09717774
v -0.07435363 -0.00895858 0.09731767
v -0.07435363 -0.00895858 0.09731767
v -0.07445861 -0.00896349 0.09717774
v -0.07344845 -0.01506843 0.09724285
v -0.06995199 -0.02700146 0.09723861
v -0.06750187 -0.03263787 0.09724286
v -0.06706850 -0.03323034 0.09732353
v -0.06706850 -0.03323034 0.09732353
v -0.06750187 -0.03263787 0.09724286
v -0.06408769 -0.03866830 0.09732354
v -0.07194283 -0.02113266 0.09723860
v -0.06995199 -0.02700146 0.09723861
v -0.06958871 -0.02756485 0.09732350
v -0.06958871 -0.02756485 0.09732350
v -0.06995199 -0.02700146 0.09723861
v -0.06706850 -0.03323034 0.09732353
v -0.07436152 0.00959670 0.09724285
v -0.07491744 0.00342241 0.09717954
v -0.07481407 0.00340436 0.09731754
v -0.07481407 0.00340436 0.09731754
v -0.07491744 0.00342241 0.09717954
v -0.07492690 -0.00277372 0.09724285
v -0.07344845 -0.01506843 0.09724285
v -0.07194283 -0.02113266 0.09723860
v -0.07163120 -0.02171064 0.09732347
v -0.07163120 -0.02171064 0.09732347
v -0.07194283 -0.02113266 0.09723860
v -0.06958871 -0.02756485 0.09732350
v -0.07435363 -0.00895858 0.09731767
v -0.07344845 -0.01506843 0.09724285
v -0.07318216 -0.01570756 0.09732346
v -0.07318216 -0.01570756 0.09732346
v -0.07344845 -0.01506843 0.09724285
v -0.07163120 -0.02171064 0.09732347
v -0.07178930 0.02169414 0.09717931
v -0.07333562 0.01569170 0.09717928
v -0.07323296 0.01567424 0.09731744
v -0.07323296 0.01567424 0.09731744
v -0.07333562 0.01569170 0.09717928
v -0.07436152 0.00959670 0.09724285
v -0.06973025 0.02755768 0.09724285
v -0.07178930 0.02169414 0.09717931
v -0.07168812 0.02166942 0.09731739
v -0.07168812 0.02166942 0.09731739
v -0.07481407 0.00340436 0.09731754
v -0.07492690 -0.00277372 0.09724285
v -0.07477037 -0.00342097 0.09732343
v -0.07477037 -0.00342097 0.09732343
v -0.07492690 -0.00277372 0.09724285
v -0.07435363 -0.00895858 0.09731767
v -0.06426700 0.03865350 0.09717929
v -0.06723948 0.03321436 0.09717926
v -0.06714288 0.03317517 0.09731735
v -0.06714288 0.03317517 0.09731735
v -0.06723948 0.03321436 0.09717926
v -0.06973025 0.02755768 0.09724285
v -0.07323296 0.01567424 0.09731744
v -0.07436152 0.00959670 0.09724285
v -0.07431038 0.00895814 0.09732340
v -0.07431038 0.00895814 0.09732340
v -0.07436152 0.00959670 0.09724285
v -0.07481407 0.00340436 0.09731754
v -0.06082294 0.04385864 0.09722380
v -0.06426700 0.03865350 0.09717929
v -0.06416377 0.03862844 0.09731622
v -0.06416377 0.03862844 0.09731622
v -0.07168812 0.02166942 0.09731739
v -0.06982402 0.02696030 0.09732341
v -0.06973025 0.02755768 0.09724285
v -0.06973025 0.02755768 0.09724285
v -0.06982402 0.02696030 0.09732341
v -0.06714288 0.03317517 0.09731735
v -0.06416377 0.03862844 0.09731622
v -0.06086030 0.04358161 0.09732279
v -0.06082294 0.04385864 0.09722380
v -0.06082294 0.04385864 0.09722380
v -0.06086030 0.04358161 0.09732279
v -0.05699342 0.04873151 0.09722380
v -0.05279408 0.05324799 0.09722742
v -0.04815786 0.05735490 0.09731732
v -0.04822226 0.05743647 0.09717954
v -0.06086030 0.04358161 0.09732279
v -0.05698922 0.04854264 0.09732299
v -0.05699342 0.04873151 0.09722380
v -0.05699342 0.04873151 0.09722380
v -0.05698922 0.04854264 0.09732299
v -0.05279408 0.05324799 0.09722742
v -0.05698922 0.04854264 0.09732299
v -0.05278618 0.05308279 0.09732299
v -0.05279408 0.05324799 0.09722742
v -0.05279408 0.05324799 0.09722742
v -0.05278618 0.05308279 0.09732299
v -0.04815786 0.05735490 0.09731732
v -0.04331450 0.06122245 0.09717954
v -0.04822226 0.05743647 0.09717954
v -0.04815786 0.05735490 0.09731732
v -0.04329937 0.06110537 0.09731636
v 0.02170514 0.07168601 0.09731187
v 0.02754709 0.06964718 0.09731428
v 0.02754835 0.06975264 0.09717929
v 0.02170514 0.07168601 0.09731187
v 0.02754835 0.06975264 0.09717929
v 0.02169414 0.07178930 0.09717931
v 0.03321160 0.06712867 0.09731596
v 0.03864013 0.06416334 0.09731187
v 0.03866057 0.06426167 0.09718182
v 0.03322811 0.06723265 0.09717951
v 0.04380881 0.06074569 0.09731602
v 0.04867425 0.05692873 0.09731145
v 0.04870431 0.05702833 0.09717929
v 0.04380881 0.06074569 0.09731602
v 0.04870431 0.05702833 0.09717929
v 0.04382865 0.06085548 0.09717931
v 0.05320632 0.05270980 0.09731516
v 0.05737872 0.04814437 0.09731055
v 0.05742663 0.04823403 0.09717929
v 0.05320632 0.05270980 0.09731516
v 0.05742663 0.04823403 0.09717929
v 0.05325289 0.05280466 0.09718183
v 0.06114998 0.04324804 0.09731284
v 0.06450043 0.03806695 0.09731277
v 0.06459025 0.03811083 0.09717954
v 0.06114998 0.04324804 0.09731284
v 0.06459025 0.03811083 0.09717954
v 0.06121361 0.04332705 0.09717929
v 0.06738715 0.03266927 0.09731564
v 0.06993699 0.02667461 0.09732504
v 0.06996020 0.02699284 0.09722343
v 0.06738715 0.03266927 0.09731564
v 0.06996020 0.02699284 0.09722343
v 0.06751314 0.03265241 0.09718182
v 0.06738715 0.03266927 0.09731564
v 0.06997169 0.02604675 0.09734779
v 0.06993699 0.02667461 0.09732504
v 0.06993699 0.02667461 0.09732504
v 0.06997169 0.02604675 0.09734779
v 0.07190674 0.02010171 0.09734689
v 0.06993699 0.02667461 0.09732504
v 0.07190674 0.02010171 0.09734689
v 0.07187511 0.02092634 0.09732311
v 0.07187511 0.02092634 0.09732311
v 0.07190674 0.02010171 0.09734689
v 0.07333661 0.01401426 0.09734689
v 0.07187511 0.02092634 0.09732311
v 0.07333661 0.01401426 0.09734689
v 0.07335765 0.01491968 0.09732310
v 0.07335765 0.01491968 0.09732310
v 0.07333661 0.01401426 0.09734689
v 0.07430020 0.00782588 0.09733727
v 0.07335765 0.01491968 0.09732310
v 0.07430020 0.00782588 0.09733727
v 0.07436385 0.00889652 0.09731622
v 0.07436385 0.00889652 0.09731622
v 0.07430020 0.00782588 0.09733727
v 0.07469450 0.00158138 0.09733727
v 0.07469450 0.00158138 0.09733727
v 0.07484454 0.00272528 0.09731619
v 0.07484454 0.00272528 0.09731619
v 0.07469450 0.00158138 0.09733727
v 0.07456491 -0.00467424 0.09733727
v 0.07484454 0.00272528 0.09731619
v 0.07456491 -0.00467424 0.09733727
v 0.07481394 -0.00346465 0.09731620
v 0.07481394 -0.00346465 0.09731620
v 0.07456491 -0.00467424 0.09733727
v 0.07391234 -0.01089696 0.09733725
v 0.07481394 -0.00346465 0.09731620
v 0.07391234 -0.01089696 0.09733725
v 0.07427229 -0.00963105 0.09731620
v 0.07427229 -0.00963105 0.09731620
v 0.07391234 -0.01089696 0.09733725
v 0.07269654 -0.01702572 0.09734690
v 0.07427229 -0.00963105 0.09731620
v 0.07269654 -0.01702572 0.09734690
v 0.07322331 -0.01573136 0.09731620
v 0.07322331 -0.01573136 0.09731620
v 0.07269654 -0.01702572 0.09734690
v 0.07106023 -0.02307003 0.09733725
v 0.07322331 -0.01573136 0.09731620
v 0.07106023 -0.02307003 0.09733725
v 0.07167406 -0.02172455 0.09731622
v 0.07167406 -0.02172455 0.09731622
v 0.07106023 -0.02307003 0.09733725
v 0.06883923 -0.02891061 0.09734690
v 0.07167406 -0.02172455 0.09731622
v 0.06883923 -0.02891061 0.09734690
v 0.06963524 -0.02756919 0.09731623
v 0.06963524 -0.02756919 0.09731623
v 0.06883923 -0.02891061 0.09734690
v 0.06615774 -0.03455641 0.09735385
v 0.06963524 -0.02756919 0.09731623
v 0.06615774 -0.03455641 0.09735385
v 0.06712067 -0.03322551 0.09731626
v 0.06712067 -0.03322551 0.09731626
v 0.06615774 -0.03455641 0.09735385
v 0.06413227 -0.03867447 0.09731836
v 0.06413227 -0.03867447 0.09731836
v 0.05946840 -0.04510548 0.09735382
v 0.06073626 -0.04382028 0.09731632
v 0.06073626 -0.04382028 0.09731632
v 0.05946840 -0.04510548 0.09735382
v 0.05688824 -0.04870699 0.09731855
v -0.01573225 -0.07331785 0.09722381
v -0.00958214 -0.07438093 0.09717930
v -0.00967154 -0.07426007 0.09732255
v -0.01573225 -0.07331785 0.09722381
v -0.00967154 -0.07426007 0.09732255
v -0.01581478 -0.07317030 0.09732295
v -0.01581478 -0.07317030 0.09732295
v -0.00967154 -0.07426007 0.09732255
v -0.01851931 -0.07230476 0.09735412
v -0.01581478 -0.07317030 0.09732295
v -0.01851931 -0.07230476 0.09735412
v -0.02218992 -0.07148652 0.09732739
v -0.02754697 -0.06963346 0.09731647
v -0.02218992 -0.07148652 0.09732739
v -0.03301720 -0.06719123 0.09732295
v -0.06416377 0.03862844 0.09731622
v -0.06714288 0.03317517 0.09731735
v -0.06473165 0.03735001 0.09733424
v -0.06416377 0.03862844 0.09731622
v -0.06473165 0.03735001 0.09733424
v -0.06086030 0.04358161 0.09732279
v -0.05698922 0.04854264 0.09732299
v -0.06086030 0.04358161 0.09732279
v -0.05758524 0.04759929 0.09733734
v -0.05698922 0.04854264 0.09732299
v -0.05758524 0.04759929 0.09733734
v -0.05278618 0.05308279 0.09732299
v -0.05278618 0.05308279 0.09732299
v -0.05758524 0.04759929 0.09733734
v -0.05335807 0.05219102 0.09735392
v -0.05278618 0.05308279 0.09732299
v -0.05335807 0.05219102 0.09735392
v -0.04815786 0.05735490 0.09731732
v -0.04329937 0.06110537 0.09731636
v -0.04815786 0.05735490 0.09731732
v -0.04391715 0.06038005 0.09734786
v -0.04329937 0.06110537 0.09731636
v -0.04391715 0.06038005 0.09734786
v -0.03794710 0.06450875 0.09732574
v -0.03810696 0.06457883 0.09722740
v -0.04331450 0.06122245 0.09717954
v -0.04329937 0.06110537 0.09731636
v -0.03810696 0.06457883 0.09722740
v -0.04329937 0.06110537 0.09731636
v -0.03794710 0.06450875 0.09732574
v -0.02686974 0.06986464 0.09732333
v -0.02102264 0.07184217 0.09732320
v -0.02108778 0.07195742 0.09722740
v -0.02108778 0.07195742 0.09722740
v -0.02102264 0.07184217 0.09732320
v -0.01502090 0.07337598 0.09731364
v -0.00892555 0.07436350 0.09731317
v -0.00273914 0.07484715 0.09731407
v -0.00272912 0.07494872 0.09717243
v -0.00272912 0.07494872 0.09717243
v -0.00273914 0.07484715 0.09731407
v 0.00341575 0.07491687 0.09718180
v -0.00273914 0.07484715 0.09731407
v 0.00345152 0.07481755 0.09731419
v 0.00341575 0.07491687 0.09718180
v 0.00958213 0.07438094 0.09717931
v 0.00341575 0.07491687 0.09718180
v 0.00345152 0.07481755 0.09731419
v 0.00958213 0.07438094 0.09717931
v 0.00345152 0.07481755 0.09731419
v 0.00961876 0.07427691 0.09731419
v 0.01570006 0.07333289 0.09718179
v 0.00958213 0.07438094 0.09717931
v 0.00961876 0.07427691 0.09731419
v 0.01570006 0.07333289 0.09718179
v 0.00961876 0.07427691 0.09731419
v 0.01571938 0.07322938 0.09731386
v 0.02169414 0.07178930 0.09717931
v 0.01570006 0.07333289 0.09718179
v 0.01571938 0.07322938 0.09731386
v 0.02170514 0.07168601 0.09731187
v 0.03321160 0.06712867 0.09731596
v 0.02754709 0.06964718 0.09731428
v 0.02746219 0.06941260 0.09735915
v 0.04380881 0.06074569 0.09731602
v 0.03864013 0.06416334 0.09731187
v 0.03868738 0.06389933 0.09734309
v 0.03868738 0.06389933 0.09734309
v 0.03864013 0.06416334 0.09731187
v 0.03321160 0.06712867 0.09731596
v 0.04876217 0.05652021 0.09735915
v 0.04867425 0.05692873 0.09731145
v 0.04380881 0.06074569 0.09731602
v 0.06114998 0.04324804 0.09731284
v 0.05737872 0.04814437 0.09731055
v 0.05754983 0.04762199 0.09734309
v 0.05754983 0.04762199 0.09734309
v 0.05737872 0.04814437 0.09731055
v 0.05320632 0.05270980 0.09731516
v 0.06997169 0.02604675 0.09734779
v 0.06738715 0.03266927 0.09731564
v 0.06753529 0.03180042 0.09735915
v 0.01499475 -0.07337446 0.09731907
v 0.02100367 -0.07188538 0.09731901
v 0.01858231 -0.07229785 0.09735915
v 0.01571938 0.07322938 0.09731386
v 0.01551628 0.07307085 0.09734225
v 0.02170514 0.07168601 0.09731187
v -0.04815786 0.05735490 0.09731732
v -0.05335807 0.05219102 0.09735392
v -0.04875465 0.05649533 0.09737862
v -0.04391715 0.06038005 0.09734786
v -0.04815786 0.05735490 0.09731732
v -0.04875465 0.05649533 0.09737862
v -0.03794710 0.06450875 0.09732574
v -0.04391715 0.06038005 0.09734786
v -0.03869569 0.06386476 0.09735026
v -0.03869569 0.06386476 0.09735026
v -0.04391715 0.06038005 0.09734786
v -0.03857859 0.06374356 0.09752335
v -0.03251823 0.06741683 0.09732400
v -0.03794710 0.06450875 0.09732574
v -0.03320777 0.06685453 0.09735914
v -0.03320777 0.06685453 0.09735914
v -0.03794710 0.06450875 0.09732574
v -0.03869569 0.06386476 0.09735026
v -0.03320777 0.06685453 0.09735914
v -0.03869569 0.06386476 0.09735026
v -0.03857859 0.06374356 0.09752335
v -0.03320777 0.06685453 0.09735914
v -0.03857859 0.06374356 0.09752335
v -0.03310462 0.06674508 0.09754995
v -0.02686974 0.06986464 0.09732333
v -0.03251823 0.06741683 0.09732400
v -0.02749714 0.06939877 0.09735914
v -0.02749714 0.06939877 0.09735914
v -0.03251823 0.06741683 0.09732400
v -0.03320777 0.06685453 0.09735914
v -0.02749714 0.06939877 0.09735914
v -0.03320777 0.06685453 0.09735914
v -0.02740344 0.06928112 0.09754995
v -0.02740344 0.06928112 0.09754995
v -0.03320777 0.06685453 0.09735914
v -0.03310462 0.06674508 0.09754995
v -0.02102264 0.07184217 0.09732320
v -0.02686974 0.06986464 0.09732333
v -0.02159345 0.07145631 0.09735915
v -0.02159345 0.07145631 0.09735915
v -0.02686974 0.06986464 0.09732333
v -0.02749714 0.06939877 0.09735914
v -0.02159345 0.07145631 0.09735915
v -0.02749714 0.06939877 0.09735914
v -0.02151003 0.07133120 0.09754996
v -0.02151003 0.07133120 0.09754996
v -0.02749714 0.06939877 0.09735914
v -0.02740344 0.06928112 0.09754995
v -0.01502090 0.07337598 0.09731364
v -0.02102264 0.07184217 0.09732320
v -0.01554031 0.07303809 0.09735026
v -0.01554031 0.07303809 0.09735026
v -0.02102264 0.07184217 0.09732320
v -0.02159345 0.07145631 0.09735915
v -0.01554031 0.07303809 0.09735026
v -0.02159345 0.07145631 0.09735915
v -0.01547147 0.07289839 0.09749987
v -0.01547147 0.07289839 0.09749987
v -0.02159345 0.07145631 0.09735915
v -0.02151003 0.07133120 0.09754996
v -0.01547147 0.07289839 0.09749987
v -0.02151003 0.07133120 0.09754996
v -0.01546566 0.07290175 0.09779137
v -0.00892555 0.07436350 0.09731317
v -0.01502090 0.07337598 0.09731364
v -0.01554031 0.07303809 0.09735026
v -0.00892555 0.07436350 0.09731317
v -0.01554031 0.07303809 0.09735026
v -0.00934557 0.07396766 0.09742467
v -0.00934557 0.07396766 0.09742467
v -0.01554031 0.07303809 0.09735026
v -0.01547147 0.07289839 0.09749987
v -0.00934557 0.07396766 0.09742467
v -0.01547147 0.07289839 0.09749987
v -0.00931117 0.07394020 0.09779137
v -0.00931117 0.07394020 0.09779137
v -0.01547147 0.07289839 0.09749987
v -0.01546566 0.07290175 0.09779137
v -0.00273914 0.07484715 0.09731407
v -0.00892555 0.07436350 0.09731317
v -0.00313781 0.07463238 0.09734309
v -0.00313781 0.07463238 0.09734309
v -0.00892555 0.07436350 0.09731317
v -0.00934557 0.07396766 0.09742467
v -0.00313781 0.07463238 0.09734309
v -0.00934557 0.07396766 0.09742467
v -0.00310264 0.07446692 0.09747449
v -0.00310264 0.07446692 0.09747449
v -0.00934557 0.07396766 0.09742467
v -0.00305256 0.07445903 0.09778239
v -0.00305256 0.07445903 0.09778239
v -0.00934557 0.07396766 0.09742467
v -0.00931117 0.07394020 0.09779137
v 0.00345152 0.07481755 0.09731419
v -0.00273914 0.07484715 0.09731407
v 0.00310347 0.07455797 0.09736980
v 0.00310347 0.07455797 0.09736980
v -0.00273914 0.07484715 0.09731407
v -0.00313781 0.07463238 0.09734309
v 0.00310347 0.07455797 0.09736980
v -0.00313781 0.07463238 0.09734309
v -0.00310264 0.07446692 0.09747449
v 0.00310347 0.07455797 0.09736980
v -0.00310264 0.07446692 0.09747449
v 0.00314664 0.07442356 0.09762911
v 0.00314664 0.07442356 0.09762911
v -0.00310264 0.07446692 0.09747449
v -0.00305256 0.07445903 0.09778239
v 0.00314664 0.07442356 0.09762911
v -0.00305256 0.07445903 0.09778239
v 0.00318626 0.07451168 0.09784142
v 0.00961876 0.07427691 0.09731419
v 0.00345152 0.07481755 0.09731419
v 0.00933720 0.07406145 0.09735915
v 0.00933720 0.07406145 0.09735915
v 0.00345152 0.07481755 0.09731419
v 0.00310347 0.07455797 0.09736980
v 0.00933720 0.07406145 0.09735915
v 0.00310347 0.07455797 0.09736980
v 0.00936263 0.07391322 0.09754997
v 0.00936263 0.07391322 0.09754997
v 0.00310347 0.07455797 0.09736980
v 0.00314664 0.07442356 0.09762911
v 0.00936263 0.07391322 0.09754997
v 0.00314664 0.07442356 0.09762911
v 0.00937531 0.07395055 0.09780981
v 0.00937531 0.07395055 0.09780981
v 0.00314664 0.07442356 0.09762911
v 0.00318626 0.07451168 0.09784142
v 0.01571938 0.07322938 0.09731386
v 0.00961876 0.07427691 0.09731419
v 0.01551628 0.07307085 0.09734225
v 0.01551628 0.07307085 0.09734225
v 0.00961876 0.07427691 0.09731419
v 0.00933720 0.07406145 0.09735915
v 0.01551628 0.07307085 0.09734225
v 0.00933720 0.07406145 0.09735915
v 0.01551397 0.07289903 0.09747448
v 0.01551397 0.07289903 0.09747448
v 0.00933720 0.07406145 0.09735915
v 0.00936263 0.07391322 0.09754997
v 0.01551397 0.07289903 0.09747448
v 0.00936263 0.07391322 0.09754997
v 0.01556051 0.07287891 0.09778239
v 0.01556051 0.07287891 0.09778239
v 0.00936263 0.07391322 0.09754997
v 0.00937531 0.07395055 0.09780981
v 0.02744995 0.06926270 0.09754997
v 0.02155364 0.07130062 0.09760183
v 0.02747152 0.06929571 0.09780980
v 0.02744995 0.06926270 0.09754997
v 0.02747152 0.06929571 0.09780980
v 0.03319959 0.06673772 0.09780260
v 0.02155462 0.07146506 0.09736143
v 0.02155364 0.07130062 0.09760183
v 0.02744995 0.06926270 0.09754997
v 0.04869525 0.05637589 0.09757542
v 0.04380625 0.06024766 0.09762912
v 0.04874644 0.05641941 0.09782664
v 0.04869525 0.05637589 0.09757542
v 0.04874644 0.05641941 0.09782664
v 0.05329652 0.05214254 0.09782664
v 0.04384467 0.06038349 0.09736980
v 0.03860730 0.06371647 0.09752032
v 0.04380625 0.06024766 0.09762912
v 0.04384467 0.06038349 0.09736980
v 0.04380625 0.06024766 0.09762912
v 0.04869525 0.05637589 0.09757542
v 0.06452396 0.03722132 0.09762912
v 0.06121225 0.04250777 0.09779138
v 0.06460657 0.03725834 0.09784209
v 0.06452396 0.03722132 0.09762912
v 0.06460657 0.03725834 0.09784209
v 0.06748686 0.03169279 0.09782116
v 0.02754709 0.06964718 0.09731428
v 0.02155462 0.07146506 0.09736143
v 0.02746219 0.06941260 0.09735915
v 0.03868738 0.06389933 0.09734309
v 0.03317423 0.06687115 0.09735915
v 0.03860730 0.06371647 0.09752032
v 0.03868738 0.06389933 0.09734309
v 0.03860730 0.06371647 0.09752032
v 0.04384467 0.06038349 0.09736980
v 0.04876217 0.05652021 0.09735915
v 0.04384467 0.06038349 0.09736980
v 0.04869525 0.05637589 0.09757542
v 0.04876217 0.05652021 0.09735915
v 0.04869525 0.05637589 0.09757542
v 0.05324187 0.05210346 0.09757542
v 0.05745376 0.04750354 0.09745367
v 0.05324187 0.05210346 0.09757542
v 0.05741694 0.04746300 0.09765577
v 0.05745376 0.04750354 0.09745367
v 0.05741694 0.04746300 0.09765577
v 0.06121203 0.04252102 0.09747449
v 0.06121203 0.04252102 0.09747449
v 0.05741694 0.04746300 0.09765577
v 0.06121225 0.04250777 0.09779138
v 0.06121203 0.04252102 0.09747449
v 0.06121225 0.04250777 0.09779138
v 0.06452396 0.03722132 0.09762912
v 0.06741547 0.03169580 0.09757543
v 0.06452396 0.03722132 0.09762912
v 0.06748686 0.03169279 0.09782116
v 0.06741547 0.03169580 0.09757543
v 0.06748686 0.03169279 0.09782116
v 0.06987863 0.02595291 0.09780978
v 0.03321160 0.06712867 0.09731596
v 0.02746219 0.06941260 0.09735915
v 0.03317423 0.06687115 0.09735915
v 0.05332254 0.05220579 0.09737862
v 0.04876217 0.05652021 0.09735915
v 0.05324187 0.05210346 0.09757542
v 0.05332254 0.05220579 0.09737862
v 0.05324187 0.05210346 0.09757542
v 0.05745376 0.04750354 0.09745367
v 0.04380881 0.06074569 0.09731602
v 0.03868738 0.06389933 0.09734309
v 0.04384467 0.06038349 0.09736980
v 0.06460824 0.03729655 0.09739226
v 0.06121203 0.04252102 0.09747449
v 0.06452396 0.03722132 0.09762912
v 0.06460824 0.03729655 0.09739226
v 0.06452396 0.03722132 0.09762912
v 0.06741547 0.03169580 0.09757543
v 0.07176603 0.02001148 0.09754996
v 0.06983984 0.02594649 0.09754996
v 0.07180534 0.02001424 0.09780978
v 0.07176603 0.02001148 0.09754996
v 0.07180534 0.02001424 0.09780978
v 0.07323100 0.01390512 0.09780258
v 0.04380881 0.06074569 0.09731602
v 0.04384467 0.06038349 0.09736980
v 0.04876217 0.05652021 0.09735915
v 0.05754983 0.04762199 0.09734309
v 0.05332254 0.05220579 0.09737862
v 0.05745376 0.04750354 0.09745367
v 0.05754983 0.04762199 0.09734309
v 0.05745376 0.04750354 0.09745367
v 0.06121203 0.04252102 0.09747449
v 0.07318886 0.01393607 0.09754996
v 0.07176603 0.02001148 0.09754996
v 0.07323100 0.01390512 0.09780258
v 0.07318886 0.01393607 0.09754996
v 0.07323100 0.01390512 0.09780258
v 0.07412673 0.00768666 0.09779079
v 0.06997169 0.02604675 0.09734779
v 0.06753529 0.03180042 0.09735915
v 0.06983984 0.02594649 0.09754996
v 0.06997169 0.02604675 0.09734779
v 0.06983984 0.02594649 0.09754996
v 0.07176603 0.02001148 0.09754996
v 0.07412517 0.00777232 0.09747449
v 0.07318886 0.01393607 0.09754996
v 0.07412673 0.00768666 0.09779079
v 0.07412517 0.00777232 0.09747449
v 0.07412673 0.00768666 0.09779079
v 0.07450844 0.00153124 0.09779139
v 0.06738715 0.03266927 0.09731564
v 0.06450043 0.03806695 0.09731277
v 0.06753529 0.03180042 0.09735915
v 0.07252964 -0.01703738 0.09754996
v 0.07369878 -0.01089953 0.09752032
v 0.07256545 -0.01705388 0.09780980
v 0.07252964 -0.01703738 0.09754996
v 0.07256545 -0.01705388 0.09780980
v 0.07086759 -0.02305722 0.09779138
v 0.07469450 0.00158138 0.09733727
v 0.07430020 0.00782588 0.09733727
v 0.07451557 0.00154243 0.09747449
v 0.07469450 0.00158138 0.09733727
v 0.07451557 0.00154243 0.09747449
v 0.07438330 -0.00469830 0.09747450
v 0.05931701 -0.04505838 0.09762912
v 0.06287936 -0.03993686 0.09762914
v 0.05938316 -0.04512017 0.09784209
v 0.05931701 -0.04505838 0.09762912
v 0.05938316 -0.04512017 0.09784209
v 0.05536861 -0.04993220 0.09782116
v 0.07106023 -0.02307003 0.09733725
v 0.07269654 -0.01702572 0.09734690
v 0.07087799 -0.02304905 0.09747450
v 0.07106023 -0.02307003 0.09733725
v 0.07087799 -0.02304905 0.09747450
v 0.06883923 -0.02891061 0.09734690
v 0.06298508 -0.03997669 0.09739227
v 0.06615774 -0.03455641 0.09735385
v 0.06287936 -0.03993686 0.09762914
v 0.06298508 -0.03997669 0.09739227
v 0.06287936 -0.03993686 0.09762914
v 0.05931701 -0.04505838 0.09762912
v 0.05098315 -0.05432807 0.09754997
v 0.05534372 -0.04986522 0.09757543
v 0.05100383 -0.05436163 0.09780981
v 0.05098315 -0.05432807 0.09754997
v 0.05100383 -0.05436163 0.09780981
v 0.04625276 -0.05839648 0.09757543
v 0.04625276 -0.05839648 0.09757543
v 0.05100383 -0.05436163 0.09780981
v 0.04628589 -0.05845495 0.09782665
v 0.04625276 -0.05839648 0.09757543
v 0.04628589 -0.05845495 0.09782665
v 0.04118283 -0.06210826 0.09778239
v 0.05545094 -0.04993927 0.09737863
v 0.05946840 -0.04510548 0.09735382
v 0.05534372 -0.04986522 0.09757543
v 0.05545094 -0.04993927 0.09737863
v 0.05534372 -0.04986522 0.09757543
v 0.05098315 -0.05432807 0.09754997
v 0.04125954 -0.06209835 0.09742468
v 0.04625276 -0.05839648 0.09757543
v 0.04118283 -0.06210826 0.09778239
v 0.04125954 -0.06209835 0.09742468
v 0.04118283 -0.06210826 0.09778239
v 0.03586997 -0.06529239 0.09754804
v 0.05266953 -0.05324050 0.09731867
v 0.05688824 -0.04870699 0.09731855
v 0.05107764 -0.05440416 0.09737863
v 0.05266953 -0.05324050 0.09731867
v 0.05107764 -0.05440416 0.09737863
v 0.04634614 -0.05848737 0.09737863
v 0.03595044 -0.06542067 0.09736657
v 0.04125954 -0.06209835 0.09742468
v 0.03586997 -0.06529239 0.09754804
v 0.03595044 -0.06542067 0.09736657
v 0.03586997 -0.06529239 0.09754804
v 0.03032570 -0.06810952 0.09742469
v -0.00002489 -0.07449474 0.09757543
v 0.00620875 -0.07423557 0.09757543
v -0.00005800 -0.07455806 0.09782117
v -0.00002489 -0.07449474 0.09757543
v -0.00005800 -0.07455806 0.09782117
v -0.00626043 -0.07422650 0.09762912
v -0.00626043 -0.07422650 0.09762912
v -0.00005800 -0.07455806 0.09782117
v -0.00627716 -0.07431545 0.09784209
v -0.00626043 -0.07422650 0.09762912
v -0.00627716 -0.07431545 0.09784209
v -0.01247373 -0.07352958 0.09784210
v 0.04809068 -0.05740997 0.09731878
v 0.05266953 -0.05324050 0.09731867
v 0.04634614 -0.05848737 0.09737863
v 0.04809068 -0.05740997 0.09731878
v 0.04634614 -0.05848737 0.09737863
v 0.04125954 -0.06209835 0.09742468
v 0.02453357 -0.07047583 0.09737863
v 0.03032570 -0.06810952 0.09742469
v 0.02447533 -0.07035927 0.09757542
v 0.02453357 -0.07047583 0.09737863
v 0.02447533 -0.07035927 0.09757542
v 0.01850200 -0.07216054 0.09757540
v -0.01244954 -0.07344234 0.09762912
v -0.01244954 -0.07344234 0.09762912
v -0.01247373 -0.07352958 0.09784210
v -0.01859802 -0.07220125 0.09782115
v 0.03797964 -0.06454565 0.09731903
v 0.04318284 -0.06118700 0.09731890
v 0.03595044 -0.06542067 0.09736657
v 0.03797964 -0.06454565 0.09731903
v 0.03595044 -0.06542067 0.09736657
v 0.03032570 -0.06810952 0.09742469
v 0.01246731 -0.07359923 0.09735916
v 0.01858231 -0.07229785 0.09735915
v 0.01240025 -0.07346466 0.09754996
v 0.01246731 -0.07359923 0.09735916
v 0.01240025 -0.07346466 0.09754996
v 0.00620875 -0.07423557 0.09757543
v -0.01855183 -0.07214756 0.09760246
v -0.01244954 -0.07344234 0.09762912
v -0.01859802 -0.07220125 0.09782115
v -0.01855183 -0.07214756 0.09760246
v -0.01859802 -0.07220125 0.09782115
v -0.02452045 -0.07033552 0.09760182
v -0.02452045 -0.07033552 0.09760182
v -0.01859802 -0.07220125 0.09782115
v -0.02458654 -0.07041054 0.09784142
v -0.02452045 -0.07033552 0.09760182
v -0.02458654 -0.07041054 0.09784142
v -0.03034917 -0.06808456 0.09780981
v 0.03251664 -0.06746294 0.09731916
v 0.03797964 -0.06454565 0.09731903
v 0.03032570 -0.06810952 0.09742469
v 0.03251664 -0.06746294 0.09731916
v 0.03032570 -0.06810952 0.09742469
v 0.02453357 -0.07047583 0.09737863
v 0.00623626 -0.07436293 0.09737863
v 0.01246731 -0.07359923 0.09735916
v 0.00620875 -0.07423557 0.09757543
v 0.00623626 -0.07436293 0.09737863
v 0.00620875 -0.07423557 0.09757543
v -0.00002489 -0.07449474 0.09757543
v 0.02100367 -0.07188538 0.09731901
v 0.02683110 -0.06991894 0.09731930
v 0.01858231 -0.07229785 0.09735915
v -0.01242360 -0.07358108 0.09736980
v -0.00624678 -0.07433862 0.09739229
v -0.01244954 -0.07344234 0.09762912
v -0.01242360 -0.07358108 0.09736980
v -0.01244954 -0.07344234 0.09762912
v -0.01855183 -0.07214756 0.09760246
v -0.03032633 -0.06805244 0.09754997
v -0.02452045 -0.07033552 0.09760182
v -0.03034917 -0.06808456 0.09780981
v -0.03032633 -0.06805244 0.09754997
v -0.03034917 -0.06808456 0.09780981
v -0.03591263 -0.06526656 0.09765578
v -0.04124491 -0.06202921 0.09762914
v -0.03591263 -0.06526656 0.09765578
v -0.04132450 -0.06208402 0.09784142
v -0.04124491 -0.06202921 0.09762914
v -0.04132450 -0.06208402 0.09784142
v -0.04635392 -0.05842520 0.09784209
v 0.00265846 -0.07484274 0.09731988
v 0.00883414 -0.07436718 0.09731973
v -0.00000818 -0.07462396 0.09737863
v 0.00265846 -0.07484274 0.09731988
v -0.00000818 -0.07462396 0.09737863
v -0.00624678 -0.07433862 0.09739229
v -0.02454908 -0.07047044 0.09737862
v -0.01851931 -0.07230476 0.09735412
v -0.02452045 -0.07033552 0.09760182
v -0.02454908 -0.07047044 0.09737862
v -0.02452045 -0.07033552 0.09760182
v -0.03032633 -0.06805244 0.09754997
v -0.03592917 -0.06535250 0.09740762
v -0.03032633 -0.06805244 0.09754997
v -0.03591263 -0.06526656 0.09765578
v -0.03592917 -0.06535250 0.09740762
v -0.03591263 -0.06526656 0.09765578
v -0.04124491 -0.06202921 0.09762914
v -0.00967154 -0.07426007 0.09732255
v -0.01242360 -0.07358108 0.09736980
v -0.01851931 -0.07230476 0.09735412
v -0.06602263 -0.03448695 0.09760181
v -0.06295590 -0.03991406 0.09780980
v -0.06611468 -0.03450520 0.09783813
v -0.06602263 -0.03448695 0.09760181
v -0.06611468 -0.03450520 0.09783813
v -0.06876479 -0.02882253 0.09782599
v -0.03787001 -0.06456452 0.09732377
v -0.03301720 -0.06719123 0.09732295
v -0.03592917 -0.06535250 0.09740762
v -0.03787001 -0.06456452 0.09732377
v -0.03592917 -0.06535250 0.09740762
v -0.04128695 -0.06213406 0.09739228
v -0.05546191 -0.04992708 0.09737863
v -0.05108958 -0.05439294 0.09737863
v -0.05538387 -0.04983422 0.09754996
v -0.05546191 -0.04992708 0.09737863
v -0.05538387 -0.04983422 0.09754996
v -0.05934670 -0.04501452 0.09760181
v -0.07085641 -0.02299645 0.09757542
v -0.06868361 -0.02884493 0.09757542
v -0.07092688 -0.02298449 0.09782116
v -0.07085641 -0.02299645 0.09757542
v -0.07092688 -0.02298449 0.09782116
v -0.07260850 -0.01695114 0.09782600
v -0.04800989 -0.05742534 0.09732369
v -0.04308866 -0.06120482 0.09732373
v -0.04632481 -0.05844541 0.09740762
v -0.04800989 -0.05742534 0.09732369
v -0.04632481 -0.05844541 0.09740762
v -0.05108958 -0.05439294 0.09737863
v -0.06301148 -0.03997864 0.09737863
v -0.05944518 -0.04511106 0.09737863
v -0.06291906 -0.03990003 0.09754996
v -0.06301148 -0.03997864 0.09737863
v -0.06291906 -0.03990003 0.09754996
v -0.06602263 -0.03448695 0.09760181
v -0.07369924 -0.01085775 0.09757543
v -0.07253220 -0.01698671 0.09757542
v -0.07377230 -0.01081593 0.09782599
v -0.07369924 -0.01085775 0.09757543
v -0.07377230 -0.01081593 0.09782599
v -0.07437895 -0.00465002 0.09779138
v -0.05260031 -0.05325207 0.09732366
v -0.04800989 -0.05742534 0.09732369
v -0.05108958 -0.05439294 0.09737863
v -0.05260031 -0.05325207 0.09732366
v -0.05108958 -0.05439294 0.09737863
v -0.05546191 -0.04992708 0.09737863
v -0.06613585 -0.03456571 0.09737862
v -0.06301148 -0.03997864 0.09737863
v -0.06602263 -0.03448695 0.09760181
v -0.06613585 -0.03456571 0.09737862
v -0.06602263 -0.03448695 0.09760181
v -0.06868361 -0.02884493 0.09757542
v -0.07447763 0.00158817 0.09765575
v -0.07437895 -0.00465002 0.09779138
v -0.07456294 0.00159848 0.09784208
v -0.07447763 0.00158817 0.09765575
v -0.07456294 0.00159848 0.09784208
v -0.07416771 0.00783212 0.09784209
v -0.06066676 -0.04384116 0.09732359
v -0.05682887 -0.04871363 0.09732362
v -0.05944518 -0.04511106 0.09737863
v -0.06066676 -0.04384116 0.09732359
v -0.05944518 -0.04511106 0.09737863
v -0.06301148 -0.03997864 0.09737863
v -0.07097416 -0.02305230 0.09737862
v -0.06879628 -0.02891040 0.09737863
v -0.07085641 -0.02299645 0.09757542
v -0.07097416 -0.02305230 0.09737862
v -0.07085641 -0.02299645 0.09757542
v -0.07253220 -0.01698671 0.09757542
v -0.07440852 -0.00468264 0.09742468
v -0.07369924 -0.01085775 0.09757543
v -0.07437895 -0.00465002 0.09779138
v -0.07440852 -0.00468264 0.09742468
v -0.07437895 -0.00465002 0.09779138
v -0.07447763 0.00158817 0.09765575
v -0.06408769 -0.03866830 0.09732354
v -0.06066676 -0.04384116 0.09732359
v -0.06301148 -0.03997864 0.09737863
v -0.06408769 -0.03866830 0.09732354
v -0.06301148 -0.03997864 0.09737863
v -0.06613585 -0.03456571 0.09737862
v -0.07265422 -0.01703246 0.09737862
v -0.07097416 -0.02305230 0.09737862
v -0.07253220 -0.01698671 0.09757542
v -0.07265422 -0.01703246 0.09737862
v -0.07253220 -0.01698671 0.09757542
v -0.07369924 -0.01085775 0.09757543
v -0.07173639 0.02005568 0.09760181
v -0.07320728 0.01402948 0.09780259
v -0.07181596 0.02010541 0.09783813
v -0.07173639 0.02005568 0.09760181
v -0.07181596 0.02010541 0.09783813
v -0.06983569 0.02606805 0.09780916
v -0.06958871 -0.02756485 0.09732350
v -0.06706850 -0.03323034 0.09732353
v -0.06879628 -0.02891040 0.09737863
v -0.06958871 -0.02756485 0.09732350
v -0.06879628 -0.02891040 0.09737863
v -0.07097416 -0.02305230 0.09737862
v -0.07416918 0.00779671 0.09740762
v -0.07456146 0.00156310 0.09740762
v -0.07408354 0.00781475 0.09765577
v -0.07416918 0.00779671 0.09740762
v -0.07408354 0.00781475 0.09765577
v -0.07317948 0.01398520 0.09754994
v -0.06738713 0.03173822 0.09760181
v -0.06983569 0.02606805 0.09780916
v -0.06745484 0.03181176 0.09784142
v -0.06738713 0.03173822 0.09760181
v -0.06745484 0.03181176 0.09784142
v -0.06456997 0.03732171 0.09784209
v -0.07435363 -0.00895858 0.09731767
v -0.07318216 -0.01570756 0.09732346
v -0.07382463 -0.01089318 0.09737863
v -0.07435363 -0.00895858 0.09731767
v -0.07382463 -0.01089318 0.09737863
v -0.07440852 -0.00468264 0.09742468
v -0.07330063 0.01399125 0.09737862
v -0.07416918 0.00779671 0.09740762
v -0.07317948 0.01398520 0.09754994
v -0.07330063 0.01399125 0.09737862
v -0.07317948 0.01398520 0.09754994
v -0.07173639 0.02005568 0.09760181
v -0.07431038 0.00895814 0.09732340
v -0.07481407 0.00340436 0.09731754
v -0.07416918 0.00779671 0.09740762
v -0.07431038 0.00895814 0.09732340
v -0.07416918 0.00779671 0.09740762
v -0.07330063 0.01399125 0.09737862
v -0.06751831 0.03178076 0.09737862
v -0.06994088 0.02601947 0.09737862
v -0.06738713 0.03173822 0.09760181
v -0.06751831 0.03178076 0.09737862
v -0.06738713 0.03173822 0.09760181
v -0.06456646 0.03729257 0.09743037
v -0.05741575 0.04752242 0.09747449
v -0.06115049 0.04253181 0.09760182
v -0.05737640 0.04755431 0.09778239
v -0.05741575 0.04752242 0.09747449
v -0.05737640 0.04755431 0.09778239
v -0.05320200 0.05213746 0.09762912
v -0.04865754 0.05640845 0.09757543
v -0.05320200 0.05213746 0.09762912
v -0.04867385 0.05647800 0.09782116
v -0.04865754 0.05640845 0.09757543
v -0.04867385 0.05647800 0.09782116
v -0.04374180 0.06035911 0.09780917
v -0.06982402 0.02696030 0.09732341
v -0.07168812 0.02166942 0.09731739
v -0.06994088 0.02601947 0.09737862
v -0.06982402 0.02696030 0.09732341
v -0.06994088 0.02601947 0.09737862
v -0.06751831 0.03178076 0.09737862
v -0.05335807 0.05219102 0.09735392
v -0.05741575 0.04752242 0.09747449
v -0.05320200 0.05213746 0.09762912
v -0.05335807 0.05219102 0.09735392
v -0.05320200 0.05213746 0.09762912
v -0.04865754 0.05640845 0.09757543
v -0.03857859 0.06374356 0.09752335
v -0.04377203 0.06028956 0.09754996
v -0.03853765 0.06380765 0.09780917
v -0.03857859 0.06374356 0.09752335
v -0.03853765 0.06380765 0.09780917
v -0.03311470 0.06678321 0.09780980
v -0.05758524 0.04759929 0.09733734
v -0.06127276 0.04259563 0.09737862
v -0.05741575 0.04752242 0.09747449
v -0.05758524 0.04759929 0.09733734
v -0.05741575 0.04752242 0.09747449
v -0.05335807 0.05219102 0.09735392
v -0.04875465 0.05649533 0.09737862
v -0.05335807 0.05219102 0.09735392
v -0.04865754 0.05640845 0.09757543
v -0.04875465 0.05649533 0.09737862
v -0.04865754 0.05640845 0.09757543
v -0.04377203 0.06028956 0.09754996
v -0.02740344 0.06928112 0.09754995
v -0.03310462 0.06674508 0.09754995
v -0.02738093 0.06932834 0.09780259
v -0.02740344 0.06928112 0.09754995
v -0.02738093 0.06932834 0.09780259
v -0.02145861 0.07138694 0.09780916
v -0.06086030 0.04358161 0.09732279
v -0.06473165 0.03735001 0.09733424
v -0.06127276 0.04259563 0.09737862
v -0.06086030 0.04358161 0.09732279
v -0.06127276 0.04259563 0.09737862
v -0.05758524 0.04759929 0.09733734
v -0.04391715 0.06038005 0.09734786
v -0.04875465 0.05649533 0.09737862
v -0.04377203 0.06028956 0.09754996
v -0.04391715 0.06038005 0.09734786
v -0.04377203 0.06028956 0.09754996
v -0.03857859 0.06374356 0.09752335
v -0.02151003 0.07133120 0.09754996
v -0.02740344 0.06928112 0.09754995
v -0.02145861 0.07138694 0.09780916
v -0.02151003 0.07133120 0.09754996
v -0.02145861 0.07138694 0.09780916
v -0.01546566 0.07290175 0.09779137
v 0.02161651 0.07137836 0.09784142
v 0.02747152 0.06929571 0.09780980
v 0.02155364 0.07130062 0.09760183
v 0.03314945 0.06672283 0.09754998
v 0.02744995 0.06926270 0.09754997
v 0.03319959 0.06673772 0.09780260
v 0.03314945 0.06672283 0.09754998
v 0.03319959 0.06673772 0.09780260
v 0.03860730 0.06371647 0.09752032
v 0.03860730 0.06371647 0.09752032
v 0.03319959 0.06673772 0.09780260
v 0.03869039 0.06373688 0.09782599
v 0.03860730 0.06371647 0.09752032
v 0.03869039 0.06373688 0.09782599
v 0.04380625 0.06024766 0.09762912
v 0.04380625 0.06024766 0.09762912
v 0.03869039 0.06373688 0.09782599
v 0.04388805 0.06029909 0.09784141
v 0.04380625 0.06024766 0.09762912
v 0.04388805 0.06029909 0.09784141
v 0.04874644 0.05641941 0.09782664
v 0.02746219 0.06941260 0.09735915
v 0.02155462 0.07146506 0.09736143
v 0.02744995 0.06926270 0.09754997
v 0.02746219 0.06941260 0.09735915
v 0.02744995 0.06926270 0.09754997
v 0.03314945 0.06672283 0.09754998
v 0.05324187 0.05210346 0.09757542
v 0.04869525 0.05637589 0.09757542
v 0.05329652 0.05214254 0.09782664
v 0.05324187 0.05210346 0.09757542
v 0.05329652 0.05214254 0.09782664
v 0.05741694 0.04746300 0.09765577
v 0.05741694 0.04746300 0.09765577
v 0.05329652 0.05214254 0.09782664
v 0.05749586 0.04749722 0.09783813
v 0.05741694 0.04746300 0.09765577
v 0.05749586 0.04749722 0.09783813
v 0.06121225 0.04250777 0.09779138
v 0.03317423 0.06687115 0.09735915
v 0.02746219 0.06941260 0.09735915
v 0.03314945 0.06672283 0.09754998
v 0.03317423 0.06687115 0.09735915
v 0.03314945 0.06672283 0.09754998
v 0.03860730 0.06371647 0.09752032
v 0.06987863 0.02595291 0.09780978
v 0.06987863 0.02595291 0.09780978
v 0.06983984 0.02594649 0.09754996
v 0.06741547 0.03169580 0.09757543
v 0.03317423 0.06687115 0.09735915
v 0.03868738 0.06389933 0.09734309
v 0.03321160 0.06712867 0.09731596
v 0.06741547 0.03169580 0.09757543
v 0.06983984 0.02594649 0.09754996
v 0.06753529 0.03180042 0.09735915
v 0.06741547 0.03169580 0.09757543
v 0.06753529 0.03180042 0.09735915
v 0.06460824 0.03729655 0.09739226
v 0.06121203 0.04252102 0.09747449
v 0.06460824 0.03729655 0.09739226
v 0.06133289 0.04263936 0.09734309
v 0.06121203 0.04252102 0.09747449
v 0.06133289 0.04263936 0.09734309
v 0.05754983 0.04762199 0.09734309
v 0.05332254 0.05220579 0.09737862
v 0.05754983 0.04762199 0.09734309
v 0.05320632 0.05270980 0.09731516
v 0.05332254 0.05220579 0.09737862
v 0.05320632 0.05270980 0.09731516
v 0.04876217 0.05652021 0.09735915
v 0.04876217 0.05652021 0.09735915
v 0.05320632 0.05270980 0.09731516
v 0.04867425 0.05692873 0.09731145
v 0.06114998 0.04324804 0.09731284
v 0.05754983 0.04762199 0.09734309
v 0.06133289 0.04263936 0.09734309
v 0.07190674 0.02010171 0.09734689
v 0.06997169 0.02604675 0.09734779
v 0.07176603 0.02001148 0.09754996
v 0.07190674 0.02010171 0.09734689
v 0.07176603 0.02001148 0.09754996
v 0.07318886 0.01393607 0.09754996
v 0.07451557 0.00154243 0.09747449
v 0.07412517 0.00777232 0.09747449
v 0.07450844 0.00153124 0.09779139
v 0.07451557 0.00154243 0.09747449
v 0.07450844 0.00153124 0.09779139
v 0.07437021 -0.00474723 0.09778239
v 0.07369878 -0.01089953 0.09752032
v 0.07437021 -0.00474723 0.09778239
v 0.07374982 -0.01096826 0.09782600
v 0.07369878 -0.01089953 0.09752032
v 0.07374982 -0.01096826 0.09782600
v 0.07256545 -0.01705388 0.09780980
v 0.07437021 -0.00474723 0.09778239
v 0.07369878 -0.01089953 0.09752032
v 0.07438330 -0.00469830 0.09747450
v 0.07437021 -0.00474723 0.09778239
v 0.07438330 -0.00469830 0.09747450
v 0.07451557 0.00154243 0.09747449
v 0.07318886 0.01393607 0.09754996
v 0.07412517 0.00777232 0.09747449
v 0.07333661 0.01401426 0.09734689
v 0.07318886 0.01393607 0.09754996
v 0.07333661 0.01401426 0.09734689
v 0.07190674 0.02010171 0.09734689
v 0.06460824 0.03729655 0.09739226
v 0.06753529 0.03180042 0.09735915
v 0.06450043 0.03806695 0.09731277
v 0.06460824 0.03729655 0.09739226
v 0.06450043 0.03806695 0.09731277
v 0.06133289 0.04263936 0.09734309
v 0.06133289 0.04263936 0.09734309
v 0.06450043 0.03806695 0.09731277
v 0.06114998 0.04324804 0.09731284
v 0.06295044 -0.03999292 0.09784209
v 0.06295044 -0.03999292 0.09784209
v 0.06287936 -0.03993686 0.09762914
v 0.06604050 -0.03461196 0.09782600
v 0.06604050 -0.03461196 0.09782600
v 0.06287936 -0.03993686 0.09762914
v 0.06600501 -0.03453663 0.09760249
v 0.06604050 -0.03461196 0.09782600
v 0.06600501 -0.03453663 0.09760249
v 0.06869063 -0.02894360 0.09780259
v 0.06869063 -0.02894360 0.09780259
v 0.06600501 -0.03453663 0.09760249
v 0.06867264 -0.02889447 0.09754997
v 0.06869063 -0.02894360 0.09780259
v 0.06867264 -0.02889447 0.09754997
v 0.07086759 -0.02305722 0.09779138
v 0.07086759 -0.02305722 0.09779138
v 0.06867264 -0.02889447 0.09754997
v 0.07087799 -0.02304905 0.09747450
v 0.07086759 -0.02305722 0.09779138
v 0.07087799 -0.02304905 0.09747450
v 0.07252964 -0.01703738 0.09754996
v 0.07412517 0.00777232 0.09747449
v 0.07451557 0.00154243 0.09747449
v 0.07430020 0.00782588 0.09733727
v 0.07412517 0.00777232 0.09747449
v 0.07430020 0.00782588 0.09733727
v 0.07333661 0.01401426 0.09734689
v 0.07456491 -0.00467424 0.09733727
v 0.07469450 0.00158138 0.09733727
v 0.07438330 -0.00469830 0.09747450
v 0.07456491 -0.00467424 0.09733727
v 0.07438330 -0.00469830 0.09747450
v 0.07369878 -0.01089953 0.09752032
v 0.07269654 -0.01702572 0.09734690
v 0.07369878 -0.01089953 0.09752032
v 0.07252964 -0.01703738 0.09754996
v 0.07269654 -0.01702572 0.09734690
v 0.07252964 -0.01703738 0.09754996
v 0.07087799 -0.02304905 0.09747450
v 0.07391234 -0.01089696 0.09733725
v 0.07456491 -0.00467424 0.09733727
v 0.07369878 -0.01089953 0.09752032
v 0.07391234 -0.01089696 0.09733725
v 0.07369878 -0.01089953 0.09752032
v 0.07269654 -0.01702572 0.09734690
v 0.05534372 -0.04986522 0.09757543
v 0.05931701 -0.04505838 0.09762912
v 0.05536861 -0.04993220 0.09782116
v 0.05534372 -0.04986522 0.09757543
v 0.05536861 -0.04993220 0.09782116
v 0.05100383 -0.05436163 0.09780981
v 0.06600501 -0.03453663 0.09760249
v 0.06287936 -0.03993686 0.09762914
v 0.06615774 -0.03455641 0.09735385
v 0.06600501 -0.03453663 0.09760249
v 0.06615774 -0.03455641 0.09735385
v 0.06867264 -0.02889447 0.09754997
v 0.06867264 -0.02889447 0.09754997
v 0.06615774 -0.03455641 0.09735385
v 0.06883923 -0.02891061 0.09734690
v 0.06867264 -0.02889447 0.09754997
v 0.06883923 -0.02891061 0.09734690
v 0.07087799 -0.02304905 0.09747450
v 0.05946840 -0.04510548 0.09735382
v 0.06298508 -0.03997669 0.09739227
v 0.05931701 -0.04505838 0.09762912
v 0.05946840 -0.04510548 0.09735382
v 0.05931701 -0.04505838 0.09762912
v 0.05534372 -0.04986522 0.09757543
v 0.03585256 -0.06537529 0.09782599
v 0.03028483 -0.06809317 0.09779138
v 0.03586997 -0.06529239 0.09754804
v 0.03585256 -0.06537529 0.09782599
v 0.03586997 -0.06529239 0.09754804
v 0.04118283 -0.06210826 0.09778239
v 0.05107764 -0.05440416 0.09737863
v 0.05545094 -0.04993927 0.09737863
v 0.05098315 -0.05432807 0.09754997
v 0.05107764 -0.05440416 0.09737863
v 0.05098315 -0.05432807 0.09754997
v 0.04625276 -0.05839648 0.09757543
v 0.02447533 -0.07035927 0.09757542
v 0.03028483 -0.06809317 0.09779138
v 0.02446487 -0.07042994 0.09782115
v 0.02447533 -0.07035927 0.09757542
v 0.02446487 -0.07042994 0.09782115
v 0.01846800 -0.07223758 0.09782600
v 0.01846800 -0.07223758 0.09782600
v 0.01239886 -0.07350406 0.09780981
v 0.01850200 -0.07216054 0.09757540
v 0.01850200 -0.07216054 0.09757540
v 0.03028483 -0.06809317 0.09779138
v 0.02447533 -0.07035927 0.09757542
v 0.03032570 -0.06810952 0.09742469
v 0.03028483 -0.06809317 0.09779138
v 0.03032570 -0.06810952 0.09742469
v 0.03586997 -0.06529239 0.09754804
v 0.04625276 -0.05839648 0.09757543
v 0.04125954 -0.06209835 0.09742468
v 0.04634614 -0.05848737 0.09737863
v 0.04625276 -0.05839648 0.09757543
v 0.04634614 -0.05848737 0.09737863
v 0.05107764 -0.05440416 0.09737863
v 0.06298508 -0.03997669 0.09739227
v 0.05946840 -0.04510548 0.09735382
v 0.06413227 -0.03867447 0.09731836
v 0.06298508 -0.03997669 0.09739227
v 0.06413227 -0.03867447 0.09731836
v 0.06615774 -0.03455641 0.09735385
v 0.00620401 -0.07430258 0.09782664
v -0.00005800 -0.07455806 0.09782117
v 0.00620875 -0.07423557 0.09757543
v 0.00620401 -0.07430258 0.09782664
v 0.00620875 -0.07423557 0.09757543
v 0.01239886 -0.07350406 0.09780981
v 0.01239886 -0.07350406 0.09780981
v 0.00620875 -0.07423557 0.09757543
v 0.01240025 -0.07346466 0.09754996
v 0.01239886 -0.07350406 0.09780981
v 0.01240025 -0.07346466 0.09754996
v 0.01850200 -0.07216054 0.09757540
v 0.05545094 -0.04993927 0.09737863
v 0.05107764 -0.05440416 0.09737863
v 0.05688824 -0.04870699 0.09731855
v 0.05545094 -0.04993927 0.09737863
v 0.05688824 -0.04870699 0.09731855
v 0.05946840 -0.04510548 0.09735382
v 0.01850200 -0.07216054 0.09757540
v 0.01240025 -0.07346466 0.09754996
v 0.01858231 -0.07229785 0.09735915
v 0.01850200 -0.07216054 0.09757540
v 0.01858231 -0.07229785 0.09735915
v 0.02453357 -0.07047583 0.09737863
v 0.04125954 -0.06209835 0.09742468
v 0.03595044 -0.06542067 0.09736657
v 0.04318284 -0.06118700 0.09731890
v 0.04125954 -0.06209835 0.09742468
v 0.04318284 -0.06118700 0.09731890
v 0.04809068 -0.05740997 0.09731878
v -0.03597341 -0.06532741 0.09783813
v -0.04132450 -0.06208402 0.09784142
v -0.03591263 -0.06526656 0.09765578
v -0.03597341 -0.06532741 0.09783813
v -0.03591263 -0.06526656 0.09765578
v -0.03034917 -0.06808456 0.09780981
v -0.00626043 -0.07422650 0.09762912
v -0.01244954 -0.07344234 0.09762912
v -0.00624678 -0.07433862 0.09739229
v -0.00626043 -0.07422650 0.09762912
v -0.00624678 -0.07433862 0.09739229
v -0.00002489 -0.07449474 0.09757543
v -0.00002489 -0.07449474 0.09757543
v -0.00624678 -0.07433862 0.09739229
v -0.00000818 -0.07462396 0.09737863
v -0.00002489 -0.07449474 0.09757543
v -0.00000818 -0.07462396 0.09737863
v 0.00623626 -0.07436293 0.09737863
v 0.02453357 -0.07047583 0.09737863
v 0.01858231 -0.07229785 0.09735915
v 0.02683110 -0.06991894 0.09731930
v 0.02453357 -0.07047583 0.09737863
v 0.02683110 -0.06991894 0.09731930
v 0.03251664 -0.06746294 0.09731916
v 0.01499475 -0.07337446 0.09731907
v 0.01858231 -0.07229785 0.09735915
v 0.01246731 -0.07359923 0.09735916
v -0.01851931 -0.07230476 0.09735412
v -0.01242360 -0.07358108 0.09736980
v -0.01855183 -0.07214756 0.09760246
v -0.01851931 -0.07230476 0.09735412
v -0.01855183 -0.07214756 0.09760246
v -0.02452045 -0.07033552 0.09760182
v -0.04629416 -0.05836344 0.09765578
v -0.04124491 -0.06202921 0.09762914
v -0.04635392 -0.05842520 0.09784209
v -0.04629416 -0.05836344 0.09765578
v -0.04635392 -0.05842520 0.09784209
v -0.05107191 -0.05429358 0.09780260
v 0.00623626 -0.07436293 0.09737863
v -0.00000818 -0.07462396 0.09737863
v 0.00883414 -0.07436718 0.09731973
v 0.00623626 -0.07436293 0.09737863
v 0.00883414 -0.07436718 0.09731973
v 0.01246731 -0.07359923 0.09735916
v 0.01246731 -0.07359923 0.09735916
v 0.00883414 -0.07436718 0.09731973
v 0.01499475 -0.07337446 0.09731907
v -0.00436519 -0.07472213 0.09732432
v 0.00265846 -0.07484274 0.09731988
v -0.00624678 -0.07433862 0.09739229
v -0.00436519 -0.07472213 0.09732432
v -0.00624678 -0.07433862 0.09739229
v -0.01242360 -0.07358108 0.09736980
v -0.03035985 -0.06816904 0.09737863
v -0.02454908 -0.07047044 0.09737862
v -0.03032633 -0.06805244 0.09754997
v -0.03035985 -0.06816904 0.09737863
v -0.03032633 -0.06805244 0.09754997
v -0.03592917 -0.06535250 0.09740762
v -0.05101962 -0.05429383 0.09754997
v -0.04629416 -0.05836344 0.09765578
v -0.05107191 -0.05429358 0.09780260
v -0.05101962 -0.05429383 0.09754997
v -0.05107191 -0.05429358 0.09780260
v -0.05545619 -0.04981141 0.09780917
v -0.05934670 -0.04501452 0.09760181
v -0.05545619 -0.04981141 0.09780917
v -0.05944324 -0.04504046 0.09784143
v -0.05934670 -0.04501452 0.09760181
v -0.05944324 -0.04504046 0.09784143
v -0.06295590 -0.03991406 0.09780980
v -0.05545619 -0.04981141 0.09780917
v -0.05934670 -0.04501452 0.09760181
v -0.05538387 -0.04983422 0.09754996
v -0.05545619 -0.04981141 0.09780917
v -0.05538387 -0.04983422 0.09754996
v -0.05101962 -0.05429383 0.09754997
v -0.04629416 -0.05836344 0.09765578
v -0.05101962 -0.05429383 0.09754997
v -0.04632481 -0.05844541 0.09740762
v -0.04629416 -0.05836344 0.09765578
v -0.04632481 -0.05844541 0.09740762
v -0.04124491 -0.06202921 0.09762914
v -0.04124491 -0.06202921 0.09762914
v -0.04632481 -0.05844541 0.09740762
v -0.04128695 -0.06213406 0.09739228
v -0.04124491 -0.06202921 0.09762914
v -0.04128695 -0.06213406 0.09739228
v -0.03592917 -0.06535250 0.09740762
v -0.00436519 -0.07472213 0.09732432
v -0.01242360 -0.07358108 0.09736980
v -0.00967154 -0.07426007 0.09732255
v -0.02218992 -0.07148652 0.09732739
v -0.01851931 -0.07230476 0.09735412
v -0.02454908 -0.07047044 0.09737862
v -0.02218992 -0.07148652 0.09732739
v -0.02454908 -0.07047044 0.09737862
v -0.03035985 -0.06816904 0.09737863
v -0.06291906 -0.03990003 0.09754996
v -0.05934670 -0.04501452 0.09760181
v -0.06295590 -0.03991406 0.09780980
v -0.06291906 -0.03990003 0.09754996
v -0.06295590 -0.03991406 0.09780980
v -0.06602263 -0.03448695 0.09760181
v -0.06876479 -0.02882253 0.09782599
v -0.07092688 -0.02298449 0.09782116
v -0.06868361 -0.02884493 0.09757542
v -0.06876479 -0.02882253 0.09782599
v -0.06868361 -0.02884493 0.09757542
v -0.06602263 -0.03448695 0.09760181
v -0.05101962 -0.05429383 0.09754997
v -0.05538387 -0.04983422 0.09754996
v -0.05108958 -0.05439294 0.09737863
v -0.05101962 -0.05429383 0.09754997
v -0.05108958 -0.05439294 0.09737863
v -0.04632481 -0.05844541 0.09740762
v -0.03035985 -0.06816904 0.09737863
v -0.03592917 -0.06535250 0.09740762
v -0.03301720 -0.06719123 0.09732295
v -0.03035985 -0.06816904 0.09737863
v -0.03301720 -0.06719123 0.09732295
v -0.02218992 -0.07148652 0.09732739
v -0.07260850 -0.01695114 0.09782600
v -0.07377230 -0.01081593 0.09782599
v -0.07253220 -0.01698671 0.09757542
v -0.07253220 -0.01698671 0.09757542
v -0.05934670 -0.04501452 0.09760181
v -0.06291906 -0.03990003 0.09754996
v -0.05944518 -0.04511106 0.09737863
v -0.05934670 -0.04501452 0.09760181
v -0.05944518 -0.04511106 0.09737863
v -0.05546191 -0.04992708 0.09737863
v -0.04128695 -0.06213406 0.09739228
v -0.04632481 -0.05844541 0.09740762
v -0.04308866 -0.06120482 0.09732373
v -0.04128695 -0.06213406 0.09739228
v -0.04308866 -0.06120482 0.09732373
v -0.03787001 -0.06456452 0.09732377
v -0.07416771 0.00783212 0.09784209
v -0.07320728 0.01402948 0.09780259
v -0.07408354 0.00781475 0.09765577
v -0.07408354 0.00781475 0.09765577
v -0.06868361 -0.02884493 0.09757542
v -0.07085641 -0.02299645 0.09757542
v -0.06879628 -0.02891040 0.09737863
v -0.06868361 -0.02884493 0.09757542
v -0.06879628 -0.02891040 0.09737863
v -0.06613585 -0.03456571 0.09737862
v -0.05546191 -0.04992708 0.09737863
v -0.05944518 -0.04511106 0.09737863
v -0.05682887 -0.04871363 0.09732362
v -0.05546191 -0.04992708 0.09737863
v -0.05682887 -0.04871363 0.09732362
v -0.05260031 -0.05325207 0.09732366
v -0.07320728 0.01402948 0.09780259
v -0.07173639 0.02005568 0.09760181
v -0.07317948 0.01398520 0.09754994
v -0.07320728 0.01402948 0.09780259
v -0.07317948 0.01398520 0.09754994
v -0.07408354 0.00781475 0.09765577
v -0.07447763 0.00158817 0.09765575
v -0.07408354 0.00781475 0.09765577
v -0.07456146 0.00156310 0.09740762
v -0.07447763 0.00158817 0.09765575
v -0.07456146 0.00156310 0.09740762
v -0.07440852 -0.00468264 0.09742468
v -0.07369924 -0.01085775 0.09757543
v -0.07440852 -0.00468264 0.09742468
v -0.07382463 -0.01089318 0.09737863
v -0.07382463 -0.01089318 0.09737863
v -0.06613585 -0.03456571 0.09737862
v -0.06879628 -0.02891040 0.09737863
v -0.06706850 -0.03323034 0.09732353
v -0.06613585 -0.03456571 0.09737862
v -0.06706850 -0.03323034 0.09732353
v -0.06408769 -0.03866830 0.09732354
v -0.07163120 -0.02171064 0.09732347
v -0.06958871 -0.02756485 0.09732350
v -0.07097416 -0.02305230 0.09737862
v -0.07163120 -0.02171064 0.09732347
v -0.07097416 -0.02305230 0.09737862
v -0.07265422 -0.01703246 0.09737862
v -0.06982238 0.02599343 0.09754996
v -0.07173639 0.02005568 0.09760181
v -0.06983569 0.02606805 0.09780916
v -0.06982238 0.02599343 0.09754996
v -0.06983569 0.02606805 0.09780916
v -0.06738713 0.03173822 0.09760181
v -0.06450017 0.03727158 0.09765577
v -0.06738713 0.03173822 0.09760181
v -0.06456997 0.03732171 0.09784209
v -0.06450017 0.03727158 0.09765577
v -0.06456997 0.03732171 0.09784209
v -0.06122050 0.04259392 0.09784209
v -0.06122050 0.04259392 0.09784209
v -0.05737640 0.04755431 0.09778239
v -0.06115049 0.04253181 0.09760182
v -0.06122050 0.04259392 0.09784209
v -0.06115049 0.04253181 0.09760182
v -0.06450017 0.03727158 0.09765577
v -0.07265422 -0.01703246 0.09737862
v -0.07382463 -0.01089318 0.09737863
v -0.07318216 -0.01570756 0.09732346
v -0.07265422 -0.01703246 0.09737862
v -0.07318216 -0.01570756 0.09732346
v -0.07163120 -0.02171064 0.09732347
v -0.07477037 -0.00342097 0.09732343
v -0.07435363 -0.00895858 0.09731767
v -0.07440852 -0.00468264 0.09742468
v -0.07477037 -0.00342097 0.09732343
v -0.07440852 -0.00468264 0.09742468
v -0.07456146 0.00156310 0.09740762
v -0.07187281 0.02007581 0.09737862
v -0.07330063 0.01399125 0.09737862
v -0.07173639 0.02005568 0.09760181
v -0.07187281 0.02007581 0.09737862
v -0.07173639 0.02005568 0.09760181
v -0.06982238 0.02599343 0.09754996
v -0.05320200 0.05213746 0.09762912
v -0.05737640 0.04755431 0.09778239
v -0.05324094 0.05222589 0.09784142
v -0.05320200 0.05213746 0.09762912
v -0.05324094 0.05222589 0.09784142
v -0.04867385 0.05647800 0.09782116
v -0.06450017 0.03727158 0.09765577
v -0.06115049 0.04253181 0.09760182
v -0.06456646 0.03729257 0.09743037
v -0.06450017 0.03727158 0.09765577
v -0.06456646 0.03729257 0.09743037
v -0.06738713 0.03173822 0.09760181
v -0.06982238 0.02599343 0.09754996
v -0.06738713 0.03173822 0.09760181
v -0.06994088 0.02601947 0.09737862
v -0.06982238 0.02599343 0.09754996
v -0.06994088 0.02601947 0.09737862
v -0.07187281 0.02007581 0.09737862
v -0.07456146 0.00156310 0.09740762
v -0.07416918 0.00779671 0.09740762
v -0.07481407 0.00340436 0.09731754
v -0.07456146 0.00156310 0.09740762
v -0.07481407 0.00340436 0.09731754
v -0.07477037 -0.00342097 0.09732343
v -0.07323296 0.01567424 0.09731744
v -0.07431038 0.00895814 0.09732340
v -0.07330063 0.01399125 0.09737862
v -0.07323296 0.01567424 0.09731744
v -0.07330063 0.01399125 0.09737862
v -0.07187281 0.02007581 0.09737862
v -0.04374180 0.06035911 0.09780917
v -0.03853765 0.06380765 0.09780917
v -0.04377203 0.06028956 0.09754996
v -0.04374180 0.06035911 0.09780917
v -0.04377203 0.06028956 0.09754996
v -0.04865754 0.05640845 0.09757543
v -0.06115049 0.04253181 0.09760182
v -0.05741575 0.04752242 0.09747449
v -0.06127276 0.04259563 0.09737862
v -0.06115049 0.04253181 0.09760182
v -0.06127276 0.04259563 0.09737862
v -0.06456646 0.03729257 0.09743037
v -0.07187281 0.02007581 0.09737862
v -0.06994088 0.02601947 0.09737862
v -0.07168812 0.02166942 0.09731739
v -0.07187281 0.02007581 0.09737862
v -0.07168812 0.02166942 0.09731739
v -0.07323296 0.01567424 0.09731744
v -0.03311470 0.06678321 0.09780980
v -0.02738093 0.06932834 0.09780259
v -0.03310462 0.06674508 0.09754995
v -0.03311470 0.06678321 0.09780980
v -0.03310462 0.06674508 0.09754995
v -0.03857859 0.06374356 0.09752335
v -0.06456646 0.03729257 0.09743037
v -0.06127276 0.04259563 0.09737862
v -0.06473165 0.03735001 0.09733424
v -0.06456646 0.03729257 0.09743037
v -0.06473165 0.03735001 0.09733424
v -0.06751831 0.03178076 0.09737862
v -0.06751831 0.03178076 0.09737862
v -0.06473165 0.03735001 0.09733424
v -0.06714288 0.03317517 0.09731735
v -0.06751831 0.03178076 0.09737862
v -0.06714288 0.03317517 0.09731735
v -0.06982402 0.02696030 0.09732341
v 0.02754709 0.06964718 0.09731428
v 0.02170514 0.07168601 0.09731187
v 0.02155462 0.07146506 0.09736143
v 0.02155462 0.07146506 0.09736143
v 0.02170514 0.07168601 0.09731187
v 0.01551628 0.07307085 0.09734225
v 0.02155462 0.07146506 0.09736143
v 0.01551628 0.07307085 0.09734225
v 0.01551397 0.07289903 0.09747448
v 0.02155462 0.07146506 0.09736143
v 0.01551397 0.07289903 0.09747448
v 0.02155364 0.07130062 0.09760183
v 0.02155364 0.07130062 0.09760183
v 0.01551397 0.07289903 0.09747448
v 0.01556051 0.07287891 0.09778239
v 0.02155364 0.07130062 0.09760183
v 0.01556051 0.07287891 0.09778239
v 0.02161651 0.07137836 0.09784142
v 0.07412673 0.00768666 0.09779079
v 0.07439488 0.00781557 0.09798573
v 0.07450844 0.00153124 0.09779139
v 0.07450844 0.00153124 0.09779139
v 0.07439488 0.00781557 0.09798573
v 0.07478855 0.00153720 0.09798565
v 0.07450844 0.00153124 0.09779139
v 0.07478855 0.00153720 0.09798565
v 0.07437021 -0.00474723 0.09778239
v 0.07437021 -0.00474723 0.09778239
v 0.07478855 0.00153720 0.09798565
v 0.07465488 -0.00472630 0.09798564
v 0.07437021 -0.00474723 0.09778239
v 0.07465488 -0.00472630 0.09798564
v 0.07374982 -0.01096826 0.09782600
v 0.07374982 -0.01096826 0.09782600
v 0.07465488 -0.00472630 0.09798564
v 0.07400180 -0.01094657 0.09798929
v 0.07374982 -0.01096826 0.09782600
v 0.07400180 -0.01094657 0.09798929
v 0.07256545 -0.01705388 0.09780980
v 0.07282121 -0.01711025 0.09798566
v 0.07256545 -0.01705388 0.09780980
v 0.07282121 -0.01711025 0.09798566
v 0.07086759 -0.02305722 0.09779138
v 0.07086759 -0.02305722 0.09779138
v 0.07282121 -0.01711025 0.09798566
v 0.07113995 -0.02313443 0.09798929
v 0.07086759 -0.02305722 0.09779138
v 0.07113995 -0.02313443 0.09798929
v 0.06895791 -0.02899121 0.09798576
v 0.07086759 -0.02305722 0.09779138
v 0.06895791 -0.02899121 0.09798576
v 0.06869063 -0.02894360 0.09780259
v 0.06869063 -0.02894360 0.09780259
v 0.06895791 -0.02899121 0.09798576
v 0.06604050 -0.03461196 0.09782600
v 0.06604050 -0.03461196 0.09782600
v 0.06895791 -0.02899121 0.09798576
v 0.06629015 -0.03465976 0.09798576
v 0.06604050 -0.03461196 0.09782600
v 0.06629015 -0.03465976 0.09798576
v 0.06295044 -0.03999292 0.09784209
v 0.06295044 -0.03999292 0.09784209
v 0.06629015 -0.03465976 0.09798576
v 0.06314364 -0.04010698 0.09798564
v 0.06295044 -0.03999292 0.09784209
v 0.06314364 -0.04010698 0.09798564
v 0.05938316 -0.04512017 0.09784209
v 0.05938316 -0.04512017 0.09784209
v 0.06314364 -0.04010698 0.09798564
v 0.05957472 -0.04524318 0.09798928
v 0.05938316 -0.04512017 0.09784209
v 0.05957472 -0.04524318 0.09798928
v 0.05558797 -0.05005656 0.09798576
v 0.05938316 -0.04512017 0.09784209
v 0.05558797 -0.05005656 0.09798576
v 0.05536861 -0.04993220 0.09782116
v 0.05536861 -0.04993220 0.09782116
v 0.05558797 -0.05005656 0.09798576
v 0.05100383 -0.05436163 0.09780981
v 0.05118567 -0.05455012 0.09798566
v 0.05100383 -0.05436163 0.09780981
v 0.05118567 -0.05455012 0.09798566
v 0.04628589 -0.05845495 0.09782665
v 0.04628589 -0.05845495 0.09782665
v 0.05118567 -0.05455012 0.09798566
v 0.04649264 -0.05867549 0.09804453
v 0.04628589 -0.05845495 0.09782665
v 0.04649264 -0.05867549 0.09804453
v 0.04139301 -0.06230809 0.09798575
v 0.04628589 -0.05845495 0.09782665
v 0.04139301 -0.06230809 0.09798575
v 0.04118283 -0.06210826 0.09778239
v 0.04118283 -0.06210826 0.09778239
v 0.04139301 -0.06230809 0.09798575
v 0.03585256 -0.06537529 0.09782599
v 0.03585256 -0.06537529 0.09782599
v 0.04139301 -0.06230809 0.09798575
v 0.03609065 -0.06558536 0.09803595
v 0.03585256 -0.06537529 0.09782599
v 0.03609065 -0.06558536 0.09803595
v 0.03028483 -0.06809317 0.09779138
v 0.03028483 -0.06809317 0.09779138
v 0.03609065 -0.06558536 0.09803595
v 0.03040924 -0.06840522 0.09803590
v 0.03028483 -0.06809317 0.09779138
v 0.03040924 -0.06840522 0.09803590
v 0.02446487 -0.07042994 0.09782115
v 0.02446487 -0.07042994 0.09782115
v 0.03040924 -0.06840522 0.09803590
v 0.02458387 -0.07065216 0.09798929
v 0.02446487 -0.07042994 0.09782115
v 0.02458387 -0.07065216 0.09798929
v 0.01846800 -0.07223758 0.09782600
v 0.01846800 -0.07223758 0.09782600
v 0.02458387 -0.07065216 0.09798929
v 0.01859950 -0.07245510 0.09798576
v 0.01846800 -0.07223758 0.09782600
v 0.01859950 -0.07245510 0.09798576
v 0.01239886 -0.07350406 0.09780981
v 0.01239886 -0.07350406 0.09780981
v 0.01859950 -0.07245510 0.09798576
v 0.01245701 -0.07376258 0.09798929
v 0.01239886 -0.07350406 0.09780981
v 0.01245701 -0.07376258 0.09798929
v 0.00625581 -0.07454225 0.09798576
v 0.01239886 -0.07350406 0.09780981
v 0.00625581 -0.07454225 0.09798576
v 0.00620401 -0.07430258 0.09782664
v 0.00620401 -0.07430258 0.09782664
v 0.00625581 -0.07454225 0.09798576
v 0.00000818 -0.07482304 0.09800106
v 0.00620401 -0.07430258 0.09782664
v 0.00000818 -0.07482304 0.09800106
v -0.00005800 -0.07455806 0.09782117
v -0.00005800 -0.07455806 0.09782117
v 0.00000818 -0.07482304 0.09800106
v -0.00627716 -0.07431545 0.09784209
v -0.00627716 -0.07431545 0.09784209
v 0.00000818 -0.07482304 0.09800106
v -0.00628875 -0.07453951 0.09798564
v -0.00627716 -0.07431545 0.09784209
v -0.00628875 -0.07453951 0.09798564
v -0.01247373 -0.07352958 0.09784210
v -0.01247373 -0.07352958 0.09784210
v -0.00628875 -0.07453951 0.09798564
v -0.01250396 -0.07375187 0.09798564
v -0.01247373 -0.07352958 0.09784210
v -0.01250396 -0.07375187 0.09798564
v -0.01859802 -0.07220125 0.09782115
v -0.01859802 -0.07220125 0.09782115
v -0.01250396 -0.07375187 0.09798564
v -0.01862304 -0.07247152 0.09800612
v -0.01859802 -0.07220125 0.09782115
v -0.01862304 -0.07247152 0.09800612
v -0.02458654 -0.07041054 0.09784142
v -0.02458654 -0.07041054 0.09784142
v -0.01862304 -0.07247152 0.09800612
v -0.02460409 -0.07064220 0.09798576
v -0.02458654 -0.07041054 0.09784142
v -0.02460409 -0.07064220 0.09798576
v -0.03034917 -0.06808456 0.09780981
v -0.03034917 -0.06808456 0.09780981
v -0.02460409 -0.07064220 0.09798576
v -0.03044387 -0.06833202 0.09798929
v -0.03034917 -0.06808456 0.09780981
v -0.03044387 -0.06833202 0.09798929
v -0.03604045 -0.06554974 0.09798575
v -0.03034917 -0.06808456 0.09780981
v -0.03604045 -0.06554974 0.09798575
v -0.03597341 -0.06532741 0.09783813
v -0.03597341 -0.06532741 0.09783813
v -0.03604045 -0.06554974 0.09798575
v -0.04132450 -0.06208402 0.09784142
v -0.04132450 -0.06208402 0.09784142
v -0.03604045 -0.06554974 0.09798575
v -0.04140132 -0.06236911 0.09803594
v -0.04132450 -0.06208402 0.09784142
v -0.04140132 -0.06236911 0.09803594
v -0.04635392 -0.05842520 0.09784209
v -0.04635392 -0.05842520 0.09784209
v -0.04140132 -0.06236911 0.09803594
v -0.04653245 -0.05864065 0.09803590
v -0.04635392 -0.05842520 0.09784209
v -0.04653245 -0.05864065 0.09803590
v -0.05107191 -0.05429358 0.09780260
v -0.05122852 -0.05450988 0.09798565
v -0.05107191 -0.05429358 0.09780260
v -0.05122852 -0.05450988 0.09798565
v -0.05545619 -0.04981141 0.09780917
v -0.05545619 -0.04981141 0.09780917
v -0.05122852 -0.05450988 0.09798565
v -0.05560498 -0.05004176 0.09798928
v -0.05545619 -0.04981141 0.09780917
v -0.05560498 -0.05004176 0.09798928
v -0.05944324 -0.04504046 0.09784143
v -0.05944324 -0.04504046 0.09784143
v -0.05560498 -0.05004176 0.09798928
v -0.05958608 -0.04522366 0.09798575
v -0.05944324 -0.04504046 0.09784143
v -0.05958608 -0.04522366 0.09798575
v -0.06295590 -0.03991406 0.09780980
v -0.06295590 -0.03991406 0.09780980
v -0.05958608 -0.04522366 0.09798575
v -0.06321069 -0.04007099 0.09801765
v -0.06295590 -0.03991406 0.09780980
v -0.06321069 -0.04007099 0.09801765
v -0.06611468 -0.03450520 0.09783813
v -0.06611468 -0.03450520 0.09783813
v -0.06321069 -0.04007099 0.09801765
v -0.06634806 -0.03467442 0.09804452
v -0.06611468 -0.03450520 0.09783813
v -0.06634806 -0.03467442 0.09804452
v -0.06876479 -0.02882253 0.09782599
v -0.06876479 -0.02882253 0.09782599
v -0.06634806 -0.03467442 0.09804452
v -0.06896073 -0.02898445 0.09798576
v -0.06876479 -0.02882253 0.09782599
v -0.06896073 -0.02898445 0.09798576
v -0.07092688 -0.02298449 0.09782116
v -0.07115223 -0.02308786 0.09798565
v -0.07092688 -0.02298449 0.09782116
v -0.07115223 -0.02308786 0.09798565
v -0.07260850 -0.01695114 0.09782600
v -0.07260850 -0.01695114 0.09782600
v -0.07115223 -0.02308786 0.09798565
v -0.07283483 -0.01706403 0.09798927
v -0.07260850 -0.01695114 0.09782600
v -0.07283483 -0.01706403 0.09798927
v -0.07377230 -0.01081593 0.09782599
v -0.07377230 -0.01081593 0.09782599
v -0.07283483 -0.01706403 0.09798927
v -0.07400234 -0.01092399 0.09798573
v -0.07377230 -0.01081593 0.09782599
v -0.07400234 -0.01092399 0.09798573
v -0.07437895 -0.00465002 0.09779138
v -0.07437895 -0.00465002 0.09779138
v -0.07400234 -0.01092399 0.09798573
v -0.07465856 -0.00466770 0.09798564
v -0.07437895 -0.00465002 0.09779138
v -0.07465856 -0.00466770 0.09798564
v -0.07456294 0.00159848 0.09784208
v -0.07456294 0.00159848 0.09784208
v -0.07465856 -0.00466770 0.09798564
v -0.07484578 0.00157800 0.09804453
v -0.07456294 0.00159848 0.09784208
v -0.07484578 0.00157800 0.09804453
v -0.07445281 0.00779465 0.09803593
v -0.07456294 0.00159848 0.09784208
v -0.07445281 0.00779465 0.09803593
v -0.07416771 0.00783212 0.09784209
v -0.07416771 0.00783212 0.09784209
v -0.07445281 0.00779465 0.09803593
v -0.07349927 0.01401236 0.09800104
v -0.07416771 0.00783212 0.09784209
v -0.07349927 0.01401236 0.09800104
v -0.07320728 0.01402948 0.09780259
v -0.07320728 0.01402948 0.09780259
v -0.07349927 0.01401236 0.09800104
v -0.07181596 0.02010541 0.09783813
v -0.07181596 0.02010541 0.09783813
v -0.07349927 0.01401236 0.09800104
v -0.07204083 0.02014468 0.09798565
v -0.07181596 0.02010541 0.09783813
v -0.07204083 0.02014468 0.09798565
v -0.06983569 0.02606805 0.09780916
v -0.06983569 0.02606805 0.09780916
v -0.07204083 0.02014468 0.09798565
v -0.07010253 0.02610221 0.09798565
v -0.06983569 0.02606805 0.09780916
v -0.07010253 0.02610221 0.09798565
v -0.06745484 0.03181176 0.09784142
v -0.06745484 0.03181176 0.09784142
v -0.07010253 0.02610221 0.09798565
v -0.06769824 0.03187299 0.09800612
v -0.06745484 0.03181176 0.09784142
v -0.06769824 0.03187299 0.09800612
v -0.06456997 0.03732171 0.09784209
v -0.06456997 0.03732171 0.09784209
v -0.06769824 0.03187299 0.09800612
v -0.06478243 0.03743981 0.09800095
v -0.06456997 0.03732171 0.09784209
v -0.06478243 0.03743981 0.09800095
v -0.06122050 0.04259392 0.09784209
v -0.06140875 0.04271598 0.09798565
v -0.06122050 0.04259392 0.09784209
v -0.06140875 0.04271598 0.09798565
v -0.05737640 0.04755431 0.09778239
v -0.05737640 0.04755431 0.09778239
v -0.06140875 0.04271598 0.09798565
v -0.05762790 0.04769821 0.09798927
v -0.05737640 0.04755431 0.09778239
v -0.05762790 0.04769821 0.09798927
v -0.05324094 0.05222589 0.09784142
v -0.05324094 0.05222589 0.09784142
v -0.05762790 0.04769821 0.09798927
v -0.05344304 0.05234044 0.09798575
v -0.05324094 0.05222589 0.09784142
v -0.05344304 0.05234044 0.09798575
v -0.04867385 0.05647800 0.09782116
v -0.04867385 0.05647800 0.09782116
v -0.05344304 0.05234044 0.09798575
v -0.04885644 0.05664571 0.09798565
v -0.04867385 0.05647800 0.09782116
v -0.04885644 0.05664571 0.09798565
v -0.04374180 0.06035911 0.09780917
v -0.04395532 0.06053118 0.09798929
v -0.04374180 0.06035911 0.09780917
v -0.04395532 0.06053118 0.09798929
v -0.03853765 0.06380765 0.09780917
v -0.03853765 0.06380765 0.09780917
v -0.04395532 0.06053118 0.09798929
v -0.03874752 0.06398681 0.09798575
v -0.03853765 0.06380765 0.09780917
v -0.03874752 0.06398681 0.09798575
v -0.03311470 0.06678321 0.09780980
v -0.03311470 0.06678321 0.09780980
v -0.03874752 0.06398681 0.09798575
v -0.03323977 0.06703445 0.09800094
v -0.03311470 0.06678321 0.09780980
v -0.03323977 0.06703445 0.09800094
v -0.02738093 0.06932834 0.09780259
v -0.02738093 0.06932834 0.09780259
v -0.03323977 0.06703445 0.09800094
v -0.02754923 0.06960906 0.09804452
v -0.02738093 0.06932834 0.09780259
v -0.02754923 0.06960906 0.09804452
v -0.02145861 0.07138694 0.09780916
v -0.02145861 0.07138694 0.09780916
v -0.02754923 0.06960906 0.09804452
v -0.02161728 0.07161268 0.09798575
v -0.02145861 0.07138694 0.09780916
v -0.02161728 0.07161268 0.09798575
v -0.01546566 0.07290175 0.09779137
v -0.01546566 0.07290175 0.09779137
v -0.02161728 0.07161268 0.09798575
v -0.01552395 0.07317579 0.09798563
v -0.01546566 0.07290175 0.09779137
v -0.01552395 0.07317579 0.09798563
v -0.00931117 0.07394020 0.09779137
v -0.00934630 0.07421817 0.09798565
v -0.00931117 0.07394020 0.09779137
v -0.00934630 0.07421817 0.09798565
v -0.00305256 0.07445903 0.09778239
v -0.00305256 0.07445903 0.09778239
v -0.00934630 0.07421817 0.09798565
v -0.00312200 0.07477944 0.09802450
v -0.00305256 0.07445903 0.09778239
v -0.00312200 0.07477944 0.09802450
v 0.00318626 0.07451168 0.09784142
v 0.00318626 0.07451168 0.09784142
v -0.00312200 0.07477944 0.09802450
v 0.00311456 0.07477674 0.09801772
v 0.00318626 0.07451168 0.09784142
v 0.00311456 0.07477674 0.09801772
v 0.00937531 0.07395055 0.09780981
v 0.00941017 0.07422903 0.09800094
v 0.00937531 0.07395055 0.09780981
v 0.00941017 0.07422903 0.09800094
v 0.01556051 0.07287891 0.09778239
v 0.01556051 0.07287891 0.09778239
v 0.00941017 0.07422903 0.09800094
v 0.01557158 0.07316844 0.09798929
v 0.01556051 0.07287891 0.09778239
v 0.01557158 0.07316844 0.09798929
v 0.02161651 0.07137836 0.09784142
v 0.02161651 0.07137836 0.09784142
v 0.01557158 0.07316844 0.09798929
v 0.02162431 0.07161056 0.09798575
v 0.02161651 0.07137836 0.09784142
v 0.02162431 0.07161056 0.09798575
v 0.02747152 0.06929571 0.09780980
v 0.02747152 0.06929571 0.09780980
v 0.02162431 0.07161056 0.09798575
v 0.02755569 0.06954696 0.09798929
v 0.02747152 0.06929571 0.09780980
v 0.02755569 0.06954696 0.09798929
v 0.03327462 0.06699432 0.09798362
v 0.02747152 0.06929571 0.09780980
v 0.03327462 0.06699432 0.09798362
v 0.03319959 0.06673772 0.09780260
v 0.03319959 0.06673772 0.09780260
v 0.03327462 0.06699432 0.09798362
v 0.03869039 0.06373688 0.09782599
v 0.03869039 0.06373688 0.09782599
v 0.03327462 0.06699432 0.09798362
v 0.03876806 0.06397759 0.09798929
v 0.03869039 0.06373688 0.09782599
v 0.03876806 0.06397759 0.09798929
v 0.04388805 0.06029909 0.09784141
v 0.04388805 0.06029909 0.09784141
v 0.03876806 0.06397759 0.09798929
v 0.04397182 0.06051578 0.09798575
v 0.04388805 0.06029909 0.09784141
v 0.04397182 0.06051578 0.09798575
v 0.04874644 0.05641941 0.09782664
v 0.04874644 0.05641941 0.09782664
v 0.04397182 0.06051578 0.09798575
v 0.04892436 0.05666380 0.09804452
v 0.04874644 0.05641941 0.09782664
v 0.04892436 0.05666380 0.09804452
v 0.05346387 0.05239839 0.09803593
v 0.04874644 0.05641941 0.09782664
v 0.05346387 0.05239839 0.09803593
v 0.05329652 0.05214254 0.09782664
v 0.05329652 0.05214254 0.09782664
v 0.05346387 0.05239839 0.09803593
v 0.05766096 0.04774086 0.09803593
v 0.05329652 0.05214254 0.09782664
v 0.05766096 0.04774086 0.09803593
v 0.05749586 0.04749722 0.09783813
v 0.05749586 0.04749722 0.09783813
v 0.05766096 0.04774086 0.09803593
v 0.06121225 0.04250777 0.09779138
v 0.06121225 0.04250777 0.09779138
v 0.05766096 0.04774086 0.09803593
v 0.06144232 0.04266769 0.09798566
v 0.06121225 0.04250777 0.09779138
v 0.06144232 0.04266769 0.09798566
v 0.06460657 0.03725834 0.09784209
v 0.06460657 0.03725834 0.09784209
v 0.06144232 0.04266769 0.09798566
v 0.06479717 0.03737670 0.09798566
v 0.06460657 0.03725834 0.09784209
v 0.06479717 0.03737670 0.09798566
v 0.06748686 0.03169279 0.09782116
v 0.06748686 0.03169279 0.09782116
v 0.06479717 0.03737670 0.09798566
v 0.06769542 0.03183435 0.09798929
v 0.06748686 0.03169279 0.09782116
v 0.06769542 0.03183435 0.09798929
v 0.06987863 0.02595291 0.09780978
v 0.06987863 0.02595291 0.09780978
v 0.06769542 0.03183435 0.09798929
v 0.07012308 0.02604698 0.09798566
v 0.06987863 0.02595291 0.09780978
v 0.07012308 0.02604698 0.09798566
v 0.07180534 0.02001424 0.09780978
v 0.07205664 0.02008809 0.09798565
v 0.07180534 0.02001424 0.09780978
v 0.07205664 0.02008809 0.09798565
v 0.07323100 0.01390512 0.09780258
v 0.07323100 0.01390512 0.09780258
v 0.07205664 0.02008809 0.09798565
v 0.07348550 0.01399907 0.09798927
v 0.07323100 0.01390512 0.09780258
v 0.07348550 0.01399907 0.09798927
v 0.07412673 0.00768666 0.09779079
v 0.07412673 0.00768666 0.09779079
v 0.07348550 0.01399907 0.09798927
v 0.07439488 0.00781557 0.09798573
v 0.02162431 0.07161056 0.09798575
v 0.02167114 0.07168580 0.09817016
v 0.02755569 0.06954696 0.09798929
v 0.02755569 0.06954696 0.09798929
v 0.02167114 0.07168580 0.09817016
v 0.02763178 0.06961224 0.09826112
v 0.02755569 0.06954696 0.09798929
v 0.02763178 0.06961224 0.09826112
v 0.03327462 0.06699432 0.09798362
v 0.03327462 0.06699432 0.09798362
v 0.02763178 0.06961224 0.09826112
v 0.03335636 0.06705704 0.09824991
v 0.03327462 0.06699432 0.09798362
v 0.03335636 0.06705704 0.09824991
v 0.03876806 0.06397759 0.09798929
v 0.03876806 0.06397759 0.09798929
v 0.03335636 0.06705704 0.09824991
v 0.03881777 0.06404427 0.09817012
v 0.03876806 0.06397759 0.09798929
v 0.03881777 0.06404427 0.09817012
v 0.04397182 0.06051578 0.09798575
v 0.04404075 0.06057146 0.09817014
v 0.04397182 0.06051578 0.09798575
v 0.04404075 0.06057146 0.09817014
v 0.04892436 0.05666380 0.09804452
v 0.06144232 0.04266769 0.09798566
v 0.05766096 0.04774086 0.09803593
v 0.06151098 0.04271871 0.09817016
v 0.06144232 0.04266769 0.09798566
v 0.06151098 0.04271871 0.09817016
v 0.06479717 0.03737670 0.09798566
v 0.06479717 0.03737670 0.09798566
v 0.06151098 0.04271871 0.09817016
v 0.06489204 0.03739408 0.09824991
v 0.06479717 0.03737670 0.09798566
v 0.06489204 0.03739408 0.09824991
v 0.06769542 0.03183435 0.09798929
v 0.06769542 0.03183435 0.09798929
v 0.06489204 0.03739408 0.09824991
v 0.06779555 0.03182989 0.09826112
v 0.06769542 0.03183435 0.09798929
v 0.06779555 0.03182989 0.09826112
v 0.07012308 0.02604698 0.09798566
v 0.07012308 0.02604698 0.09798566
v 0.06779555 0.03182989 0.09826112
v 0.07020221 0.02607949 0.09817013
v 0.07012308 0.02604698 0.09798566
v 0.07020221 0.02607949 0.09817013
v 0.07205664 0.02008809 0.09798565
v 0.07205664 0.02008809 0.09798565
v 0.07020221 0.02607949 0.09817013
v 0.07215438 0.02007796 0.09826111
v 0.07205664 0.02008809 0.09798565
v 0.07215438 0.02007796 0.09826111
v 0.07348550 0.01399907 0.09798927
v 0.07348550 0.01399907 0.09798927
v 0.07215438 0.02007796 0.09826111
v 0.07358017 0.01397324 0.09824991
v 0.07348550 0.01399907 0.09798927
v 0.07358017 0.01397324 0.09824991
v 0.07439488 0.00781557 0.09798573
v 0.07439488 0.00781557 0.09798573
v 0.07358017 0.01397324 0.09824991
v 0.07448239 0.00780155 0.09817013
v 0.07439488 0.00781557 0.09798573
v 0.07448239 0.00780155 0.09817013
v 0.07478855 0.00153720 0.09798565
v 0.07478855 0.00153720 0.09798565
v 0.07448239 0.00780155 0.09817013
v 0.07487397 0.00154171 0.09817014
v 0.07478855 0.00153720 0.09798565
v 0.07487397 0.00154171 0.09817014
v 0.07465488 -0.00472630 0.09798564
v 0.07465488 -0.00472630 0.09798564
v 0.07487397 0.00154171 0.09817014
v 0.07474351 -0.00476437 0.09824991
v 0.07465488 -0.00472630 0.09798564
v 0.07474351 -0.00476437 0.09824991
v 0.07400180 -0.01094657 0.09798929
v 0.07400180 -0.01094657 0.09798929
v 0.07474351 -0.00476437 0.09824991
v 0.07408273 -0.01100575 0.09826112
v 0.07400180 -0.01094657 0.09798929
v 0.07408273 -0.01100575 0.09826112
v 0.07282121 -0.01711025 0.09798566
v 0.07282121 -0.01711025 0.09798566
v 0.07408273 -0.01100575 0.09826112
v 0.07290509 -0.01712711 0.09817017
v 0.07282121 -0.01711025 0.09798566
v 0.07290509 -0.01712711 0.09817017
v 0.07113995 -0.02313443 0.09798929
v 0.07113995 -0.02313443 0.09798929
v 0.07290509 -0.01712711 0.09817017
v 0.07120988 -0.02320626 0.09826112
v 0.07113995 -0.02313443 0.09798929
v 0.07120988 -0.02320626 0.09826112
v 0.06895791 -0.02899121 0.09798576
v 0.06901916 -0.02908004 0.09824992
v 0.06895791 -0.02899121 0.09798576
v 0.06901916 -0.02908004 0.09824992
v 0.06629015 -0.03465976 0.09798576
v 0.06629015 -0.03465976 0.09798576
v 0.06901916 -0.02908004 0.09824992
v 0.06635529 -0.03471983 0.09817017
v 0.06629015 -0.03465976 0.09798576
v 0.06635529 -0.03471983 0.09817017
v 0.06314364 -0.04010698 0.09798564
v 0.06314364 -0.04010698 0.09798564
v 0.06635529 -0.03471983 0.09817017
v 0.06321729 -0.04015049 0.09817014
v 0.06314364 -0.04010698 0.09798564
v 0.06321729 -0.04015049 0.09817014
v 0.05957472 -0.04524318 0.09798928
v 0.05957472 -0.04524318 0.09798928
v 0.06321729 -0.04015049 0.09817014
v 0.05961888 -0.04533080 0.09824992
v 0.05957472 -0.04524318 0.09798928
v 0.05961888 -0.04533080 0.09824992
v 0.05558797 -0.05005656 0.09798576
v 0.05558797 -0.05005656 0.09798576
v 0.05961888 -0.04533080 0.09824992
v 0.05561461 -0.05016365 0.09826112
v 0.05558797 -0.05005656 0.09798576
v 0.05561461 -0.05016365 0.09826112
v 0.05118567 -0.05455012 0.09798566
v 0.05118567 -0.05455012 0.09798566
v 0.05561461 -0.05016365 0.09826112
v 0.05124616 -0.05461062 0.09817016
v 0.05118567 -0.05455012 0.09798566
v 0.05124616 -0.05461062 0.09817016
v 0.04649264 -0.05867549 0.09804453
v 0.04139301 -0.06230809 0.09798575
v 0.04649264 -0.05867549 0.09804453
v 0.04139487 -0.06241599 0.09824992
v 0.04139301 -0.06230809 0.09798575
v 0.04139487 -0.06241599 0.09824992
v 0.03609065 -0.06558536 0.09803595
v 0.02458387 -0.07065216 0.09798929
v 0.03040924 -0.06840522 0.09803590
v 0.02457213 -0.07074958 0.09824992
v 0.02458387 -0.07065216 0.09798929
v 0.02457213 -0.07074958 0.09824992
v 0.01859950 -0.07245510 0.09798576
v 0.01859950 -0.07245510 0.09798576
v 0.02457213 -0.07074958 0.09824992
v 0.01856247 -0.07255903 0.09826112
v 0.01859950 -0.07245510 0.09798576
v 0.01856247 -0.07255903 0.09826112
v 0.01245701 -0.07376258 0.09798929
v 0.01245701 -0.07376258 0.09798929
v 0.01856247 -0.07255903 0.09826112
v 0.01246296 -0.07384554 0.09817013
v 0.01245701 -0.07376258 0.09798929
v 0.01246296 -0.07384554 0.09817013
v 0.00625581 -0.07454225 0.09798576
v 0.00624002 -0.07462943 0.09817016
v 0.00625581 -0.07454225 0.09798576
v 0.00624002 -0.07462943 0.09817016
v 0.00000818 -0.07482304 0.09800106
v -0.00628875 -0.07453951 0.09798564
v 0.00000818 -0.07482304 0.09800106
v -0.00633232 -0.07462760 0.09826112
v -0.00628875 -0.07453951 0.09798564
v -0.00633232 -0.07462760 0.09826112
v -0.01250396 -0.07375187 0.09798564
v -0.01250396 -0.07375187 0.09798564
v -0.00633232 -0.07462760 0.09826112
v -0.01251556 -0.07383664 0.09817014
v -0.01250396 -0.07375187 0.09798564
v -0.01251556 -0.07383664 0.09817014
v -0.01862304 -0.07247152 0.09800612
v -0.02460409 -0.07064220 0.09798576
v -0.01862304 -0.07247152 0.09800612
v -0.02468891 -0.07070891 0.09824992
v -0.02460409 -0.07064220 0.09798576
v -0.02468891 -0.07070891 0.09824992
v -0.03044387 -0.06833202 0.09798929
v -0.03044387 -0.06833202 0.09798929
v -0.02468891 -0.07070891 0.09824992
v -0.03048489 -0.06840440 0.09817017
v -0.03044387 -0.06833202 0.09798929
v -0.03048489 -0.06840440 0.09817017
v -0.03604045 -0.06554974 0.09798575
v -0.03610183 -0.06561363 0.09817016
v -0.03604045 -0.06554974 0.09798575
v -0.03610183 -0.06561363 0.09817016
v -0.04140132 -0.06236911 0.09803594
v -0.05122852 -0.05450988 0.09798565
v -0.04653245 -0.05864065 0.09803590
v -0.05128510 -0.05457405 0.09817014
v -0.05122852 -0.05450988 0.09798565
v -0.05128510 -0.05457405 0.09817014
v -0.05560498 -0.05004176 0.09798928
v -0.05560498 -0.05004176 0.09798928
v -0.05128510 -0.05457405 0.09817014
v -0.05570215 -0.05006643 0.09826112
v -0.05560498 -0.05004176 0.09798928
v -0.05570215 -0.05006643 0.09826112
v -0.05958608 -0.04522366 0.09798575
v -0.05969362 -0.04523232 0.09824992
v -0.05958608 -0.04522366 0.09798575
v -0.05969362 -0.04523232 0.09824992
v -0.06321069 -0.04007099 0.09801765
v -0.06896073 -0.02898445 0.09798576
v -0.06634806 -0.03467442 0.09804452
v -0.06906706 -0.02896609 0.09824992
v -0.06896073 -0.02898445 0.09798576
v -0.06906706 -0.02896609 0.09824992
v -0.07115223 -0.02308786 0.09798565
v -0.07115223 -0.02308786 0.09798565
v -0.06906706 -0.02896609 0.09824992
v -0.07125030 -0.02308188 0.09826111
v -0.07115223 -0.02308786 0.09798565
v -0.07125030 -0.02308188 0.09826111
v -0.07283483 -0.01706403 0.09798927
v -0.07283483 -0.01706403 0.09798927
v -0.07125030 -0.02308188 0.09826111
v -0.07291727 -0.01707519 0.09817016
v -0.07283483 -0.01706403 0.09798927
v -0.07291727 -0.01707519 0.09817016
v -0.07400234 -0.01092399 0.09798573
v -0.07409037 -0.01091371 0.09817013
v -0.07400234 -0.01092399 0.09798573
v -0.07409037 -0.01091371 0.09817013
v -0.07465856 -0.00466770 0.09798564
v -0.07465856 -0.00466770 0.09798564
v -0.07409037 -0.01091371 0.09817013
v -0.07475128 -0.00464102 0.09824991
v -0.07465856 -0.00466770 0.09798564
v -0.07475128 -0.00464102 0.09824991
v -0.07484578 0.00157800 0.09804453
v -0.07204083 0.02014468 0.09798565
v -0.07349927 0.01401236 0.09800104
v -0.07211920 0.02020395 0.09826112
v -0.07204083 0.02014468 0.09798565
v -0.07211920 0.02020395 0.09826112
v -0.07010253 0.02610221 0.09798565
v -0.07010253 0.02610221 0.09798565
v -0.07211920 0.02020395 0.09826112
v -0.07018360 0.02612954 0.09817013
v -0.07010253 0.02610221 0.09798565
v -0.07018360 0.02612954 0.09817013
v -0.06769824 0.03187299 0.09800612
v -0.06140875 0.04271598 0.09798565
v -0.06478243 0.03743981 0.09800095
v -0.06146325 0.04279776 0.09826112
v -0.06140875 0.04271598 0.09798565
v -0.06146325 0.04279776 0.09826112
v -0.05762790 0.04769821 0.09798927
v -0.05762790 0.04769821 0.09798927
v -0.06146325 0.04279776 0.09826112
v -0.05768659 0.04775714 0.09817016
v -0.05762790 0.04769821 0.09798927
v -0.05768659 0.04775714 0.09817016
v -0.05344304 0.05234044 0.09798575
v -0.05344304 0.05234044 0.09798575
v -0.05768659 0.04775714 0.09817016
v -0.05346519 0.05244855 0.09826112
v -0.05344304 0.05234044 0.09798575
v -0.05346519 0.05244855 0.09826112
v -0.04885644 0.05664571 0.09798565
v -0.04889126 0.05673567 0.09824991
v -0.04885644 0.05664571 0.09798565
v -0.04889126 0.05673567 0.09824991
v -0.04395532 0.06053118 0.09798929
v -0.04395532 0.06053118 0.09798929
v -0.04889126 0.05673567 0.09824991
v -0.04399755 0.06060284 0.09817014
v -0.04395532 0.06053118 0.09798929
v -0.04399755 0.06060284 0.09817014
v -0.03874752 0.06398681 0.09798575
v -0.03877211 0.06407195 0.09817015
v -0.03874752 0.06398681 0.09798575
v -0.03877211 0.06407195 0.09817015
v -0.03323977 0.06703445 0.09800094
v -0.02161728 0.07161268 0.09798575
v -0.02754923 0.06960906 0.09804452
v -0.02161994 0.07170124 0.09817016
v -0.02161728 0.07161268 0.09798575
v -0.02161994 0.07170124 0.09817016
v -0.01552395 0.07317579 0.09798563
v -0.01552395 0.07317579 0.09798563
v -0.02161994 0.07170124 0.09817016
v -0.01550777 0.07327270 0.09826111
v -0.01552395 0.07317579 0.09798563
v -0.01550777 0.07327270 0.09826111
v -0.00934630 0.07421817 0.09798565
v -0.00932552 0.07431237 0.09824991
v -0.00934630 0.07421817 0.09798565
v -0.00932552 0.07431237 0.09824991
v -0.00312200 0.07477944 0.09802450
v 0.01557158 0.07316844 0.09798929
v 0.00941017 0.07422903 0.09800094
v 0.01563570 0.07324551 0.09826111
v 0.01557158 0.07316844 0.09798929
v 0.01563570 0.07324551 0.09826111
v 0.02162431 0.07161056 0.09798575
v 0.02162431 0.07161056 0.09798575
v 0.01563570 0.07324551 0.09826111
v 0.02167114 0.07168580 0.09817016
v 0.00000818 -0.07482304 0.09800106
v 0.00624002 -0.07462943 0.09817016
v -0.00005955 -0.07488702 0.09827519
v 0.00000818 -0.07482304 0.09800106
v -0.00005955 -0.07488702 0.09827519
v -0.00633232 -0.07462760 0.09826112
v -0.01862304 -0.07247152 0.09800612
v -0.01251556 -0.07383664 0.09817014
v -0.01868332 -0.07251879 0.09828162
v -0.01862304 -0.07247152 0.09800612
v -0.01868332 -0.07251879 0.09828162
v -0.02468891 -0.07070891 0.09824992
v -0.07349927 0.01401236 0.09800104
v -0.07445281 0.00779465 0.09803593
v -0.07354942 0.01409092 0.09827517
v -0.07349927 0.01401236 0.09800104
v -0.07354942 0.01409092 0.09827517
v -0.07211920 0.02020395 0.09826112
v -0.06769824 0.03187299 0.09800612
v -0.07018360 0.02612954 0.09817013
v -0.06773339 0.03194105 0.09828162
v -0.06769824 0.03187299 0.09800612
v -0.06773339 0.03194105 0.09828162
v -0.06478243 0.03743981 0.09800095
v -0.06482431 0.03749507 0.09827517
v -0.06478243 0.03743981 0.09800095
v -0.06482431 0.03749507 0.09827517
v -0.06146325 0.04279776 0.09826112
v -0.03323977 0.06703445 0.09800094
v -0.03877211 0.06407195 0.09817015
v -0.03324409 0.06710366 0.09827517
v -0.03323977 0.06703445 0.09800094
v -0.03324409 0.06710366 0.09827517
v -0.02754923 0.06960906 0.09804452
v 0.00941017 0.07422903 0.09800094
v 0.00311456 0.07477674 0.09801772
v 0.00944495 0.07428907 0.09827517
v 0.00941017 0.07422903 0.09800094
v 0.00944495 0.07428907 0.09827517
v 0.01563570 0.07324551 0.09826111
v -0.06321069 -0.04007099 0.09801765
v -0.05969362 -0.04523232 0.09824992
v -0.06325082 -0.04007585 0.09829320
v -0.06321069 -0.04007099 0.09801765
v -0.06325082 -0.04007585 0.09829320
v -0.06634806 -0.03467442 0.09804452
v -0.00312200 0.07477944 0.09802450
v -0.00932552 0.07431237 0.09824991
v -0.00275263 0.07483660 0.09829310
v -0.00312200 0.07477944 0.09802450
v -0.00275263 0.07483660 0.09829310
v 0.00311456 0.07477674 0.09801772
v 0.00311456 0.07477674 0.09801772
v -0.00275263 0.07483660 0.09829310
v 0.00311665 0.07481636 0.09828698
v 0.00311456 0.07477674 0.09801772
v 0.00311665 0.07481636 0.09828698
v 0.00944495 0.07428907 0.09827517
v 0.04892436 0.05666380 0.09804452
v 0.04404075 0.06057146 0.09817014
v 0.04895561 0.05664923 0.09829725
v 0.04892436 0.05666380 0.09804452
v 0.04895561 0.05664923 0.09829725
v 0.05346387 0.05239839 0.09803593
v 0.05346387 0.05239839 0.09803593
v 0.04895561 0.05664923 0.09829725
v 0.05352425 0.05235387 0.09829774
v 0.05346387 0.05239839 0.09803593
v 0.05352425 0.05235387 0.09829774
v 0.05766096 0.04774086 0.09803593
v 0.05766096 0.04774086 0.09803593
v 0.05352425 0.05235387 0.09829774
v 0.05771740 0.04769144 0.09829774
v 0.05766096 0.04774086 0.09803593
v 0.05771740 0.04769144 0.09829774
v 0.06151098 0.04271871 0.09817016
v 0.04649264 -0.05867549 0.09804453
v 0.05124616 -0.05461062 0.09817016
v 0.04647227 -0.05870350 0.09829774
v 0.04649264 -0.05867549 0.09804453
v 0.04647227 -0.05870350 0.09829774
v 0.04139487 -0.06241599 0.09824992
v 0.03609065 -0.06558536 0.09803595
v 0.04139487 -0.06241599 0.09824992
v 0.03603156 -0.06563154 0.09829774
v 0.03609065 -0.06558536 0.09803595
v 0.03603156 -0.06563154 0.09829774
v 0.03040924 -0.06840522 0.09803590
v 0.03040924 -0.06840522 0.09803590
v 0.03603156 -0.06563154 0.09829774
v 0.03041327 -0.06841642 0.09829774
v 0.03040924 -0.06840522 0.09803590
v 0.03041327 -0.06841642 0.09829774
v 0.02457213 -0.07074958 0.09824992
v -0.04140132 -0.06236911 0.09803594
v -0.03610183 -0.06561363 0.09817016
v -0.04146958 -0.06233827 0.09829726
v -0.04140132 -0.06236911 0.09803594
v -0.04146958 -0.06233827 0.09829726
v -0.04653245 -0.05864065 0.09803590
v -0.04653245 -0.05864065 0.09803590
v -0.04146958 -0.06233827 0.09829726
v -0.04654052 -0.05864940 0.09829774
v -0.04653245 -0.05864065 0.09803590
v -0.04654052 -0.05864940 0.09829774
v -0.05128510 -0.05457405 0.09817014
v -0.06634806 -0.03467442 0.09804452
v -0.06325082 -0.04007585 0.09829320
v -0.06637175 -0.03464916 0.09829774
v -0.06634806 -0.03467442 0.09804452
v -0.06637175 -0.03464916 0.09829774
v -0.06906706 -0.02896609 0.09824992
v -0.07484578 0.00157800 0.09804453
v -0.07475128 -0.00464102 0.09824991
v -0.07485437 0.00161152 0.09829773
v -0.07484578 0.00157800 0.09804453
v -0.07485437 0.00161152 0.09829773
v -0.07445281 0.00779465 0.09803593
v -0.07445281 0.00779465 0.09803593
v -0.07485437 0.00161152 0.09829773
v -0.07445700 0.00786956 0.09829773
v -0.07445281 0.00779465 0.09803593
v -0.07445700 0.00786956 0.09829773
v -0.07354942 0.01409092 0.09827517
v -0.02754923 0.06960906 0.09804452
v -0.03324409 0.06710366 0.09827517
v -0.02752165 0.06962996 0.09829774
v -0.02754923 0.06960906 0.09804452
v -0.02752165 0.06962996 0.09829774
v -0.02161994 0.07170124 0.09817016
v 0.02167114 0.07168580 0.09817016
v 0.01563570 0.07324551 0.09826111
v 0.02166567 0.07166511 0.09829873
v 0.02167114 0.07168580 0.09817016
v 0.02166567 0.07166511 0.09829873
v 0.02763178 0.06961224 0.09826112
v 0.03881777 0.06404427 0.09817012
v 0.03335636 0.06705704 0.09824991
v 0.03880739 0.06402558 0.09829873
v 0.03881777 0.06404427 0.09817012
v 0.03880739 0.06402558 0.09829873
v 0.04404075 0.06057146 0.09817014
v 0.04402881 0.06055371 0.09829873
v 0.04404075 0.06057146 0.09817014
v 0.04402881 0.06055371 0.09829873
v 0.04895561 0.05664923 0.09829725
v 0.06151098 0.04271871 0.09817016
v 0.05771740 0.04769144 0.09829774
v 0.06149386 0.04270589 0.09829873
v 0.06151098 0.04271871 0.09817016
v 0.06149386 0.04270589 0.09829873
v 0.06489204 0.03739408 0.09824991
v 0.07020221 0.02607949 0.09817013
v 0.06779555 0.03182989 0.09826112
v 0.07018245 0.02607131 0.09829873
v 0.07020221 0.02607949 0.09817013
v 0.07018245 0.02607131 0.09829873
v 0.07215438 0.02007796 0.09826111
v 0.07448239 0.00780155 0.09817013
v 0.07358017 0.01397324 0.09824991
v 0.07446121 0.00779857 0.09829873
v 0.07448239 0.00780155 0.09817013
v 0.07446121 0.00779857 0.09829873
v 0.07487397 0.00154171 0.09817014
v 0.07485263 0.00154046 0.09829873
v 0.07487397 0.00154171 0.09817014
v 0.07485263 0.00154046 0.09829873
v 0.07474351 -0.00476437 0.09824991
v 0.07290509 -0.01712711 0.09817017
v 0.07408273 -0.01100575 0.09826112
v 0.07288410 -0.01712302 0.09829873
v 0.07290509 -0.01712711 0.09817017
v 0.07288410 -0.01712302 0.09829873
v 0.07120988 -0.02320626 0.09826112
v 0.06635529 -0.03471983 0.09817017
v 0.06901916 -0.02908004 0.09824992
v 0.06633598 -0.03471061 0.09829874
v 0.06635529 -0.03471983 0.09817017
v 0.06633598 -0.03471061 0.09829874
v 0.06321729 -0.04015049 0.09817014
v 0.06319881 -0.04013972 0.09829874
v 0.06321729 -0.04015049 0.09817014
v 0.06319881 -0.04013972 0.09829874
v 0.05961888 -0.04533080 0.09824992
v 0.05124616 -0.05461062 0.09817016
v 0.05561461 -0.05016365 0.09826112
v 0.05123096 -0.05459557 0.09829874
v 0.05124616 -0.05461062 0.09817016
v 0.05123096 -0.05459557 0.09829874
v 0.04647227 -0.05870350 0.09829774
v 0.01246296 -0.07384554 0.09817013
v 0.01856247 -0.07255903 0.09826112
v 0.01245863 -0.07382459 0.09829874
v 0.01246296 -0.07384554 0.09817013
v 0.01245863 -0.07382459 0.09829874
v 0.00624002 -0.07462943 0.09817016
v 0.00623746 -0.07460819 0.09829874
v 0.00624002 -0.07462943 0.09817016
v 0.00623746 -0.07460819 0.09829874
v -0.00005955 -0.07488702 0.09827519
v -0.01251556 -0.07383664 0.09817014
v -0.00633232 -0.07462760 0.09826112
v -0.01251281 -0.07381543 0.09829874
v -0.01251556 -0.07383664 0.09817014
v -0.01251281 -0.07381543 0.09829874
v -0.01868332 -0.07251879 0.09828162
v -0.03048489 -0.06840440 0.09817017
v -0.02468891 -0.07070891 0.09824992
v -0.03047685 -0.06838457 0.09829874
v -0.03048489 -0.06840440 0.09817017
v -0.03047685 -0.06838457 0.09829874
v -0.03610183 -0.06561363 0.09817016
v -0.03609223 -0.06559451 0.09829874
v -0.03610183 -0.06561363 0.09817016
v -0.03609223 -0.06559451 0.09829874
v -0.04146958 -0.06233827 0.09829726
v -0.05128510 -0.05457405 0.09817014
v -0.04654052 -0.05864940 0.09829774
v -0.05127102 -0.05455795 0.09829874
v -0.05128510 -0.05457405 0.09817014
v -0.05127102 -0.05455795 0.09829874
v -0.05570215 -0.05006643 0.09826112
v -0.07291727 -0.01707519 0.09817016
v -0.07125030 -0.02308188 0.09826111
v -0.07289664 -0.01706953 0.09829873
v -0.07291727 -0.01707519 0.09817016
v -0.07289664 -0.01706953 0.09829873
v -0.07409037 -0.01091371 0.09817013
v -0.07406932 -0.01090983 0.09829873
v -0.07409037 -0.01091371 0.09817013
v -0.07406932 -0.01090983 0.09829873
v -0.07475128 -0.00464102 0.09824991
v -0.07018360 0.02612954 0.09817013
v -0.07211920 0.02020395 0.09826112
v -0.07016330 0.02612281 0.09829873
v -0.07018360 0.02612954 0.09817013
v -0.07016330 0.02612281 0.09829873
v -0.06773339 0.03194105 0.09828162
v -0.05768659 0.04775714 0.09817016
v -0.06146325 0.04279776 0.09826112
v -0.05766963 0.04774414 0.09829873
v -0.05768659 0.04775714 0.09817016
v -0.05766963 0.04774414 0.09829873
v -0.05346519 0.05244855 0.09826112
v -0.04399755 0.06060284 0.09817014
v -0.04889126 0.05673567 0.09824991
v -0.04398435 0.06058601 0.09829873
v -0.04399755 0.06060284 0.09817014
v -0.04398435 0.06058601 0.09829873
v -0.03877211 0.06407195 0.09817015
v -0.03876039 0.06405406 0.09829873
v -0.03877211 0.06407195 0.09817015
v -0.03876039 0.06405406 0.09829873
v -0.03324409 0.06710366 0.09827517
v -0.02161994 0.07170124 0.09817016
v -0.02752165 0.06962996 0.09829774
v -0.02161306 0.07168100 0.09829873
v -0.02161994 0.07170124 0.09817016
v -0.02161306 0.07168100 0.09829873
v -0.01550777 0.07327270 0.09826111
v 0.07385962 0.01302347 0.09829873
v 0.07215438 0.02007796 0.09826111
v 0.07184828 0.02150999 0.09829873
v 0.07184828 0.02150999 0.09829873
v 0.07215438 0.02007796 0.09826111
v 0.07018245 0.02607131 0.09829873
v 0.07184828 0.02150999 0.09829873
v 0.07018245 0.02607131 0.09829873
v 0.06886531 0.02970562 0.09829873
v 0.06886531 0.02970562 0.09829873
v 0.07018245 0.02607131 0.09829873
v 0.06779555 0.03182989 0.09826112
v 0.06886531 0.02970562 0.09829873
v 0.06779555 0.03182989 0.09826112
v 0.06495106 0.03749954 0.09829873
v -0.02565115 -0.07047604 0.09829874
v -0.01868332 -0.07251879 0.09828162
v -0.01729594 -0.07297742 0.09829874
v -0.01729594 -0.07297742 0.09829874
v -0.01868332 -0.07251879 0.09828162
v -0.01251281 -0.07381543 0.09829874
v -0.01729594 -0.07297742 0.09829874
v -0.01251281 -0.07381543 0.09829874
v -0.00870683 -0.07449191 0.09829874
v -0.00870683 -0.07449191 0.09829874
v -0.01251281 -0.07381543 0.09829874
v -0.00633232 -0.07462760 0.09826112
v -0.00870683 -0.07449191 0.09829874
v -0.00633232 -0.07462760 0.09826112
v 0.00000002 -0.07499902 0.09829874
v -0.00633232 -0.07462760 0.09826112
v -0.00005955 -0.07488702 0.09827519
v 0.00000002 -0.07499902 0.09829874
v 0.00000002 -0.07499902 0.09829874
v -0.00005955 -0.07488702 0.09827519
v 0.00623746 -0.07460819 0.09829874
v 0.00000002 -0.07499902 0.09829874
v 0.00623746 -0.07460819 0.09829874
v 0.00870688 -0.07449191 0.09829874
v 0.01245863 -0.07382459 0.09829874
v 0.01729599 -0.07297741 0.09829874
v 0.01729599 -0.07297741 0.09829874
v 0.01245863 -0.07382459 0.09829874
v 0.01856247 -0.07255903 0.09826112
v 0.01729599 -0.07297741 0.09829874
v 0.01856247 -0.07255903 0.09826112
v 0.02565120 -0.07047602 0.09829874
v 0.01856247 -0.07255903 0.09826112
v 0.02457213 -0.07074958 0.09824992
v 0.02565120 -0.07047602 0.09829874
v 0.02565120 -0.07047602 0.09829874
v 0.02457213 -0.07074958 0.09824992
v 0.03041327 -0.06841642 0.09829774
v 0.02565120 -0.07047602 0.09829874
v 0.03041327 -0.06841642 0.09829774
v 0.03365952 -0.06702157 0.09829874
v 0.03365952 -0.06702157 0.09829874
v 0.03041327 -0.06841642 0.09829774
v 0.03603156 -0.06563154 0.09829774
v 0.03365952 -0.06702157 0.09829874
v 0.03603156 -0.06563154 0.09829774
v 0.04121265 -0.06266076 0.09829874
v 0.06779555 0.03182989 0.09826112
v 0.06489204 0.03739408 0.09824991
v 0.06495106 0.03749954 0.09829873
v 0.06495106 0.03749954 0.09829873
v 0.06489204 0.03739408 0.09824991
v 0.06149386 0.04270589 0.09829873
v 0.06495106 0.03749954 0.09829873
v 0.06149386 0.04270589 0.09829873
v 0.06015844 0.04478633 0.09829873
v 0.05771740 0.04769144 0.09829774
v 0.06015844 0.04478633 0.09829873
v 0.05771740 0.04769144 0.09829774
v 0.05455230 0.05146747 0.09829873
v 0.05455230 0.05146747 0.09829873
v 0.05352425 0.05235387 0.09829774
v 0.05455230 0.05146747 0.09829873
v 0.05352425 0.05235387 0.09829774
v 0.04820842 0.05745260 0.09829873
v 0.05352425 0.05235387 0.09829774
v 0.04895561 0.05664923 0.09829725
v 0.04820842 0.05745260 0.09829873
v 0.04820842 0.05745260 0.09829873
v 0.04895561 0.05664923 0.09829725
v 0.04402881 0.06055371 0.09829873
v 0.04820842 0.05745260 0.09829873
v 0.04402881 0.06055371 0.09829873
v 0.04121261 0.06266079 0.09829873
v 0.03880739 0.06402558 0.09829873
v 0.03365948 0.06702161 0.09829873
v 0.03880739 0.06402558 0.09829873
v 0.03335636 0.06705704 0.09824991
v 0.03365948 0.06702161 0.09829873
v 0.03365948 0.06702161 0.09829873
v 0.03335636 0.06705704 0.09824991
v 0.02763178 0.06961224 0.09826112
v 0.03365948 0.06702161 0.09829873
v 0.02763178 0.06961224 0.09826112
v 0.02565115 0.07047605 0.09829873
v 0.02565115 0.07047605 0.09829873
v 0.02763178 0.06961224 0.09826112
v 0.02166567 0.07166511 0.09829873
v 0.02565115 0.07047605 0.09829873
v 0.02166567 0.07166511 0.09829873
v 0.01729594 0.07297743 0.09829873
v 0.01729594 0.07297743 0.09829873
v 0.02166567 0.07166511 0.09829873
v 0.01563570 0.07324551 0.09826111
v 0.01729594 0.07297743 0.09829873
v 0.01563570 0.07324551 0.09826111
v 0.00870683 0.07449192 0.09829873
v -0.00870688 0.07449192 0.09829873
v -0.01550777 0.07327270 0.09826111
v -0.01729599 0.07297742 0.09829873
v -0.01729599 0.07297742 0.09829873
v -0.01550777 0.07327270 0.09826111
v -0.02161306 0.07168100 0.09829873
v -0.01729599 0.07297742 0.09829873
v -0.02161306 0.07168100 0.09829873
v -0.02565120 0.07047603 0.09829873
v -0.02752165 0.06962996 0.09829774
v -0.02565120 0.07047603 0.09829873
v -0.02752165 0.06962996 0.09829774
v -0.03365952 0.06702158 0.09829873
v -0.06015844 -0.04478632 0.09829874
v -0.05570215 -0.05006643 0.09826112
v -0.05455230 -0.05146747 0.09829874
v -0.05455230 -0.05146747 0.09829874
v -0.05570215 -0.05006643 0.09826112
v -0.05127102 -0.05455795 0.09829874
v -0.05455230 -0.05146747 0.09829874
v -0.05127102 -0.05455795 0.09829874
v -0.04820842 -0.05745260 0.09829874
v -0.04654052 -0.05864940 0.09829774
v -0.04820842 -0.05745260 0.09829874
v -0.04654052 -0.05864940 0.09829774
v -0.04121261 -0.06266079 0.09829874
v -0.00000002 0.07499903 0.09829873
v -0.00275263 0.07483660 0.09829310
v -0.00870688 0.07449192 0.09829873
v -0.00870688 0.07449192 0.09829873
v -0.00275263 0.07483660 0.09829310
v -0.00932552 0.07431237 0.09824991
v -0.00870688 0.07449192 0.09829873
v -0.00932552 0.07431237 0.09824991
v -0.01550777 0.07327270 0.09826111
v -0.06495108 0.03749950 0.09829873
v -0.06773339 0.03194105 0.09828162
v -0.06886533 0.02970558 0.09829873
v -0.06886533 0.02970558 0.09829873
v -0.06773339 0.03194105 0.09828162
v -0.07016330 0.02612281 0.09829873
v -0.06886533 0.02970558 0.09829873
v -0.07016330 0.02612281 0.09829873
v -0.07184829 0.02150994 0.09829873
v -0.07184829 0.02150994 0.09829873
v -0.07016330 0.02612281 0.09829873
v -0.07211920 0.02020395 0.09826112
v -0.07184829 0.02150994 0.09829873
v -0.07211920 0.02020395 0.09826112
v -0.07385963 0.01302342 0.09829873
v -0.04654052 -0.05864940 0.09829774
v -0.04146958 -0.06233827 0.09829726
v -0.04121261 -0.06266079 0.09829874
v -0.04121261 -0.06266079 0.09829874
v -0.04146958 -0.06233827 0.09829726
v -0.03609223 -0.06559451 0.09829874
v -0.04121261 -0.06266079 0.09829874
v -0.03609223 -0.06559451 0.09829874
v -0.03365948 -0.06702160 0.09829874
v -0.03047685 -0.06838457 0.09829874
v -0.02565115 -0.07047604 0.09829874
v -0.02565115 -0.07047604 0.09829874
v -0.03047685 -0.06838457 0.09829874
v -0.02468891 -0.07070891 0.09824992
v -0.02565115 -0.07047604 0.09829874
v -0.02468891 -0.07070891 0.09824992
v -0.01868332 -0.07251879 0.09828162
v 0.03603156 -0.06563154 0.09829774
v 0.04139487 -0.06241599 0.09824992
v 0.04121265 -0.06266076 0.09829874
v 0.04121265 -0.06266076 0.09829874
v 0.04139487 -0.06241599 0.09824992
v 0.04647227 -0.05870350 0.09829774
v 0.04121265 -0.06266076 0.09829874
v 0.04647227 -0.05870350 0.09829774
v 0.04820846 -0.05745256 0.09829874
v 0.04820846 -0.05745256 0.09829874
v 0.04647227 -0.05870350 0.09829774
v 0.05123096 -0.05459557 0.09829874
v 0.05455233 -0.05146743 0.09829874
v 0.05455233 -0.05146743 0.09829874
v 0.05123096 -0.05459557 0.09829874
v 0.05561461 -0.05016365 0.09826112
v 0.05455233 -0.05146743 0.09829874
v 0.05561461 -0.05016365 0.09826112
v 0.06015847 -0.04478628 0.09829874
v 0.06886533 -0.02970557 0.09829873
v 0.07120988 -0.02320626 0.09826112
v 0.07184829 -0.02150993 0.09829873
v 0.07184829 -0.02150993 0.09829873
v 0.07120988 -0.02320626 0.09826112
v 0.07288410 -0.01712302 0.09829873
v 0.07184829 -0.02150993 0.09829873
v 0.07288410 -0.01712302 0.09829873
v 0.07385963 -0.01302341 0.09829873
v 0.07385963 -0.01302341 0.09829873
v 0.07288410 -0.01712302 0.09829873
v 0.07408273 -0.01100575 0.09826112
v 0.07385963 -0.01302341 0.09829873
v 0.07408273 -0.01100575 0.09826112
v 0.07487215 -0.00436078 0.09829873
v 0.07408273 -0.01100575 0.09826112
v 0.07474351 -0.00476437 0.09824991
v 0.07487215 -0.00436078 0.09829873
v 0.07487215 -0.00436078 0.09829873
v 0.07474351 -0.00476437 0.09824991
v 0.07485263 0.00154046 0.09829873
v 0.07487215 -0.00436078 0.09829873
v 0.07485263 0.00154046 0.09829873
v 0.07487215 0.00436083 0.09829873
v 0.07446121 0.00779857 0.09829873
v 0.07385962 0.01302347 0.09829873
v 0.07385962 0.01302347 0.09829873
v 0.07446121 0.00779857 0.09829873
v 0.07358017 0.01397324 0.09824991
v 0.07385962 0.01302347 0.09829873
v 0.07358017 0.01397324 0.09824991
v 0.07215438 0.02007796 0.09826111
v 0.01563570 0.07324551 0.09826111
v 0.00944495 0.07428907 0.09827517
v 0.00870683 0.07449192 0.09829873
v 0.00870683 0.07449192 0.09829873
v 0.00944495 0.07428907 0.09827517
v 0.00311665 0.07481636 0.09828698
v 0.00870683 0.07449192 0.09829873
v 0.00311665 0.07481636 0.09828698
v -0.00000002 0.07499903 0.09829873
v -0.00000002 0.07499903 0.09829873
v 0.00311665 0.07481636 0.09828698
v -0.00275263 0.07483660 0.09829310
v -0.02752165 0.06962996 0.09829774
v -0.03324409 0.06710366 0.09827517
v -0.03365952 0.06702158 0.09829873
v -0.03365952 0.06702158 0.09829873
v -0.03324409 0.06710366 0.09827517
v -0.03876039 0.06405406 0.09829873
v -0.03365952 0.06702158 0.09829873
v -0.03876039 0.06405406 0.09829873
v -0.04121265 0.06266077 0.09829873
v -0.04398435 0.06058601 0.09829873
v -0.04820846 0.05745257 0.09829873
v -0.04398435 0.06058601 0.09829873
v -0.04889126 0.05673567 0.09824991
v -0.04820846 0.05745257 0.09829873
v -0.04820846 0.05745257 0.09829873
v -0.04889126 0.05673567 0.09824991
v -0.05346519 0.05244855 0.09826112
v -0.04820846 0.05745257 0.09829873
v -0.05346519 0.05244855 0.09826112
v -0.05455233 0.05146744 0.09829873
v -0.05455233 0.05146744 0.09829873
v -0.05346519 0.05244855 0.09826112
v -0.05766963 0.04774414 0.09829873
v -0.05455233 0.05146744 0.09829873
v -0.05766963 0.04774414 0.09829873
v -0.06015847 0.04478629 0.09829873
v -0.06015847 0.04478629 0.09829873
v -0.05766963 0.04774414 0.09829873
v -0.06146325 0.04279776 0.09826112
v -0.06015847 0.04478629 0.09829873
v -0.06146325 0.04279776 0.09826112
v -0.06495108 0.03749950 0.09829873
v -0.06495108 0.03749950 0.09829873
v -0.06146325 0.04279776 0.09826112
v -0.06482431 0.03749507 0.09827517
v -0.06495108 0.03749950 0.09829873
v -0.06482431 0.03749507 0.09827517
v -0.06773339 0.03194105 0.09828162
v -0.07211920 0.02020395 0.09826112
v -0.07354942 0.01409092 0.09827517
v -0.07385963 0.01302342 0.09829873
v -0.07385963 0.01302342 0.09829873
v -0.07354942 0.01409092 0.09827517
v -0.07445700 0.00786956 0.09829773
v -0.07385963 0.01302342 0.09829873
v -0.07445700 0.00786956 0.09829773
v -0.07487215 0.00436079 0.09829873
v -0.07487215 0.00436079 0.09829873
v -0.07445700 0.00786956 0.09829773
v -0.07485437 0.00161152 0.09829773
v -0.07487215 0.00436079 0.09829873
v -0.07485437 0.00161152 0.09829773
v -0.07487215 -0.00436083 0.09829873
v 0.05561461 -0.05016365 0.09826112
v 0.05961888 -0.04533080 0.09824992
v 0.06015847 -0.04478628 0.09829874
v 0.06015847 -0.04478628 0.09829874
v 0.05961888 -0.04533080 0.09824992
v 0.06319881 -0.04013972 0.09829874
v 0.06015847 -0.04478628 0.09829874
v 0.06319881 -0.04013972 0.09829874
v 0.06495108 -0.03749949 0.09829874
v 0.06633598 -0.03471061 0.09829874
v 0.06886533 -0.02970557 0.09829873
v 0.06886533 -0.02970557 0.09829873
v 0.06633598 -0.03471061 0.09829874
v 0.06901916 -0.02908004 0.09824992
v 0.06886533 -0.02970557 0.09829873
v 0.06901916 -0.02908004 0.09824992
v 0.07120988 -0.02320626 0.09826112
v -0.07485437 0.00161152 0.09829773
v -0.07475128 -0.00464102 0.09824991
v -0.07487215 -0.00436083 0.09829873
v -0.07487215 -0.00436083 0.09829873
v -0.07475128 -0.00464102 0.09824991
v -0.07406932 -0.01090983 0.09829873
v -0.07487215 -0.00436083 0.09829873
v -0.07406932 -0.01090983 0.09829873
v -0.07385962 -0.01302346 0.09829873
v -0.07289664 -0.01706953 0.09829873
v -0.07184828 -0.02150998 0.09829873
v -0.07184828 -0.02150998 0.09829873
v -0.07289664 -0.01706953 0.09829873
v -0.07125030 -0.02308188 0.09826111
v -0.07184828 -0.02150998 0.09829873
v -0.07125030 -0.02308188 0.09826111
v -0.06886531 -0.02970561 0.09829873
v -0.07125030 -0.02308188 0.09826111
v -0.06906706 -0.02896609 0.09824992
v -0.06886531 -0.02970561 0.09829873
v -0.06886531 -0.02970561 0.09829873
v -0.06906706 -0.02896609 0.09824992
v -0.06637175 -0.03464916 0.09829774
v -0.06886531 -0.02970561 0.09829873
v -0.06637175 -0.03464916 0.09829774
v -0.06495106 -0.03749953 0.09829874
v -0.06495106 -0.03749953 0.09829874
v -0.06637175 -0.03464916 0.09829774
v -0.06325082 -0.04007585 0.09829320
v -0.06495106 -0.03749953 0.09829874
v -0.06325082 -0.04007585 0.09829320
v -0.06015844 -0.04478632 0.09829874
v -0.06015844 -0.04478632 0.09829874
v -0.06325082 -0.04007585 0.09829320
v -0.05969362 -0.04523232 0.09824992
v -0.06015844 -0.04478632 0.09829874
v -0.05969362 -0.04523232 0.09824992
v -0.05570215 -0.05006643 0.09826112
v 0.00000002 -0.07499902 0.09829874
v -0.00870582 -0.07448324 0.09929872
v -0.00870683 -0.07449191 0.09829874
v -0.00870683 -0.07449191 0.09829874
v -0.00870582 -0.07448324 0.09929872
v -0.01729393 -0.07296893 0.09929872
v -0.01729594 -0.07297742 0.09829874
v -0.01729594 -0.07297742 0.09829874
v -0.01729393 -0.07296893 0.09929872
v -0.02564817 -0.07046784 0.09929872
v -0.02565115 -0.07047604 0.09829874
v -0.02565115 -0.07047604 0.09829874
v -0.02564817 -0.07046784 0.09929872
v -0.03365556 -0.06701378 0.09929872
v -0.03365948 -0.06702160 0.09829874
v -0.03365948 -0.06702160 0.09829874
v -0.03365556 -0.06701378 0.09929872
v -0.04120783 -0.06265348 0.09929872
v -0.04121261 -0.06266079 0.09829874
v -0.04121261 -0.06266079 0.09829874
v -0.04120783 -0.06265348 0.09929872
v -0.04820282 -0.05744592 0.09929872
v -0.04820842 -0.05745260 0.09829874
v -0.04820842 -0.05745260 0.09829874
v -0.04820282 -0.05744592 0.09929872
v -0.05454596 -0.05146148 0.09929872
v -0.05455230 -0.05146747 0.09829874
v -0.05455230 -0.05146747 0.09829874
v -0.05454596 -0.05146148 0.09929872
v -0.06015144 -0.04478111 0.09929872
v -0.06015844 -0.04478632 0.09829874
v -0.06015844 -0.04478632 0.09829874
v -0.06015144 -0.04478111 0.09929872
v -0.06494350 -0.03749516 0.09929871
v -0.06495106 -0.03749953 0.09829874
v -0.06495106 -0.03749953 0.09829874
v -0.06494350 -0.03749516 0.09929871
v -0.06885730 -0.02970216 0.09929871
v -0.06886531 -0.02970561 0.09829873
v -0.06886531 -0.02970561 0.09829873
v -0.06885730 -0.02970216 0.09929871
v -0.07183991 -0.02150748 0.09929871
v -0.07184828 -0.02150998 0.09829873
v -0.07184828 -0.02150998 0.09829873
v -0.07183991 -0.02150748 0.09929871
v -0.07385103 -0.01302195 0.09929871
v -0.07385962 -0.01302346 0.09829873
v -0.07385962 -0.01302346 0.09829873
v -0.07385103 -0.01302195 0.09929871
v -0.07486344 -0.00436032 0.09929871
v -0.07487215 -0.00436083 0.09829873
v -0.07487215 -0.00436083 0.09829873
v -0.07486344 -0.00436032 0.09929871
v -0.07486344 0.00436028 0.09929871
v -0.07487215 0.00436079 0.09829873
v -0.07487215 0.00436079 0.09829873
v -0.07486344 0.00436028 0.09929871
v -0.07385103 0.01302191 0.09929871
v -0.07385963 0.01302342 0.09829873
v -0.07385963 0.01302342 0.09829873
v -0.07385103 0.01302191 0.09929871
v -0.07183992 0.02150744 0.09929871
v -0.07184829 0.02150994 0.09829873
v -0.07184829 0.02150994 0.09829873
v -0.07183992 0.02150744 0.09929871
v -0.06885732 0.02970213 0.09929871
v -0.06886533 0.02970558 0.09829873
v -0.06886533 0.02970558 0.09829873
v -0.06885732 0.02970213 0.09929871
v -0.06494353 0.03749512 0.09929872
v -0.06495108 0.03749950 0.09829873
v -0.06495108 0.03749950 0.09829873
v -0.06494353 0.03749512 0.09929872
v -0.06015147 0.04478108 0.09929871
v -0.06015847 0.04478629 0.09829873
v -0.06015847 0.04478629 0.09829873
v -0.06015147 0.04478108 0.09929871
v -0.05454599 0.05146145 0.09929871
v -0.05455233 0.05146744 0.09829873
v -0.05455233 0.05146744 0.09829873
v -0.05454599 0.05146145 0.09929871
v -0.04820285 0.05744589 0.09929871
v -0.04820846 0.05745257 0.09829873
v -0.04820846 0.05745257 0.09829873
v -0.04820285 0.05744589 0.09929871
v -0.04120787 0.06265347 0.09929871
v -0.04121265 0.06266077 0.09829873
v -0.04121265 0.06266077 0.09829873
v -0.04120787 0.06265347 0.09929871
v -0.03365561 0.06701377 0.09929871
v -0.03365952 0.06702158 0.09829873
v -0.03365952 0.06702158 0.09829873
v -0.03365561 0.06701377 0.09929871
v -0.02564822 0.07046783 0.09929871
v -0.02565120 0.07047603 0.09829873
v -0.02565120 0.07047603 0.09829873
v -0.02564822 0.07046783 0.09929871
v -0.01729398 0.07296893 0.09929871
v -0.01729599 0.07297742 0.09829873
v -0.01729599 0.07297742 0.09829873
v -0.01729398 0.07296893 0.09929871
v -0.00870587 0.07448324 0.09929871
v -0.00870688 0.07449192 0.09829873
v -0.00870688 0.07449192 0.09829873
v -0.00870587 0.07448324 0.09929871
v -0.00000002 0.07499030 0.09929871
v -0.00000002 0.07499903 0.09829873
v -0.00000002 0.07499903 0.09829873
v -0.00000002 0.07499030 0.09929871
v 0.00870582 0.07448325 0.09929871
v 0.00870683 0.07449192 0.09829873
v 0.00870683 0.07449192 0.09829873
v 0.00870582 0.07448325 0.09929871
v 0.01729393 0.07296894 0.09929871
v 0.01729594 0.07297743 0.09829873
v 0.01729594 0.07297743 0.09829873
v 0.01729393 0.07296894 0.09929871
v 0.02564817 0.07046785 0.09929871
v 0.02565115 0.07047605 0.09829873
v 0.02565115 0.07047605 0.09829873
v 0.02564817 0.07046785 0.09929871
v 0.03365556 0.06701379 0.09929871
v 0.03365948 0.06702161 0.09829873
v 0.03365948 0.06702161 0.09829873
v 0.03365556 0.06701379 0.09929871
v 0.04120783 0.06265349 0.09929871
v 0.04121261 0.06266079 0.09829873
v 0.04121261 0.06266079 0.09829873
v 0.04120783 0.06265349 0.09929871
v 0.04820282 0.05744593 0.09929871
v 0.04820842 0.05745260 0.09829873
v 0.04820842 0.05745260 0.09829873
v 0.04820282 0.05744593 0.09929871
v 0.05454596 0.05146149 0.09929871
v 0.05455230 0.05146747 0.09829873
v 0.05455230 0.05146747 0.09829873
v 0.05454596 0.05146149 0.09929871
v 0.06015144 0.04478112 0.09929871
v 0.06015844 0.04478633 0.09829873
v 0.06015844 0.04478633 0.09829873
v 0.06015144 0.04478112 0.09929871
v 0.06494350 0.03749517 0.09929871
v 0.06495106 0.03749954 0.09829873
v 0.06495106 0.03749954 0.09829873
v 0.06494350 0.03749517 0.09929871
v 0.06885730 0.02970217 0.09929871
v 0.06886531 0.02970562 0.09829873
v 0.06886531 0.02970562 0.09829873
v 0.06885730 0.02970217 0.09929871
v 0.07183991 0.02150749 0.09929871
v 0.07184828 0.02150999 0.09829873
v 0.07184828 0.02150999 0.09829873
v 0.07183991 0.02150749 0.09929871
v 0.07385103 0.01302196 0.09929871
v 0.07385962 0.01302347 0.09829873
v 0.07385962 0.01302347 0.09829873
v 0.07385103 0.01302196 0.09929871
v 0.07486344 0.00436033 0.09929871
v 0.07487215 0.00436083 0.09829873
v 0.07487215 0.00436083 0.09829873
v 0.07486344 0.00436033 0.09929871
v 0.07486344 -0.00436027 0.09929871
v 0.07487215 -0.00436078 0.09829873
v 0.07487215 -0.00436078 0.09829873
v 0.07486344 -0.00436027 0.09929871
v 0.07385103 -0.01302190 0.09929871
v 0.07385963 -0.01302341 0.09829873
v 0.07385963 -0.01302341 0.09829873
v 0.07385103 -0.01302190 0.09929871
v 0.07183992 -0.02150743 0.09929871
v 0.07184829 -0.02150993 0.09829873
v 0.07184829 -0.02150993 0.09829873
v 0.07183992 -0.02150743 0.09929871
v 0.06885732 -0.02970212 0.09929871
v 0.06886533 -0.02970557 0.09829873
v 0.06886533 -0.02970557 0.09829873
v 0.06885732 -0.02970212 0.09929871
v 0.06494352 -0.03749512 0.09929871
v 0.06495108 -0.03749949 0.09829874
v 0.06495108 -0.03749949 0.09829874
v 0.06494352 -0.03749512 0.09929871
v 0.06015147 -0.04478108 0.09929872
v 0.06015847 -0.04478628 0.09829874
v 0.06015847 -0.04478628 0.09829874
v 0.06015147 -0.04478108 0.09929872
v 0.05454599 -0.05146144 0.09929872
v 0.05455233 -0.05146743 0.09829874
v 0.05455233 -0.05146743 0.09829874
v 0.05454599 -0.05146144 0.09929872
v 0.04820285 -0.05744589 0.09929872
v 0.04820846 -0.05745256 0.09829874
v 0.04820846 -0.05745256 0.09829874
v 0.04820285 -0.05744589 0.09929872
v 0.04120787 -0.06265346 0.09929872
v 0.04121265 -0.06266076 0.09829874
v 0.04121265 -0.06266076 0.09829874
v 0.04120787 -0.06265346 0.09929872
v 0.03365561 -0.06701376 0.09929872
v 0.03365952 -0.06702157 0.09829874
v 0.03365952 -0.06702157 0.09829874
v 0.03365561 -0.06701376 0.09929872
v 0.02564822 -0.07046782 0.09929872
v 0.02565120 -0.07047602 0.09829874
v 0.02565120 -0.07047602 0.09829874
v 0.02564822 -0.07046782 0.09929872
v 0.01729398 -0.07296892 0.09929872
v 0.01729599 -0.07297741 0.09829874
v 0.01729599 -0.07297741 0.09829874
v 0.01729398 -0.07296892 0.09929872
v 0.00870587 -0.07448323 0.09929872
v 0.00870688 -0.07449191 0.09829874
v 0.00870688 -0.07449191 0.09829874
v 0.00870587 -0.07448323 0.09929872
v 0.00000002 -0.07499029 0.09929872
v 0.00000002 -0.07499902 0.09829874
v 0.00000002 -0.07499029 0.09929872
v -0.01729393 -0.07296893 0.09929872
v -0.00870582 -0.07448324 0.09929872
v -0.06494353 0.03749512 0.09929872
v 0.00000002 -0.07499029 0.09929872
v 0.00870587 -0.07448323 0.09929872
v -0.04120783 -0.06265348 0.09929872
v -0.03365556 -0.06701378 0.09929872
v -0.02564817 -0.07046784 0.09929872
v -0.06015144 -0.04478111 0.09929872
v -0.05454596 -0.05146148 0.09929872
v -0.04820282 -0.05744592 0.09929872
v -0.07183991 -0.02150748 0.09929871
v -0.06885730 -0.02970216 0.09929871
v -0.06494350 -0.03749516 0.09929871
v -0.07486344 0.00436028 0.09929871
v -0.07486344 -0.00436032 0.09929871
v -0.07385103 -0.01302195 0.09929871
v -0.06885732 0.02970213 0.09929871
v -0.07183992 0.02150744 0.09929871
v -0.07385103 0.01302191 0.09929871
v -0.05454599 0.05146145 0.09929871
v -0.06015147 0.04478108 0.09929871
v -0.03365561 0.06701377 0.09929871
v -0.04120787 0.06265347 0.09929871
v -0.04820285 0.05744589 0.09929871
v -0.00870587 0.07448324 0.09929871
v -0.01729398 0.07296893 0.09929871
v -0.02564822 0.07046783 0.09929871
v 0.01729393 0.07296894 0.09929871
v 0.00870582 0.07448325 0.09929871
v -0.00000002 0.07499030 0.09929871
v 0.04120783 0.06265349 0.09929871
v 0.03365556 0.06701379 0.09929871
v 0.02564817 0.07046785 0.09929871
v 0.06015144 0.04478112 0.09929871
v 0.05454596 0.05146149 0.09929871
v 0.04820282 0.05744593 0.09929871
v 0.07183991 0.02150749 0.09929871
v 0.06885730 0.02970217 0.09929871
v 0.06494350 0.03749517 0.09929871
v 0.07486344 -0.00436027 0.09929871
v 0.07486344 0.00436033 0.09929871
v 0.07385103 0.01302196 0.09929871
v 0.06885732 -0.02970212 0.09929871
v 0.07183992 -0.02150743 0.09929871
v 0.07385103 -0.01302190 0.09929871
v 0.05454599 -0.05146144 0.09929872
v 0.06015147 -0.04478108 0.09929872
v 0.06494352 -0.03749512 0.09929871
v 0.03365561 -0.06701376 0.09929872
v 0.04120787 -0.06265346 0.09929872
v 0.04820285 -0.05744589 0.09929872
v 0.01729398 -0.07296892 0.09929872
v 0.02564822 -0.07046782 0.09929872
f 6928 6929 6930
f 6931 6932 6933
f 6934 6935 6936
f 6937 6938 6939
f 6940 6941 6942
f 6943 6944 6945
f 6946 6947 6948
f 6949 6950 6951
f 6952 6953 6954
f 6955 6956 6957
f 6958 6959 6960
f 6961 6962 6963
f 6964 6965 6966
f 6967 6968 6969
f 6970 6971 6972
f 6973 6974 6975
f 6976 6977 6978
f 6979 6980 6981
f 6982 6983 6984
f 6985 6986 6987
f 6988 6989 6990
f 6991 6992 6993
f 6994 6995 6996
f 6997 6998 6999
f 7000 7001 7002
f 7003 7004 7005
f 7006 7007 7008
f 7009 7010 7011
f 7012 7013 7014
f 7015 7016 7017
f 7018 7019 7020
f 7021 7022 7023
f 7024 7025 7026
f 7027 7028 7029
f 7030 7031 7032
f 7033 7034 7035
f 7033 7035 7036
f 7037 7038 7039
f 7040 7041 7042
f 7043 7044 7045
f 7046 7047 7048
f 7049 7050 7051
f 7052 7053 7054
f 7055 7056 7057
f 7058 7059 7060
f 7061 7062 7063
f 7064 7065 7066
f 7067 7068 7069
f 7070 7071 7072
f 7073 7074 7075
f 7076 7077 7078
f 7079 7080 7081
f 7082 7083 7084
f 7085 7086 7087
f 7088 7089 7090
f 7091 7092 7093
f 7094 7095 7096
f 7097 7098 7099
f 7100 7101 7102
f 7103 7104 7105
f 7106 7107 7108
f 7109 7110 7111
f 7112 7113 7114
f 7115 7116 7117
f 7118 7119 7120
f 7121 7122 7123
f 7124 7125 7126
f 7127 7128 7129
f 7130 7131 7132
f 7133 7134 7135
f 7136 7137 7138
f 7139 7140 7141
f 7142 7143 7144
f 7145 7146 7147
f 7148 7149 7150
f 7151 7152 7153
f 7154 7155 7156
f 7157 7158 7159
f 7160 7161 7162
f 7163 7164 7165
f 7166 7167 7168
f 7169 7170 7171
f 7172 7173 7174
f 7175 7176 7177
f 7178 7179 7180
f 7181 7182 7183
f 7184 7185 7186
f 7187 7188 7189
f 7190 7191 7192
f 7193 7194 7195
f 7196 7197 7198
f 7199 7200 7201
f 7202 7203 7204
f 7205 7206 7207
f 7208 7209 7210
f 7211 7212 7213
f 7214 7215 7216
f 7217 7218 7219
f 7220 7221 7222
f 7223 7224 7225
f 7226 7227 7228
f 7229 7220 7222
f 7230 7231 7232
f 7233 7234 7235
f 7236 7237 7238
f 7239 7240 7241
f 7242 7243 7244
f 7245 7246 7247
f 7248 7249 7250
f 7251 7252 7253
f 7254 7255 7256
f 7257 7258 7259
f 7260 7261 7262
f 7263 7264 7265
f 7266 7267 7268
f 7269 7270 7271
f 7272 7273 7274
f 7275 7276 7277
f 7278 7279 7280
f 7281 7282 7283
f 7284 7285 7286
f 7287 7288 7289
f 7290 7291 7292
f 7293 7284 7286
f 7294 7295 7296
f 7297 7298 7299
f 7300 7301 7302
f 7303 7304 7305
f 7306 7307 7308
f 7309 7310 7311
f 7312 7313 7314
f 7315 7316 7317
f 7318 7319 7320
f 7321 7322 7323
f 7324 7325 7326
f 7327 7328 7329
f 7330 7331 7332
f 7333 7334 7335
f 7336 7337 7338
f 7339 7340 7341
f 7342 7343 7344
f 7345 7346 7347
f 7348 7349 7350
f 7351 7352 7353
f 7354 7355 7356
f 7357 7348 7350
f 7358 7359 7360
f 7361 7362 7363
f 7364 7365 7366
f 7367 7358 7360
f 7368 7369 7370
f 7371 7372 7373
f 7374 7375 7376
f 7377 7378 7379
f 7380 7381 7382
f 7383 7384 7385
f 7386 7387 7388
f 7389 7374 7376
f 7390 7391 7392
f 7393 7394 7395
f 7396 7397 7398
f 7399 7400 7401
f 7402 7403 7404
f 7405 7406 7407
f 7408 7409 7410
f 7411 7412 7413
f 7414 7415 7416
f 7417 7418 7419
f 7420 7421 7422
f 7423 7424 7425
f 7426 7427 7428
f 7429 7430 7431
f 7432 7433 7434
f 7435 7436 7437
f 7438 7439 7440
f 7441 7442 7443
f 7444 7445 7446
f 7447 7448 7449
f 7450 7451 7452
f 7453 7454 7455
f 7456 7457 7458
f 7458 7457 7459
f 7460 7461 7462
f 7463 7464 7465
f 7466 7467 7468
f 7469 7470 7471
f 7472 7473 7474
f 7475 7476 7477
f 7478 7479 7480
f 7481 7482 7483
f 7484 7485 7486
f 7487 7488 7489
f 7490 7491 7492
f 7493 7494 7495
f 7496 7497 7498
f 7498 7497 7499
f 7500 7501 7502
f 7503 7504 7505
f 7506 7507 7508
f 7509 7510 7511
f 7512 7513 7514
f 7515 7516 7517
f 7518 7519 7520
f 7521 7522 7523
f 7524 7525 7526
f 7527 7528 7529
f 7530 7531 7532
f 7533 7534 7535
f 7536 7537 7538
f 7539 7540 7541
f 7542 7543 7544
f 7545 7546 7547
f 7548 7549 7550
f 7550 7549 7551
f 7552 7553 7554
f 7555 7556 7557
f 7558 7559 7560
f 7561 7562 7563
f 7564 7565 7566
f 7567 7568 7569
f 7570 7571 7572
f 7573 7574 7575
f 7576 7577 7578
f 7579 7580 7581
f 7582 7583 7584
f 7585 7586 7587
f 7588 7589 7590
f 7591 7592 7593
f 7594 7595 7596
f 7597 7598 7599
f 7600 7601 7602
f 7603 7604 7605
f 7606 7607 7608
f 7609 7610 7611
f 7612 7613 7614
f 7615 7616 7617
f 7618 7619 7620
f 7621 7622 7623
f 7624 7625 7626
f 7627 7628 7629
f 7630 7631 7632
f 7633 7634 7635
f 7636 7637 7638
f 7638 7637 7639
f 7640 7641 7642
f 7643 7644 7645
f 7646 7647 7648
f 7649 7650 7651
f 7652 7653 7654
f 7655 7656 7657
f 7658 7659 7660
f 7661 7662 7663
f 7664 7665 7666
f 7667 7668 7669
f 7670 7671 7672
f 7673 7674 7675
f 7676 7677 7678
f 7679 7680 7681
f 7682 7683 7684
f 7685 7686 7687
f 7688 7689 7690
f 7691 7692 7693
f 7694 7695 7696
f 7697 7698 7699
f 7700 7701 7702
f 7703 7704 7705
f 7706 7707 7708
f 7709 7710 7711
f 7712 7713 7714
f 7715 7716 7717
f 7718 7719 7720
f 7721 7722 7723
f 7724 7725 7726
f 7727 7728 7729
f 7730 7731 7732
f 7732 7731 7733
f 7734 7735 7736
f 7737 7738 7739
f 7740 7741 7742
f 7742 7741 7743
f 7744 7745 7746
f 7747 7748 7749
f 7750 7751 7752
f 7753 7754 7755
f 7756 7757 7758
f 7759 7760 7761
f 7762 7763 7764
f 7765 7766 7767
f 7768 7769 7770
f 7770 7769 7771
f 7772 7773 7774
f 7774 7773 7775
f 7776 7777 7778
f 7778 7777 7779
f 7780 7781 7782
f 7783 7784 7785
f 7786 7787 7788
f 7789 7790 7791
f 7792 7793 7794
f 7795 7796 7797
f 7798 7799 7800
f 7801 7802 7803
f 7804 7805 7806
f 7807 7808 7809
f 7810 7811 7812
f 7813 7814 7815
f 7816 7817 7818
f 7819 7820 7821
f 7822 7823 7824
f 7825 7826 7827
f 7828 7829 7830
f 7831 7832 7833
f 7834 7835 7836
f 7837 7838 7839
f 7840 7841 7842
f 7843 7844 7845
f 7846 7847 7848
f 7849 7850 7851
f 7852 7853 7854
f 7855 7856 7857
f 7858 7859 7860
f 7861 7862 7863
f 7864 7865 7866
f 7867 7868 7869
f 7870 7871 7872
f 7873 7874 7875
f 7876 7877 7878
f 7879 7880 7881
f 7882 7883 7884
f 7885 7886 7887
f 7888 7889 7890
f 7891 7892 7893
f 7894 7895 7896
f 7897 7898 7899
f 7900 7901 7902
f 7903 7904 7905
f 7906 7831 7907
f 7908 7909 7910
f 7911 7912 7913
f 7914 7915 7916
f 7917 7918 7919
f 7920 7921 7922
f 7923 7924 7925
f 7926 7927 7928
f 7929 7930 7931
f 7931 7930 7932
f 7933 7934 7935
f 7936 7937 7938
f 7939 7940 7941
f 7942 7943 7944
f 7945 7946 7947
f 7948 7949 7950
f 7951 7952 7953
f 7954 7955 7956
f 7957 7958 7959
f 7960 7961 7962
f 7963 7964 7965
f 7966 7967 7968
f 7969 7970 7971
f 7972 7973 7974
f 7974 7973 7975
f 7976 7977 7978
f 7979 7980 7981
f 7982 7983 7984
f 7984 7983 7985
f 7986 7987 7988
f 7989 7990 7991
f 7992 7993 7994
f 7995 7996 7997
f 7998 7999 8000
f 8001 8002 8003
f 8004 8005 8006
f 8007 8008 8009
f 8010 8011 8012
f 8013 8014 8015
f 8016 8017 8018
f 8019 8020 8021
f 8022 8023 8024
f 8025 8026 8027
f 8028 8029 8030
f 8031 8032 8033
f 8034 8035 8036
f 8037 8038 8039
f 8040 8041 8042
f 8043 8044 8045
f 8046 8047 8048
f 8049 8050 8051
f 8052 8053 8054
f 8055 8056 8057
f 8058 8059 8060
f 8061 8062 8063
f 8064 8065 8066
f 8067 8068 8069
f 8070 8071 8072
f 8073 8074 8075
f 8076 8077 8078
f 8079 8080 8081
f 8082 8083 8084
f 8085 8086 8087
f 8088 8089 8090
f 8091 8092 8093
f 8094 8095 8096
f 8097 8098 8099
f 8100 8101 8102
f 8103 8104 8105
f 8106 8107 8108
f 8109 8110 8111
f 8112 8113 8114
f 8115 8116 8117
f 8118 8119 8120
f 8121 8122 8123
f 8124 8125 8126
f 8127 8128 8129
f 8130 8131 8132
f 8133 8134 8135
f 8136 8137 8138
f 8139 8140 8141
f 8142 8143 8144
f 8145 8146 8147
f 8148 8149 8150
f 8151 8152 8153
f 8154 8155 8156
f 8157 8158 8159
f 8160 8161 8162
f 8163 8164 8165
f 8166 8167 8168
f 8169 8170 8171
f 8172 8173 8174
f 8175 8176 8177
f 8178 8179 8180
f 8181 8182 8183
f 8184 8185 8186
f 8187 8188 8189
f 8190 8191 8192
f 8193 8194 8195
f 8196 8197 8198
f 8199 8200 8201
f 8202 8193 8195
f 8203 8204 8205
f 8206 8207 8208
f 8209 8210 8211
f 8212 8213 8214
f 8215 8216 8217
f 8218 8219 8220
f 8221 8222 8223
f 8224 8225 8226
f 8227 8228 8229
f 8230 8231 8232
f 8233 8234 8235
f 8236 8237 8238
f 8239 8240 8241
f 8242 8243 8244
f 8245 8246 8247
f 8248 8249 8250
f 8251 8252 8253
f 8254 8255 8256
f 8257 8258 8259
f 8260 8261 8262
f 8263 8264 8265
f 8266 8267 8268
f 8269 8270 8271
f 8272 8273 8274
f 8275 8276 8277
f 8278 8279 8280
f 8281 8282 8283
f 8284 8285 8286
f 8287 8288 8289
f 8290 8291 8292
f 8293 8294 8295
f 8296 8297 8298
f 8299 8300 8301
f 8302 8303 8304
f 8305 8306 8307
f 8308 8309 8310
f 8311 8312 8313
f 8314 8315 8316
f 8317 8318 8319
f 8320 8321 8322
f 8323 8324 8325
f 8326 8327 8328
f 8329 8330 8331
f 8332 8333 8334
f 8335 8336 8337
f 8338 8339 8340
f 8341 8342 8343
f 8344 8345 8346
f 8347 8348 8349
f 8350 8351 8352
f 8353 8354 8355
f 8356 8357 8358
f 8359 8360 8361
f 8362 8363 8364
f 8365 8366 8367
f 8368 8369 8370
f 8371 8372 8373
f 8374 8375 8376
f 8377 8378 8379
f 8380 8381 8382
f 8383 8384 8385
f 8386 8387 8388
f 8389 8390 8391
f 8392 8393 8394
f 8395 8396 8397
f 8398 8399 8400
f 8401 8402 8403
f 8404 8405 8406
f 8407 8408 8409
f 8410 8411 8412
f 8413 8414 8415
f 8416 8417 8418
f 8419 8420 8421
f 8422 8423 8424
f 8425 8426 8427
f 8428 8429 8430
f 8431 8432 8433
f 8434 8425 8427
f 8435 8436 8437
f 8438 8439 8440
f 8441 8442 8443
f 8444 8445 8446
f 8447 8448 8449
f 8450 8451 8452
f 8453 8454 8455
f 8456 8457 8458
f 8459 8460 8461
f 8462 8463 8464
f 8465 8466 8467
f 8468 8469 8470
f 8471 8472 8473
f 8474 8475 8476
f 8477 8478 8479
f 8480 8481 8482
f 8483 8484 8485
f 8486 8487 8488
f 8489 8490 8491
f 8492 8493 8494
f 8495 8496 8497
f 8498 8499 8500
f 8501 8502 8503
f 8504 8505 8506
f 8507 8508 8509
f 8510 8511 8512
f 8513 8514 8515
f 8516 8517 8518
f 8519 8520 8521
f 8522 8523 8524
f 8525 8526 8527
f 8528 8529 8530
f 8531 8532 8533
f 8534 8535 8536
f 8537 8538 8539
f 8540 8541 8542
f 8543 8544 8545
f 8543 8545 8546
f 8547 8548 8549
f 8550 8551 8552
f 8553 8554 8555
f 8556 8557 8558
f 8559 8560 8561
f 8562 8563 8564
f 8565 8566 8567
f 8568 8088 8090
f 8569 8570 8571
f 8572 8573 8574
f 8571 8575 8569
f 8576 8577 8578
f 8579 8580 8581
f 8582 8583 8584
f 8585 8586 8587
f 8588 8103 8105
f 8589 8590 8591
f 8592 8117 8116
f 8591 8593 8589
f 8594 8595 8596
f 8597 8598 8599
f 8600 8601 8602
f 8603 8604 8605
f 8606 8607 8608
f 8609 8610 8611
f 8612 8124 8126
f 8613 8614 8615
f 8616 8617 8618
f 8619 8620 8621
f 8622 8623 8624
f 8625 8626 8627
f 8628 8629 8630
f 8631 8632 8633
f 8634 8635 8636
f 8637 8638 8639
f 8640 8641 8642
f 8643 8644 8645
f 8646 8647 8648
f 8649 8650 8651
f 8652 8653 8654
f 8655 8656 8657
f 8658 8659 8660
f 8661 8186 8185
f 8662 8663 8664
f 8665 8666 8667
f 8668 8669 8670
f 8671 8672 8673
f 8674 8675 8676
f 8677 8678 8679
f 8680 8681 8682
f 8683 8684 8685
f 8686 8687 8688
f 8689 8690 8691
f 8692 8693 8694
f 8695 8696 8697
f 8698 8699 8700
f 8701 8702 8703
f 8704 8705 8706
f 8707 8708 8709
f 8706 8710 8704
f 8711 8712 8713
f 8714 8715 8716
f 8717 8718 8719
f 8720 8721 8722
f 8723 8724 8725
f 8726 8727 8728
f 8729 8730 8731
f 8732 8733 8734
f 8735 8736 8737
f 8738 8739 8740
f 8741 8742 8743
f 8744 8745 8746
f 8747 8748 8749
f 8740 8750 8738
f 8751 8752 8753
f 8754 8755 8756
f 8757 8758 8759
f 8760 8761 8762
f 8763 8764 8765
f 8766 8767 8768
f 8769 8770 8771
f 8772 8773 8774
f 8775 8776 8777
f 8778 8779 8780
f 8781 8782 8783
f 8784 8785 8786
f 8787 8244 8243
f 8788 8789 8790
f 8791 8792 8793
f 8794 8795 8796
f 8797 8798 8799
f 8800 8801 8802
f 8803 8804 8805
f 8806 8807 8808
f 8809 8810 8811
f 8247 8812 8245
f 8813 8814 8815
f 8816 8817 8818
f 8819 8820 8821
f 8822 8823 8824
f 8825 8826 8827
f 8828 8829 8830
f 8831 8832 8833
f 8834 8835 8836
f 8837 8838 8839
f 8840 8841 8842
f 8843 8844 8845
f 8846 8847 8848
f 8849 8850 8851
f 8852 8853 8854
f 8855 8856 8857
f 8858 8859 8860
f 8861 8862 8863
f 8864 8865 8866
f 8867 8868 8869
f 8870 8871 8872
f 8873 8329 8331
f 8874 8875 8876
f 8877 8878 8879
f 8880 8881 8882
f 8883 8884 8885
f 8886 8887 8888
f 8889 8890 8891
f 8892 8893 8894
f 8895 8896 8897
f 8898 8899 8900
f 8901 8902 8903
f 8904 8905 8906
f 8907 8908 8909
f 8910 8911 8912
f 8913 8914 8915
f 8916 8917 8918
f 8919 8920 8921
f 8922 8923 8924
f 8925 8926 8927
f 8928 8929 8930
f 8931 8932 8933
f 8934 8935 8936
f 8937 8938 8939
f 8940 8941 8942
f 8943 8944 8945
f 8946 8947 8948
f 8949 8950 8951
f 8952 8953 8954
f 8955 8956 8957
f 8958 8959 8960
f 8961 8962 8963
f 8964 8965 8966
f 8967 8968 8969
f 8970 8971 8972
f 8973 8974 8975
f 8976 8977 8978
f 8979 8980 8981
f 8982 8983 8984
f 8985 8986 8987
f 8988 8989 8990
f 8991 8992 8993
f 8994 8995 8996
f 8997 8998 8999
f 9000 9001 9002
f 9003 9004 9005
f 9006 9007 9008
f 9009 9010 9011
f 9012 9013 9014
f 9015 9016 9017
f 9018 9019 9020
f 9021 9022 9023
f 9024 9025 9026
f 9027 9028 9029
f 9030 9031 9032
f 9033 9034 9035
f 9036 9037 9038
f 9039 9040 9041
f 9042 9043 9044
f 9045 9046 9047
f 9048 9049 9050
f 9051 9052 9053
f 9054 9055 9056
f 9057 9058 9059
f 9060 9061 9062
f 9063 9064 9065
f 9066 9067 9068
f 9069 8418 8417
f 9070 9071 9072
f 9073 9074 9075
f 9076 9077 9078
f 9079 9080 9081
f 9082 9083 9084
f 9085 9086 9087
f 9088 9089 9090
f 9091 9092 9093
f 9094 9095 9096
f 9097 9098 9099
f 9100 9101 9102
f 9103 9104 9105
f 7868 9106 7869
f 9107 9108 9109
f 7915 9110 7916
f 9111 9112 9113
f 9114 9115 9116
f 9117 9118 9119
f 9120 9121 9122
f 9123 9124 9125
f 9126 9127 9128
f 9129 9130 9131
f 9132 9133 9134
f 9135 9136 9137
f 9138 9139 9140
f 9141 9142 9143
f 9144 9145 9146
f 9147 9148 9149
f 9150 9151 9152
f 9153 9154 9155
f 9156 9157 9158
f 9159 9160 9161
f 9162 9163 9164
f 9165 9166 9167
f 9168 9169 9170
f 9168 9170 9171
f 9172 9173 9174
f 9175 9176 9177
f 9178 9179 9180
f 9181 9182 9183
f 9184 9185 9186
f 9187 9188 9189
f 9190 9191 9192
f 9193 9194 9195
f 9196 9197 9198
f 9199 9200 9201
f 9202 9203 9204
f 9205 9206 9207
f 9208 9209 9210
f 9211 9212 9213
f 9214 9215 9216
f 9217 9218 9219
f 9220 9221 9222
f 9223 9224 9225
f 9226 9227 9228
f 9229 9230 9231
f 9232 9233 9234
f 9235 9236 9237
f 9238 9239 9240
f 9241 9242 9243
f 9244 9245 9246
f 9247 9248 9249
f 9250 9251 9252
f 9253 9254 9255
f 9256 9257 9258
f 9259 9260 9261
f 9262 9263 9264
f 9265 9266 9267
f 9268 9269 9270
f 9271 9272 9273
f 9274 9275 9276
f 9277 9278 9279
f 9280 9281 9282
f 9283 9284 9285
f 9286 9287 9288
f 9289 9290 9291
f 9292 9293 9294
f 9295 9296 9297
f 9298 9299 9300
f 9301 9302 9303
f 9304 9305 9306
f 9307 9308 9309
f 9310 9311 9312
f 9313 9314 9315
f 9316 9317 9318
f 9319 9320 9321
f 9322 9323 9324
f 9325 9326 9327
f 9328 9329 9330
f 9331 9332 9333
f 9334 9335 9336
f 9337 9338 9339
f 9340 9341 9342
f 9343 9344 9345
f 9346 9347 9348
f 9349 9350 9351
f 9352 9353 9354
f 9355 9356 9357
f 9358 9359 9360
f 9361 9362 9363
f 9364 9365 9366
f 9367 9368 9369
f 9370 9371 9372
f 9373 9374 9375
f 9376 9377 9378
f 9379 9380 9381
f 9382 9383 9384
f 9385 9386 9387
f 9388 9389 9390
f 9391 9392 9393
f 9394 9395 9396
f 9397 9398 9399
f 9400 9401 9402
f 9403 9404 9405
f 9406 9407 9408
f 9409 9410 9411
f 9412 9413 9414
f 9415 9416 9417
f 9418 9419 9420
f 9421 9422 9423
f 9424 9425 9426
f 9427 9428 9429
f 9430 9431 9432
f 9433 9434 9435
f 9436 9437 9438
f 9439 9440 9441
f 9442 9443 9444
f 9445 9446 9447
f 9448 9449 9450
f 9451 9452 9453
f 9454 9455 9456
f 9457 9458 9459
f 9460 9461 9462
f 9463 9464 9465
f 9466 9467 9468
f 9469 9470 9471
f 9472 9473 9474
f 9475 9460 9462
f 9476 9477 9478
f 9479 9480 9481
f 9482 9483 9484
f 9485 9486 9487
f 9484 9488 9482
f 9489 9490 9491
f 9492 9493 9494
f 9495 9496 9497
f 9498 9499 9500
f 9501 9502 9503
f 9504 9505 9506
f 9507 9508 9509
f 9510 9511 9512
f 9513 9514 9515
f 9516 9517 9518
f 9519 9520 9521
f 9522 9523 9524
f 9525 9526 9527
f 9528 9529 9530
f 9531 9532 9533
f 9534 9535 9536
f 9537 9538 9539
f 9540 9541 9542
f 9543 9544 9545
f 9546 9547 9548
f 9549 9550 9551
f 9552 9553 9554
f 9555 9556 9557
f 9558 9559 9560
f 9561 9562 9563
f 9564 9565 9566
f 9563 9567 9568
f 9569 9570 9571
f 9572 9573 9574
f 9575 9576 9577
f 9578 9579 9580
f 9581 9582 9583
f 9584 9585 9586
f 9587 9588 9589
f 9590 9591 9592
f 9593 9594 9595
f 9596 9597 9598
f 9599 9600 9601
f 9602 9603 9604
f 9605 9606 9607
f 9608 9609 9610
f 9611 9612 9613
f 9614 9615 9616
f 9617 9618 9619
f 9620 9621 9622
f 9623 9624 9625
f 9626 9627 9628
f 9629 9630 9631
f 9632 9633 9634
f 9635 9636 9637
f 9638 9639 9640
f 9641 9642 9643
f 9644 9645 9646
f 9647 9648 9649
f 9650 9651 9652
f 9651 9653 9652
f 9654 9655 9656
f 9657 9658 9659
f 9660 9661 9662
f 9663 9664 9665
f 9666 9667 9668
f 9669 9670 9671
f 9672 9673 9674
f 9675 9676 9677
f 9678 9679 9680
f 9681 9682 9683
f 9684 9685 9686
f 9686 9685 9687
f 9688 9689 9690
f 9691 9692 9693
f 9694 9695 9696
f 9697 9698 9699
f 9699 9698 9700
f 9701 9702 9703
f 9703 9702 9704
f 9705 9706 9707
f 9705 9707 9708
f 9709 9710 9711
f 9711 9710 9712
f 9713 9714 9715
f 9715 9714 9716
f 9717 9718 9719
f 9719 9718 9720
f 9721 9722 9723
f 9724 9725 9726
f 9727 9728 9729
f 9727 9729 9730
f 9731 9732 9733
f 9733 9732 9734
f 9735 9736 9737
f 9735 9737 9738
f 9739 9740 9741
f 9739 9741 9742
f 9743 9744 9745
f 9745 9744 9746
f 9747 9748 9749
f 9749 9748 9750
f 9751 9752 9753
f 9753 9752 9754
f 9755 9756 9757
f 9757 9756 9758
f 9759 9760 9761
f 9761 9760 9762
f 9763 9764 9765
f 9763 9765 9766
f 9767 9768 9769
f 9769 9768 9770
f 9771 9772 9773
f 9773 9772 9774
f 9775 9776 9777
f 9777 9776 9778
f 9779 9780 9781
f 9779 9781 9782
f 9783 9784 9785
f 9785 9784 9786
f 9787 9788 9789
f 9789 9788 9790
f 9791 9792 9793
f 9793 9792 9794
f 9795 9796 9797
f 9797 9796 9798
f 9799 9800 9801
f 9802 9803 9804
f 9805 9806 9807
f 9807 9806 9808
f 9809 9810 9811
f 9811 9810 9812
f 9813 9814 9815
f 9815 9814 9816
f 9817 9818 9819
f 9819 9818 9820
f 9821 9822 9823
f 9823 9822 9824
f 9825 9826 9827
f 9827 9826 9828
f 9829 9830 9831
f 9831 9830 9832
f 9833 9834 9835
f 9835 9834 9836
f 9837 9838 9839
f 9839 9838 9840
f 9841 9842 9843
f 9843 9842 9844
f 9845 9846 9847
f 9847 9846 9848
f 9849 9850 9851
f 9852 9853 9854
f 9855 9856 9857
f 9858 9859 9860
f 9861 9862 9863
f 9863 9862 9864
f 9865 9866 9867
f 9867 9866 9868
f 9869 9870 9871
f 9871 9870 9872
f 9873 9874 9875
f 9875 9874 9876
f 9877 9878 9879
f 9879 9878 9880
f 9881 9882 9883
f 9883 9882 9884
f 9885 9886 9887
f 9885 9887 9888
f 9889 9890 9891
f 9891 9890 9892
f 9893 9894 9895
f 9893 9895 9896
f 9897 9898 9899
f 9897 9899 9900
f 9901 9902 9903
f 9903 9902 9904
f 9905 9906 9907
f 9907 9906 9908
f 9909 9910 9911
f 9911 9910 9912
f 9913 9914 9915
f 9915 9914 9916
f 9917 9918 9919
f 9919 9918 9920
f 9921 9922 9923
f 9923 9922 9924
f 9925 9926 9927
f 9927 9926 9928
f 9929 9930 9931
f 9931 9930 9932
f 9933 9934 9935
f 9935 9934 9936
f 9937 9938 9939
f 9937 9939 9940
f 9941 9942 9943
f 9943 9942 9944
f 9945 9946 9947
f 9947 9946 9948
f 9949 9950 9951
f 9952 9953 9954
f 9955 9956 9957
f 9957 9956 9958
f 9959 9960 9961
f 9962 9963 9964
f 9965 9966 9967
f 9967 9966 9968
f 9969 9970 9971
f 9971 9970 9972
f 9973 9974 9975
f 9975 9974 9976
f 9977 9978 9979
f 9979 9978 9980
f 9981 9982 9983
f 9983 9982 9984
f 9985 9986 9987
f 9987 9986 9988
f 9989 9990 9991
f 9991 9990 9992
f 9993 9994 9995
f 9995 9994 9996
f 9997 9998 9999
f 9997 9999 10000
f 10001 10002 10003
f 10003 10002 10004
f 10005 10006 10007
f 10008 10009 10010
f 10011 10012 10013
f 10014 10015 10016
f 10017 10018 10019
f 10020 10021 10022
f 10023 10024 10025
f 10026 10027 10028
f 10029 10030 10031
f 10032 10033 10034
f 10035 10036 10037
f 10038 10039 10040
f 10041 10042 10043
f 10044 10045 10046
f 10047 10048 10049
f 10050 10051 10052
f 10053 10054 10055
f 10056 10057 10058
f 10056 10058 10059
f 10060 10061 10062
f 10063 10064 10065
f 10066 10067 10068
f 10069 10070 10071
f 10072 10073 10074
f 10075 10076 10077
f 10078 10079 10080
f 10081 10082 10083
f 10084 10085 10086
f 10087 10088 10089
f 10090 10091 10092
f 10093 10094 10095
f 10096 10097 10098
f 10099 10100 10101
f 10102 10103 10104
f 10105 10106 10107
f 10108 10109 10110
f 10111 10112 10113
f 10114 10115 10116
f 10117 10118 10119
f 10120 10121 10122
f 10123 10124 10125
f 10126 10127 10128
f 10129 10130 10131
f 10132 10133 10134
f 10135 10136 10137
f 10138 10139 10140
f 10141 10142 10143
f 10144 10145 10146
f 10147 10148 10149
f 10150 10151 10152
f 10153 10154 10155
f 10156 10157 10158
f 10159 10160 10161
f 10162 10163 10164
f 10165 10166 10167
f 10168 10169 10170
f 10171 10172 10173
f 10174 10175 10176
f 10177 10178 10179
f 10180 10181 10182
f 10183 10184 10185
f 10186 10187 10188
f 10189 10190 10191
f 10192 10193 10194
f 10195 10196 10197
f 10198 10199 10200
f 10201 10202 10203
f 10204 10205 10206
f 10207 10208 10209
f 10210 10211 10212
f 10213 10214 10215
f 10216 10217 10218
f 10219 10220 10221
f 10222 10223 10224
f 10225 10226 10227
f 10228 10229 10230
f 10231 10232 10233
f 10234 10235 10236
f 10237 10238 10239
f 10240 10241 10242
f 10243 10244 10245
f 10246 10247 10248
f 10249 10250 10251
f 10252 10253 10254
f 10255 10256 10257
f 10258 10259 10260
f 10261 10262 10263
f 10264 10265 10266
f 10267 10268 10269
f 10270 10271 10272
f 10273 10274 10275
f 10276 10277 10278
f 10279 10280 10281
f 10282 10283 10284
f 10285 10286 10287
f 10288 10289 10290
f 10291 10292 10293
f 10294 10295 10296
f 10297 10298 10299
f 10300 10301 10302
f 10303 10304 10305
f 10306 10307 10308
f 10309 10310 10311
f 10312 10313 10314
f 10315 10316 10317
f 10318 10309 10311
f 10319 10320 10321
f 10322 10323 10324
f 10325 10326 10327
f 10328 10329 10330
f 10331 10332 10333
f 10334 10335 10336
f 10337 10338 10339
f 10340 10325 10327
f 10341 10342 10343
f 10344 10345 10346
f 10347 10348 10349
f 10350 10351 10352
f 10353 10354 10355
f 10356 10357 10358
f 10359 10360 10361
f 10362 10363 10364
f 10365 10366 10367
f 10368 10369 10370
f 10368 10370 10371
f 10372 10373 10374
f 10375 10376 10377
f 10378 10379 10380
f 10378 10380 10381
f 10382 10383 10384
f 10385 10386 10387
f 10388 10389 10390
f 10391 10392 10393
f 10394 10395 10396
f 10397 10398 10399
f 10400 10401 10402
f 10403 10404 10405
f 10406 10407 10408
f 10409 10410 10411
f 10412 10413 10414
f 10415 10416 10417
f 10418 10419 10420
f 10421 10422 10423
f 10424 10425 10426
f 10427 10428 10429
f 10426 10430 10431
f 10432 10433 10434
f 10435 10436 10437
f 10438 10439 10440
f 10441 10442 10443
f 10444 10445 10446
f 10447 10448 10449
f 10450 10451 10452
f 10453 10454 10455
f 10456 10457 10458
f 10459 10460 10461
f 10462 10463 10464
f 10465 10466 10467
f 10468 10469 10470
f 10471 10472 10473
f 10474 10475 10476
f 10477 10478 10479
f 10480 10481 10482
f 10483 10484 10485
f 10486 10487 10488
f 10489 10490 10491
f 10492 10493 10494
f 10495 10496 10497
f 10498 10499 10500
f 10501 10502 10503
f 10504 10505 10506
f 10507 10508 10509
f 10510 10511 10512
f 10513 10514 10515
f 10516 10517 10518
f 10519 10520 10521
f 10522 10523 10524
f 10525 10526 10527
f 10528 10529 10530
f 10531 10532 10533
f 10534 10535 10536
f 10537 10538 10539
f 10540 10541 10542
f 10543 10544 10545
f 10546 10547 10548
f 10549 10550 10551
f 10549 10551 10552
f 10553 10554 10555
f 10556 10557 10558
f 10559 10560 10561
f 10562 10563 10564
f 10565 10566 10567
f 10568 10569 10570
f 10571 10572 10573
f 10574 10575 10576
f 10577 10578 10579
f 10580 10581 10582
f 10583 10584 10585
f 10586 10587 10588
f 10589 10590 10591
f 10592 10593 10594
f 10595 10596 10597
f 10598 10599 10600
f 10601 10602 10603
f 10604 10605 10606
f 10607 10608 10609
f 10610 10611 10612
f 10613 10614 10615
f 10616 10617 10618
f 10619 10620 10621
f 10622 10623 10624
f 10625 10626 10627
f 10628 10629 10630
f 10631 10632 10633
f 10634 10635 10636
f 10637 10638 10639
f 10640 10641 10642
f 10643 10644 10645
f 10646 10647 10648
f 10649 10650 10651
f 10652 10653 10654
f 10655 10656 10657
f 10658 10659 10660
f 10661 10662 10663
f 10664 10665 10666
f 10667 10668 10669
f 10670 10671 10672
f 10673 10674 10675
f 10676 10677 10678
f 10679 10680 10681
f 10682 10683 10684
f 10685 10686 10687
f 10688 10689 10690
f 10691 10692 10693
f 10694 10695 10696
f 10697 10698 10699
f 10700 10701 10702
f 10703 10704 10705
f 10706 10707 10708
f 10709 10710 10711
f 10712 10713 10714
f 10715 10716 10717
f 10718 10719 10720
f 10721 10722 10723
f 10724 10725 10726
f 10727 10728 10729
f 10730 10731 10732
f 10733 10734 10735
f 10736 10737 10738
f 10739 10740 10741
f 10742 10743 10744
f 10745 10746 10747
f 10748 10749 10750
f 10751 10752 10753
f 10754 10755 10756
f 10757 10758 10759
f 10760 10761 10762
f 10763 10764 10765
f 10766 10767 10768
f 10769 10770 10771
f 10772 10773 10774
f 10775 10776 10777
f 10778 10779 10780
f 10781 10782 10783
f 10784 10785 10786
f 10787 10788 10789
f 10790 10791 10792
f 10793 10794 10795
f 10796 10797 10798
f 10799 10800 10801
f 10802 10803 10804
f 10805 10806 10807
f 10808 10809 10810
f 10811 10812 10813
f 10814 10815 10816
f 10817 10818 10819
f 10820 10821 10822
f 10823 10824 10825
f 10826 10827 10828
f 10829 10830 10831
f 10832 10833 10834
f 10835 10836 10837
f 10838 10839 10840
f 10841 10842 10843
f 10844 10845 10846
f 10847 10848 10849
f 10850 10851 10852
f 10853 10854 10855
f 10856 10857 10858
f 10859 10860 10861
f 10862 10863 10864
f 10865 10866 10867
f 10868 10869 10870
f 10871 10872 10873
f 10874 10875 10876
f 10877 10878 10879
f 10880 10881 10882
f 10883 10884 10885
f 10886 10887 10888
f 10889 10890 10891
f 10892 10893 10894
f 10895 10896 10897
f 10898 10899 10900
f 10901 10902 10903
f 10904 10905 10906
f 10907 10908 10909
f 10910 10911 10912
f 10913 10914 10915
f 10916 10917 10918
f 10919 10920 10921
f 10922 10923 10924
f 10925 10926 10927
f 10928 10929 10930
f 10931 10916 10918
f 10932 10933 10934
f 10935 10936 10937
f 10938 10939 10940
f 10941 10942 10943
f 10944 10945 10946
f 10947 10948 10949
f 10950 10951 10952
f 10953 10954 10955
f 10956 10957 10958
f 10959 10960 10961
f 10962 10963 10964
f 10965 10966 10967
f 10968 10969 10970
f 10971 10972 10973
f 10974 10975 10976
f 10977 10978 10979
f 10980 10981 10982
f 10983 10984 10985
f 10986 10987 10988
f 10989 10990 10991
f 10992 10993 10994
f 10995 10996 10997
f 10998 10999 11000
f 11001 11002 11003
f 11004 11005 11006
f 11007 11008 11009
f 11010 11011 11012
f 11013 11014 11015
f 11016 11017 11018
f 11019 11020 11021
f 11022 11023 11024
f 11025 11026 11027
f 11028 11029 11030
f 11031 11032 11033
f 11034 11035 11036
f 11037 11038 11039
f 11040 11041 11042
f 11043 11044 11045
f 11046 11047 11048
f 11049 11050 11051
f 11052 11053 11054
f 11055 11056 11057
f 11058 11059 11060
f 11061 11062 11063
f 11064 11065 11066
f 11067 11068 11069
f 11070 11071 11072
f 11073 11074 11075
f 11076 11077 11078
f 11079 11080 11081
f 11082 11083 11084
f 11085 11086 11087
f 11088 11089 11090
f 11091 11092 11093
f 11094 11095 11096
f 11097 11098 11099
f 11100 11101 11102
f 11103 11104 11105
f 11106 11107 11108
f 11109 11110 11111
f 11112 11113 11114
f 11115 11116 11117
f 11118 11119 11120
f 11121 11122 11123
f 11124 11125 11126
f 11127 11128 11129
f 11130 11131 11132
f 11133 11134 11135
f 11136 11137 11138
f 11139 11140 11141
f 11142 11143 11144
f 11145 11146 11147
f 11148 11149 11150
f 11151 11152 11153
f 11154 11155 11156
f 11157 11158 11159
f 11160 11161 11162
f 11163 11164 11165
f 11166 11167 11168
f 11169 11170 11171
f 11172 11173 11174
f 11175 11176 11177
f 11178 11179 11180
f 11181 11182 11183
f 11184 11185 11186
f 11187 11188 11189
f 11190 11191 11192
f 11193 11194 11195
f 11196 11197 11198
f 11199 11200 11201
f 11202 11203 11204
f 11205 11206 11207
f 11208 11209 11210
f 11211 11212 11213
f 11214 11215 11216
f 11217 11218 11219
f 11220 11221 11222
f 11223 11224 11225
f 11226 11227 11228
f 11229 11230 11231
f 11232 11233 11234
f 11235 11236 11237
f 11238 11239 11240
f 11241 11242 11243
f 11244 11245 11246
f 11247 11248 11249
f 11250 11251 11252
f 11253 11254 11255
f 11256 11257 11258
f 11259 11260 11261
f 11262 10807 10806
f 11263 11264 11265
f 11266 11267 11268
f 11269 11270 11271
f 11272 11273 11274
f 11275 11276 11277
f 11278 11279 11280
f 11281 11282 11283
f 11284 11285 11286
f 11287 11288 11289
f 11290 11291 11292
f 11293 11294 11295
f 11296 11297 11298
f 11299 11300 11301
f 11302 11303 11304
f 11305 11306 11307
f 11308 11309 11310
f 11311 11312 11313
f 11314 11315 11316
f 11317 11318 11319
f 11320 11321 11322
f 11323 11324 11325
f 11326 11327 11328
f 11329 11330 11331
f 11332 10855 10854
f 11333 11334 11335
f 11336 11337 11338
f 11339 11340 11341
f 11342 11343 11344
f 11345 11346 11347
f 11348 11349 11350
f 11351 11352 11353
f 11354 11355 11356
f 11357 11358 11359
f 11360 11361 11362
f 11363 11364 11365
f 11366 11367 11368
f 11369 11370 11371
f 11372 11373 11374
f 11375 11376 11377
f 11378 11379 11380
f 11381 11382 11383
f 11384 11385 11386
f 11387 11388 11389
f 11390 11391 11392
f 11393 11394 11395
f 11396 11397 11398
f 11399 11400 11401
f 11402 11403 11404
f 11405 11406 11407
f 11408 11409 11410
f 11411 11412 11413
f 11414 11415 11416
f 11417 11418 11419
f 11420 11421 11422
f 11419 11423 11417
f 11424 11425 11426
f 11427 11428 11429
f 11430 11431 11432
f 11433 11434 11435
f 11436 11437 11438
f 11439 11440 11441
f 11442 11443 11444
f 11445 11446 11447
f 11448 11449 11450
f 11451 11452 11453
f 11454 11455 11456
f 11457 11458 11459
f 11460 11461 11462
f 11463 11464 11465
f 11466 11467 11468
f 11469 11470 11471
f 11472 11473 11474
f 11475 11476 11477
f 11478 11479 11480
f 11481 11482 11483
f 11484 11485 11486
f 11487 11488 11489
f 11490 11491 11492
f 11493 11494 11495
f 11496 11497 11498
f 11499 11500 11501
f 11502 11503 11504
f 11505 11506 11507
f 11508 11509 11510
f 11511 11512 11513
f 11514 11515 11516
f 11517 11518 11519
f 11520 11521 11522
f 11523 11524 11525
f 11526 11527 11528
f 11529 11530 11531
f 11532 11533 11534
f 11535 11536 11537
f 11538 11539 11540
f 11541 11542 11543
f 11544 11545 11546
f 11547 11548 11549
f 11550 11551 11552
f 11553 11554 11555
f 11556 11557 11558
f 11559 11560 11561
f 11562 11563 11564
f 11565 11566 11567
f 11568 11569 11570
f 11571 11572 11573
f 11574 11575 11576
f 11577 11578 11579
f 11580 11581 11582
f 11583 11584 11585
f 11586 11587 11588
f 11589 11590 11591
f 11592 11593 11594
f 11595 11596 11597
f 11036 11598 11034
f 11599 11600 11601
f 11602 11603 11604
f 11605 11606 11607
f 11608 11609 11610
f 11611 11612 11613
f 11072 11614 11070
f 11615 11616 11617
f 11618 11619 11620
f 11621 11622 11623
f 11624 11625 11626
f 11627 11628 11629
f 11630 11631 11632
f 11633 11634 11635
f 11636 11637 11638
f 11639 11640 11641
f 11102 11642 11100
f 11643 11644 11645
f 11646 11647 11648
f 11649 11650 11651
f 11652 11653 11654
f 11655 11656 11657
f 11658 11659 11660
f 11661 11662 11663
f 11664 11665 11666
f 11667 11668 11669
f 11670 11671 11672
f 11673 11674 11675
f 11676 11677 11678
f 11679 11680 11681
f 11682 11683 11684
f 11685 11686 11687
f 11688 11689 11690
f 11691 11692 11693
f 11694 11695 11696
f 11697 11698 11699
f 11700 11701 11702
f 11703 11704 11705
f 11706 11707 11708
f 11709 11710 11711
f 11712 11713 11714
f 11715 11716 11717
f 11718 11719 11720
f 11721 11722 11723
f 11724 11725 11726
f 11727 11728 11729
f 11730 11731 11732
f 11733 11734 11735
f 11736 11737 11738
f 11739 11740 11741
f 11742 11743 11744
f 11745 11746 11747
f 11748 11749 11750
f 11751 11752 11753
f 11754 11755 11756
f 11757 11758 11759
f 11760 11761 11762
f 11763 11764 11765
f 11766 11767 11768
f 11769 11770 11771
f 11772 11773 11774
f 11775 11776 11777
f 11778 11779 11780
f 11781 11782 11783
f 11784 11785 11786
f 11787 11788 11789
f 11790 11791 11792
f 11793 11794 11795
f 11795 11794 11796
f 11797 11798 11799
f 11800 11801 11802
f 11803 11804 11805
f 11806 11807 11808
f 11809 11810 11811
f 11812 11813 11814
f 11815 11816 11817
f 11818 11819 11820
f 11821 11822 11823
f 11824 11825 11826
f 11827 11828 11829
f 11830 11831 11832
f 11833 11834 11835
f 11835 11834 11836
f 11837 11838 11839
f 11840 11841 11842
f 11843 11844 11845
f 11846 11847 11848
f 11849 11850 11851
f 11852 11853 11854
f 11855 11856 11857
f 11858 11859 11860
f 11861 11862 11863
f 11864 11865 11866
f 11867 11868 11869
f 11870 11871 11872
f 11873 11874 11875
f 11876 11877 11878
f 11879 11880 11881
f 11882 11883 11884
f 11885 11886 11887
f 11888 11889 11890
f 11891 11892 11893
f 11894 11895 11896
f 11897 11898 11899
f 11900 11901 11902
f 11903 11904 11905
f 11906 11907 11908
f 11909 11910 11911
f 11912 11913 11914
f 11915 11916 11917
f 11918 11919 11920
f 11921 11922 11923
f 11924 11925 11926
f 11927 11928 11929
f 11930 11931 11932
f 11933 11934 11935
f 11936 11937 11938
f 11939 11940 11941
f 11941 11940 11942
f 11943 11944 11945
f 11946 11947 11948
f 11949 11950 11951
f 11952 11953 11954
f 11955 11956 11957
f 11958 11959 11960
f 11961 11962 11963
f 11964 11965 11966
f 11967 11968 11969
f 11970 11971 11972
f 11973 11974 11975
f 11975 11974 11976
f 11977 11978 11979
f 11980 11981 11982
f 11983 11984 11985
f 11986 11987 11988
f 11989 11990 11991
f 11992 11993 11994
f 11995 11996 11997
f 11998 11999 12000
f 12001 12002 12003
f 12004 12005 12006
f 12007 12008 12009
f 12010 12011 12012
f 12013 12014 12015
f 12016 12017 12018
f 12019 12020 12021
f 12022 12023 12024
f 12025 12026 12027
f 12028 12029 12030
f 12031 12032 12033
f 12034 12035 12036
f 12037 12038 12039
f 12039 12038 12040
f 12041 12042 12043
f 12044 12045 12046
f 12047 12048 12049
f 12050 12051 12052
f 12053 12054 12055
f 12056 12057 12058
f 12059 12060 12061
f 12061 12060 12062
f 12063 12064 12065
f 12066 12067 12068
f 12069 12070 12071
f 12072 12073 12074
f 12075 12076 12077
f 12078 12079 12080
f 12081 12082 12083
f 12084 12085 12086
f 12087 12088 12089
f 12090 12091 12092
f 12093 12094 12095
f 12095 12094 12096
f 12097 12098 12099
f 12100 12101 12102
f 12103 12104 12105
f 12106 12107 12108
f 12109 12110 12111
f 12111 12110 12112
f 12113 12114 12115
f 12116 12117 12118
f 12119 12120 12121
f 12122 12123 12124
f 12125 12126 12127
f 12128 12129 12130
f 12131 12132 12133
f 12134 12135 12136
f 12137 12138 12139
f 12140 12141 12142
f 12143 12144 12145
f 12146 12147 12148
f 12149 12150 12151
f 12152 12153 12154
f 12155 12156 12157
f 12158 12159 12160
f 12161 12162 12163
f 12164 12165 12166
f 12167 12168 12169
f 12170 12171 12172
f 12173 12174 12175
f 12176 12177 12178
f 12179 12180 12181
f 12182 12183 12184
f 12185 12186 12187
f 12188 12189 12190
f 12191 12192 12193
f 12193 12192 12194
f 12195 12196 12197
f 12198 12199 12200
f 12201 12202 12203
f 12204 12205 12206
f 12207 12208 12209
f 12210 12211 12212
f 12213 12214 12215
f 12216 12217 12218
f 12219 12220 12221
f 12222 12223 12224
f 12225 12226 12227
f 12227 12226 12228
f 12229 12230 12231
f 12232 12233 12234
f 12235 12236 12237
f 12238 12239 12240
f 12241 12242 12243
f 12244 12245 12246
f 12247 12248 12249
f 12250 12251 12252
f 12253 12254 12255
f 12256 12257 12258
f 12259 12260 12261
f 12262 12263 12264
f 12265 12266 12267
f 12268 12269 12270
f 12271 12272 12273
f 12274 12275 12276
f 12277 12278 12279
f 12280 12281 12282
f 12283 12284 12285
f 12286 12287 12288
f 12289 12290 12291
f 12292 12293 12294
f 12295 12296 12297
f 12298 12299 12300
f 12301 12302 12303
f 12303 12302 12304
f 12305 12306 12307
f 12308 12309 12310
f 12311 12312 12313
f 12314 12315 12316
f 12317 12318 12319
f 12320 12321 12322
f 12323 12324 12325
f 12326 12327 12328
f 12329 12330 12331
f 12332 12333 12334
f 12335 12336 12337
f 12338 12339 12340
f 12341 12342 12343
f 12344 12345 12346
f 12347 12348 12349
f 12350 12351 12352
f 12353 12354 12355
f 12356 12357 12358
f 12359 12360 12361
f 12361 12360 12362
f 12363 12364 12365
f 12366 12367 12368
f 12369 12370 12371
f 12372 12373 12374
f 12375 12376 12377
f 12378 12379 12380
f 12381 12382 12383
f 12384 12385 12386
f 12387 12388 12389
f 12389 12388 12390
f 12391 12392 12393
f 12394 12395 12396
f 12397 12398 12399
f 12400 12401 12402
f 12403 12404 12405
f 12405 12404 12406
f 12407 12408 12409
f 12410 12411 12412
f 12413 12414 12415
f 12416 12417 12418
f 12419 12420 12421
f 12422 12423 12424
f 12425 12426 12427
f 12427 12426 12428
f 12429 12430 12431
f 12432 12433 12434
f 12435 12436 12437
f 12438 12439 12440
f 12441 12442 12443
f 12444 12445 12446
f 12447 12448 12449
f 12450 12451 12452
f 12453 12454 12455
f 12456 12457 12458
f 12459 12460 12461
f 12462 12463 12464
f 12465 12466 12467
f 12467 12466 12468
f 12469 12470 12471
f 12472 12473 12474
f 12475 12476 12477
f 12477 12476 12478
f 12479 12480 12481
f 12482 12483 12484
f 12485 12486 12487
f 12488 12489 12490
f 12491 12492 12493
f 12493 12492 12494
f 12495 12496 12497
f 12498 12499 12500
f 12501 12502 12503
f 12504 12505 12506
f 12507 12508 12509
f 12510 12511 12512
f 12513 12514 12515
f 12516 12517 12518
f 12519 12520 12521
f 12522 12523 12524
f 12525 12526 12527
f 12528 12529 12530
f 12530 12529 12531
f 12532 12533 12534
f 12535 12536 12537
f 12538 12539 12540
f 12541 12542 12543
f 12544 12545 12546
f 12547 12548 12549
f 12550 12551 12552
f 12553 12554 12555
f 12556 12557 12558
f 12559 12560 12561
f 12562 12563 12564
f 12565 12566 12567
f 12568 12569 12570
f 12571 12572 12573
f 12574 12575 12576
f 12577 12578 12579
f 12580 12581 12582
f 12583 12584 12585
f 12586 12587 12588
f 12589 12590 12591
f 12592 12593 12594
f 12595 12596 12597
f 12598 12599 12600
f 12601 12602 12603
f 12604 12605 12606
f 12607 12608 12609
f 12610 12611 12612
f 12613 12614 12615
f 12616 12617 12618
f 12619 12620 12621
f 12622 12623 12624
f 12625 12626 12627
f 12628 12629 12630
f 12631 12632 12633
f 12634 12635 12636
f 12637 12638 12639
f 12640 12641 12642
f 12643 12644 12645
f 12646 12647 12648
f 12648 12647 12649
f 12650 12651 12652
f 12653 12654 12655
f 12656 12657 12658
f 12659 12660 12661
f 12662 12663 12664
f 12665 12666 12667
f 12668 12669 12670
f 12670 12669 12671
f 12672 12673 12674
f 12675 12676 12677
f 12678 12679 12680
f 12681 12682 12683
f 12684 12685 12686
f 12686 12685 12687
f 12688 12689 12690
f 12691 12692 12693
f 12694 12695 12696
f 12697 12698 12699
f 12700 12701 12702
f 12702 12701 12703
f 12704 12705 12706
f 12707 12708 12709
f 12710 12711 12712
f 12713 12714 12715
f 12716 12717 12718
f 12718 12717 12719
f 12720 12721 12722
f 12723 12724 12725
f 12726 12727 12728
f 12729 12730 12731
f 12732 12733 12734
f 12734 12733 12735
f 12736 12737 12738
f 12739 12740 12741
f 12742 12743 12744
f 12745 12746 12747
f 12748 12749 12750
f 12751 12752 12753
f 12754 12755 12756
f 12756 12755 12757
f 12758 12759 12760
f 12761 12762 12763
f 12764 12765 12766
f 12767 12768 12769
f 12770 12771 12772
f 12773 12774 12775
f 12776 12777 12778
f 12779 12780 12781
f 12782 12783 12784
f 12785 12786 12787
f 12788 12789 12790
f 12791 12792 12793
f 12794 12795 12796
f 12797 12798 12799
f 12800 12801 12802
f 12803 12804 12805
f 12805 12804 12806
f 12805 12806 12807
f 12808 12809 12810
f 12811 12812 12813
f 12814 12815 12816
f 12817 12818 12819
f 12820 12821 12822
f 12823 12824 12825
f 12826 12827 12828
f 12829 12830 12831
f 12832 12833 12834
f 12835 12836 12837
f 12837 12836 12838
f 12839 12840 12841
f 12842 12838 12843
f 12844 12845 12846
f 12847 12848 12849
f 12850 12851 12852
f 12853 12854 12855
f 12855 12854 12856
f 12855 12856 12857
f 12858 12859 12860
f 12861 12862 12863
f 12864 12865 12866
f 12867 12868 12869
f 12870 12871 12872
f 12873 12874 12875
f 12876 12877 12878
f 12879 12880 12881
f 12882 12883 12884
f 12885 12886 12887
f 12887 12886 12888
f 12889 12890 12891
f 12892 12893 12894
f 12895 12896 12897
f 12898 12899 12900
f 12900 12899 12901
f 12902 12903 12904
f 12905 12906 12907
f 12908 12909 12910
f 12911 12912 12913
f 12914 12915 12916
f 12917 12918 12919
f 12920 12921 12922
f 12923 12924 12925
f 12926 12927 12928
f 12929 12930 12931
f 12932 12933 12934
f 12935 12936 12937
f 12937 12936 12938
f 12937 12938 12939
f 12940 12941 12942
f 12943 12944 12945
f 12946 12947 12948
f 12949 12950 12951
f 12952 12953 12954
f 12955 12956 12957
f 12955 12957 12958
f 12959 12960 12961
f 12962 12963 12964
f 12965 12966 12967
f 12968 12969 12970
f 12971 12972 12973
f 12974 12975 12976
f 12977 12978 12979
f 12980 12981 12982
f 12983 12984 12985
f 12986 12987 12988
f 12988 12987 12989
f 12988 12989 12990
f 12991 12992 12993
f 12994 12995 12996
f 12997 12998 12999
f 13000 13001 13002
f 13003 13004 13005
f 13006 13007 13008
f 13009 13010 13011
f 13012 13013 13014
f 13015 13016 13017
f 13017 13016 13018
f 13017 13018 13019
f 13020 13021 13022
f 13023 13024 13025
f 13026 13027 13028
f 13029 13030 13031
f 13032 13033 13034
f 13035 13036 13037
f 13038 13039 13040
f 13041 13042 13043
f 13044 13045 13046
f 13047 13048 13049
f 13050 13051 13052
f 13053 13054 13055
f 13056 13057 13058
f 13059 13060 13061
f 13062 13063 13064
f 13065 13066 13067
f 13068 13069 13070
f 13070 13069 13071
f 13070 13071 13072
f 13073 13074 13075
f 13076 13077 13078
f 13079 13080 13081
f 13082 13083 13084
f 13085 13086 13087
f 13087 13086 13088
f 13087 13088 13089
f 13090 13091 13092
f 13093 13094 13095
f 13096 13097 13098
f 13099 13100 13101
f 13102 13103 13104
f 13105 13106 13107
f 13108 13109 13110
f 13111 13112 13113
f 13114 13115 13116
f 13117 13118 13119
f 13120 13121 13122
f 13120 13122 13123
f 13124 13125 13126
f 13124 13126 13127
f 13128 13129 13130
f 13128 13130 13131
f 13132 13133 13134
f 13132 13134 13135
f 13136 13137 13138
f 13136 13138 13139
f 13140 13141 13142
f 13140 13142 13143
f 13144 13145 13146
f 13144 13146 13147
f 13148 13149 13150
f 13148 13150 13151
f 13152 13153 13154
f 13152 13154 13155
f 13156 13157 13158
f 13156 13158 13159
f 13160 13161 13162
f 13160 13162 13163
f 13164 13165 13166
f 13164 13166 13167
f 13168 13169 13170
f 13168 13170 13171
f 13172 13173 13174
f 13172 13174 13175
f 13176 13177 13178
f 13176 13178 13179
f 13180 13181 13182
f 13180 13182 13183
f 13184 13185 13186
f 13184 13186 13187
f 13188 13189 13190
f 13188 13190 13191
f 13192 13193 13194
f 13192 13194 13195
f 13196 13197 13198
f 13196 13198 13199
f 13200 13201 13202
f 13200 13202 13203
f 13204 13205 13206
f 13204 13206 13207
f 13208 13209 13210
f 13208 13210 13211
f 13212 13213 13214
f 13212 13214 13215
f 13216 13217 13218
f 13216 13218 13219
f 13220 13221 13222
f 13220 13222 13223
f 13224 13225 13226
f 13224 13226 13227
f 13228 13229 13230
f 13228 13230 13231
f 13232 13233 13234
f 13232 13234 13235
f 13236 13237 13238
f 13236 13238 13239
f 13240 13241 13242
f 13240 13242 13243
f 13244 13245 13246
f 13244 13246 13247
f 13248 13249 13250
f 13248 13250 13251
f 13252 13253 13254
f 13252 13254 13255
f 13256 13257 13258
f 13256 13258 13259
f 13260 13261 13262
f 13260 13262 13263
f 13264 13265 13266
f 13264 13266 13267
f 13268 13269 13270
f 13268 13270 13271
f 13272 13273 13274
f 13272 13274 13275
f 13276 13277 13278
f 13276 13278 13279
f 13280 13281 13282
f 13280 13282 13283
f 13284 13285 13286
f 13284 13286 13287
f 13288 13289 13290
f 13288 13290 13291
f 13292 13293 13294
f 13292 13294 13295
f 13296 13297 13298
f 13296 13298 13299
f 13300 13301 13302
f 13300 13302 13303
f 13304 13305 13306
f 13304 13306 13307
f 13308 13309 13310
f 13308 13310 13311
f 13312 13313 13314
f 13312 13314 13315
f 13316 13317 13318
f 13316 13318 13319
f 13320 13321 13322
f 13320 13322 13323
f 13324 13325 13326
f 13324 13326 13327
f 13328 13329 13330
f 13328 13330 13331
f 13117 13332 13118
f 13333 13334 13335
f 13335 13334 13336
f 13335 13336 13337
f 13338 13339 13335
f 13335 13339 13340
f 13335 13340 13333
f 13341 13342 13335
f 13335 13342 13343
f 13335 13343 13338
f 13344 13345 13335
f 13335 13345 13346
f 13335 13346 13341
f 13347 13348 13335
f 13335 13348 13349
f 13335 13349 13344
f 13350 13351 13335
f 13335 13351 13352
f 13335 13352 13347
f 13353 13354 13335
f 13355 13356 13335
f 13335 13356 13357
f 13335 13357 13353
f 13358 13359 13335
f 13335 13359 13360
f 13335 13360 13355
f 13361 13362 13335
f 13335 13362 13363
f 13335 13363 13358
f 13364 13365 13335
f 13335 13365 13366
f 13335 13366 13361
f 13367 13368 13335
f 13335 13368 13369
f 13335 13369 13364
f 13370 13371 13335
f 13335 13371 13372
f 13335 13372 13367
f 13373 13374 13335
f 13335 13374 13375
f 13335 13375 13370
f 13376 13377 13335
f 13335 13377 13378
f 13335 13378 13373
f 13379 13380 13335
f 13335 13380 13381
f 13335 13381 13376
f 13382 13383 13335
f 13335 13383 13384
f 13335 13384 13379
f 13337 13385 13335
f 13335 13385 13386
f 13335 13386 13382

